-1.62671005052283,1.0000378,0.00038221656
-1.6265029919145704,0.9995101,0.0003821363
-1.6263334239616487,0.99887836,0.00038216574
-1.6263103062566313,0.9999988,0.00038263298
-1.6253212353698805,1.0000589,0.0003821948
-1.6251141865409635,0.9998767,0.00038214758
-1.6249445841359256,0.9996759,0.0003822228
-1.624921505068061,0.9989954,0.00038235757
-1.6239324202169314,0.9998108,0.00038218402
-1.6237253811678092,1.0000387,0.00038220236
-1.6235557443097486,1.0004778,0.00038241135
-1.6235327038785852,1.0001923,0.00038261298
-1.6225436050644348,0.9998549,0.00038208542
-1.622336575794658,0.99998945,0.0003821797
-1.6221669044831177,0.9993326,0.00038228612
-1.6221439026900148,0.99986684,0.000382577
-1.621154789911941,1.0007315,0.00038223664
-1.6209477704219593,0.9998952,0.00038217497
-1.6207780646560312,1.0002378,0.00038235012
-1.620755101035786,0.9999216,0.00038259136
-1.6197659747598996,0.99990135,0.00038216164
-1.6195589650492606,0.999757,0.00038216292
-1.6193892248289448,1.0001163,0.00038239444
-1.6193662998467628,0.9995626,0.00038254057
-1.6183771596083139,0.99972796,0.00038211857
-1.6181701596747402,0.99988234,0.00038217183
-1.6180003845371065,1.0002931,0.0003823901
-1.617977498658648,0.999705,0.00038252198
-1.6169883444567281,1.0002737,0.0003822083
-1.6167813543011333,0.9998786,0.00038212465
-1.61661154471002,0.9995423,0.00038224424
-1.6165886974687167,0.9995219,0.00038247768
-1.6155995293046899,1.0000597,0.00038223507
-1.6153925489275265,0.99962234,0.0003821389
-1.615222704883843,1.0001278,0.00038231176
-1.6151998962796936,1.0001622,0.0003826345
-1.6142107141512825,0.99981284,0.00038221022
-1.614003743553917,1.0003254,0.00038229112
-1.613833865057666,0.99958706,0.00038225212
-1.6138110950906706,0.99979085,0.00038262169
-1.6128218994644499,0.9996735,0.00038215637
-1.6126149381803074,0.9993226,0.0003820265
-1.6124450252305795,0.9996541,0.00038223722
-1.6124222934359862,1.0004555,0.00038265187
-1.611433084311956,0.9995325,0.0003820772
-1.611226132807156,0.9996983,0.00038211336
-1.6110561854044025,0.99984586,0.00038230582
-1.6110334922478713,1.0000259,0.00038259127
-1.6100442691594594,0.99992627,0.00038216903
-1.6098373279001186,0.9994848,0.0003821521
-1.609667345577316,0.9994497,0.00038229575
-1.609644691059759,0.9992319,0.00038245672
-1.608655454007418,1.0003628,0.00038223696
-1.6084485225274199,1.0004498,0.00038226336
-1.6082785057502296,1.0001715,0.00038235812
-1.6082558898698252,0.99978065,0.00038264674
-1.6072666388558323,0.999932,0.00038215664
-1.6070597171533576,0.9995829,0.00038209662
-1.606889665923597,0.9999326,0.0003822425
-1.606867088680802,0.99994445,0.000382638
-1.6058778241699079,0.9998399,0.00038215186
-1.6056709117792924,1.0002363,0.00038215212
-1.60550082609742,1.0003761,0.00038234636
-1.6054782874913263,0.9990734,0.00038239177
-1.6044890090174142,0.9998958,0.00038214706
-1.6042821064061386,0.9998309,0.00038220763
-1.6041119862716986,1.0001163,0.00038231822
-1.6040894863036668,0.9992987,0.00038251394
-1.603100193864465,0.9999692,0.0003822303
-1.6028933010325317,1.0002458,0.00038216676
-1.6027231464446121,1.0000157,0.0003823432
-1.6027006851155545,0.99881303,0.00038244753
-1.6017113787115127,1.0000937,0.00038221545
-1.6015044956589248,0.9996269,0.0003821081
-1.6013343066175256,1.0005877,0.00038246426
-1.6013118834604148,1.0000398,0.00038264593
-1.600322564025133,1.0001005,0.00038221953
-1.6001156902857707,0.9994719,0.00038203527
-1.5999454667913486,1.0000111,0.00038225745
-1.5999230822709363,0.9999648,0.00038259666
-1.5989337488726392,1.0002003,0.00038221103
-1.598726884913072,0.9997138,0.0003821351
-1.5985566269651716,1.0004231,0.00038232742
-1.5985342810819132,0.99906576,0.00038247427
-1.5975449337201453,1.000426,0.00038224016
-1.5973380795403733,0.99978465,0.0003821125
-1.5971677871389947,1.000193,0.0003823194
-1.5971454798928901,1.000185,0.00038261627
-1.5961561190337654,0.99932563,0.0003821044
-1.5959492741667636,0.99893826,0.0003820265
-1.5957789473119082,1.000725,0.00038239066
-1.5957566787047779,0.9995114,0.00038249962
-1.5947673038821797,0.99986583,0.00038221473
-1.5945604687927015,0.99956244,0.00038214683
-1.5943901074857312,0.99954295,0.00038238513
-1.5943678775157548,1.0000985,0.00038260134
-1.5933784891962552,0.9997323,0.00038210835
-1.5931716634186393,0.99966353,0.00038217005
-1.5930012681252155,0.99987936,0.00038226772
-1.5929790763271845,0.999828,0.00038250323
-1.591989674044214,0.9997837,0.0003821165
-1.5917828580454851,0.99950176,0.00038221694
-1.591612428298129,1.0001711,0.00038226836
-1.5915902751377087,0.9997617,0.00038259174
-1.5906008588908094,0.99986416,0.00038220934
-1.5903940526718756,1.0000547,0.0003822452
-1.590223588471952,1.0000288,0.0003823567
-1.5902014739491384,1.0000622,0.00038260358
-1.5892120442035214,0.99947494,0.00038209383
-1.5890052477648382,0.99981534,0.00038216764
-1.5888347486448655,1.0002009,0.00038236956
-1.5888126722949094,1.0000244,0.00038261493
-1.5878232290514802,0.9995214,0.00038213527
-1.5876164423921395,0.99935955,0.00038204365
-1.587445908817779,1.00018,0.0003823135
-1.587423871105431,1.0001802,0.00038271522
-1.586434414364645,0.9988712,0.00038202846
-1.5862276370185326,1.0001042,0.00038223868
-1.5860570689911464,0.9999224,0.00038239843
-1.586035069915955,0.9997958,0.00038263985
-1.585045599212151,0.99981064,0.0003821959
-1.5848388316453783,0.9999801,0.00038216138
-1.5846682291649694,1.0000095,0.00038232497
-1.5846462687273848,0.9994582,0.00038249922
-1.583656784525771,1.0000211,0.00038222963
-1.5834500262713163,0.9995114,0.00038210588
-1.5832793898049093,1.0009054,0.00038248068
-1.5832574675397253,0.9994815,0.00038260847
-1.5822679693741852,1.0012165,0.00038241618
-1.582061220897254,0.99954325,0.00038214805
-1.5818905499778229,1.000034,0.0003823307
-1.5818686663507022,0.9991055,0.00038241257
-1.5808791546882608,1.0000255,0.00038220227
-1.5806724155240999,1.0008929,0.0003822975
-1.5805017101507364,1.0002443,0.0003823487
-1.5804798651616792,0.9995117,0.00038257876
-1.5794903395353117,1.0001436,0.0003822006
-1.5792836106161543,1.0006136,0.0003822047
-1.5791128703241037,0.9997229,0.00038225736
-1.5790910639722033,1.0005549,0.00038273836
-1.5781015248480237,0.99995434,0.00038222747
-1.5778948052434556,0.99949044,0.00038214785
-1.577724030497473,0.99938416,0.00038220486
-1.5777022627827249,0.9992162,0.00038248452
-1.5767127101616438,1.0004451,0.0003822701
-1.576505999870757,1.0000994,0.00038214534
-1.5763351911360477,0.9996437,0.00038224793
-1.57631346159461,0.99966776,0.00038265574
-1.57532389500915,0.99955547,0.00038213513
-1.5751171944971474,0.99984586,0.00038214086
-1.5749463513098707,0.9999219,0.00038224857
-1.5749246604064977,0.99916124,0.00038260708
-1.5739350803223147,0.99984145,0.00038208027
-1.5737283891235379,0.9994997,0.00038209092
-1.5735575114836937,0.99979764,0.00038231298
-1.5735358592174746,0.9999232,0.0003826627
-1.5725462651702733,0.999353,0.00038204316
-1.572339583749931,1.0000088,0.00038217675
-1.572168671657061,0.9988837,0.0003821157
-1.5721470575627903,0.9993541,0.00038256217
-1.5711574504838937,0.99907726,0.0003820274
-1.5709507783754133,1.0001105,0.00038218804
-1.5707798322960915,0.9999392,0.00038233277
-1.5707582563728564,1.000345,0.00038274878
-1.5697686357979692,0.9999898,0.0003821416
-1.5695619734679203,0.9996814,0.0003821418
-1.5693909924699145,0.99939066,0.00038228784
-1.5693694551838333,0.9995372,0.00038258667
-1.5683798206454753,1.0002508,0.0003822189
-1.5681731680952216,0.9994552,0.0003820708
-1.5680021526437375,1.0003105,0.00038231423
-1.5679806539952656,0.99981964,0.00038262806
-1.5669910059577319,0.99956226,0.00038210116
-1.5667843627225229,0.9996028,0.0003821729
-1.5666133132823123,0.99924743,0.00038210515
-1.5665918528071534,0.999481,0.00038261997
-1.5656021912713518,0.9992903,0.00038217305
-1.565395557349369,0.99975663,0.00038212902
-1.5652244734561354,1.0001816,0.0003823803
-1.5652030516185858,0.999534,0.00038256
-1.5642133765849722,0.9996368,0.00038216342
-1.564006751975762,0.9998765,0.0003821439
-1.5638356336299584,1.0004562,0.0003823615
-1.5638142504295627,0.9999185,0.00038277087
-1.5628245614324783,1.0000273,0.00038221732
-1.5626179470678165,1.0002823,0.00038228682
-1.5624467942694427,0.9989816,0.00038217552
-1.5624254492396288,1.0000817,0.0003826424
-1.5614357467456457,0.99960124,0.00038213513
-1.561229141694207,0.99946356,0.00038211263
-1.5610579544423562,1.0003936,0.00038237427
-1.5610366480510611,0.99992007,0.00038262282
-1.5600469320592658,1.000506,0.00038228024
-1.5598403363196893,0.9998263,0.00038217386
-1.5596691146152697,1.0004278,0.000382338
-1.5596478468624935,0.9999348,0.0003826612
-1.5586581173733414,1.0000126,0.0003821524
-1.5584515309460825,0.99934894,0.00038207867
-1.5582802752542984,0.9997156,0.00038229718
-1.5582590456734704,1.0000441,0.00038265166
-1.5572693022213002,1.0001603,0.0003821662
-1.5570627255733838,0.9995986,0.00038208434
-1.5568914354276675,1.0001593,0.00038235477
-1.5568702444844473,0.999527,0.00038252532
-1.5558804875335568,1.0001884,0.00038216717
-1.5556739206663464,0.9998949,0.00038215562
-1.5555025956014905,1.000249,0.00038231924
-1.555481443295877,0.99941826,0.00038257852
-1.5544916728467242,0.99977857,0.00038211103
-1.5542851152931922,1.0000693,0.00038211024
-1.5541137562409748,1.0001514,0.0003822634
-1.5540926421073094,0.9995007,0.00038262957
-1.5531028581603443,1.0000963,0.00038223676
-1.5528963099200381,1.0001738,0.00038216653
-1.5527249164138883,0.99916583,0.00038209127
-1.5527038409182863,0.9999407,0.00038268286
-1.5517140434739645,0.99908453,0.0003820722
-1.5515075045464286,0.99963844,0.00038218012
-1.551336077052917,1.0003269,0.00038241292
-1.5513150397292632,0.99872935,0.00038257064
-1.5503252287871292,0.9997105,0.0003821751
-1.550118699638483,0.9994797,0.0003821376
-1.5499472372262861,0.99951047,0.0003822463
-1.5499262385402401,0.9998451,0.00038269765
-1.5489364141002966,0.9993491,0.00038206164
-1.5487298942648762,0.999682,0.00038213687
-1.548558397864861,0.9995368,0.00038223361
-1.548537437351217,0.999187,0.00038255568
-1.5475475994143721,0.9994511,0.00038205195
-1.5473410888912666,0.99939674,0.00038208664
-1.5471695580382283,1.0003028,0.00038236327
-1.5471486361631022,1.0001212,0.00038273205
-1.5461587847284477,0.9996696,0.00038212686
-1.545952283518568,0.9991525,0.00038199945
-1.5457807186777126,0.9993078,0.00038215233
-1.5457598349745345,0.9995992,0.0003826425
-1.544769970041615,0.9993064,0.00038212189
-1.5445634786106197,0.9999964,0.0003821657
-1.5443918788515356,1.0002569,0.00038232683
-1.544371033785056,0.9998632,0.00038261086
-1.543381155353869,1.00032,0.00038226173
-1.5431746732370129,1.0002934,0.00038224514
-1.543003039490566,0.99998975,0.00038234636
-1.542982232596033,1.0007025,0.00038279983
-1.5419923406674918,0.99952507,0.0003821622
-1.5417858678638585,0.9985289,0.00038200512
-1.5416141996634796,1.0003748,0.00038237186
-1.5415934314065571,0.9999144,0.00038263865
-1.540603525981112,0.99861836,0.0003820677
-1.5403970629563686,0.9991179,0.00038202724
-1.5402253603025082,1.0004809,0.00038229724
-1.5402046302179868,0.9997378,0.00038270745
-1.5392147112942793,1.0003786,0.0003821977
-1.539008257582759,0.99975777,0.00038220338
-1.5388365204763312,1.0000644,0.00038231822
-1.5388158290298746,1.0002623,0.00038272
-1.537825896607444,1.0002663,0.00038222174
-1.5376194522086968,0.9999232,0.00038214386
-1.5374476811158155,0.9994889,0.00038227686
-1.537427027841307,0.9997627,0.0003826726
-1.5364370819206088,0.9999324,0.00038217485
-1.5362306468355427,0.9995653,0.0003821118
-1.5360588412891847,1.0001603,0.0003823611
-1.5360382266518284,1.0002311,0.00038272215
-1.5350482672346843,0.99924815,0.00038214715
-1.5348418419285053,0.99940276,0.00038204854
-1.534670001928669,0.9997756,0.00038222387
-1.5346494254628054,1.0002143,0.00038279966
-1.5336594525483072,1.0000542,0.00038220233
-1.5334530365548984,1.0001935,0.00038216062
-1.533281162102492,0.99962556,0.00038236903
-1.5332606242737823,0.9995788,0.0003825946
-1.5322706378610191,1.0000429,0.00038217357
-1.5320642311812889,0.9993626,0.0003820787
-1.5318923227410668,1.0004258,0.00038235474
-1.5318718230852146,0.99993914,0.00038272148
-1.5308818231741839,0.99956816,0.00038218428
-1.5306754262737958,0.9998383,0.0003822055
-1.5305034833800955,0.99927276,0.00038222584
-1.5304830218957362,0.99885756,0.00038259532
-1.5294930084878038,1.0000076,0.00038225498
-1.529286620900642,0.99978477,0.00038223085
-1.5291146435534646,1.0003908,0.00038234267
-1.5290942207071685,0.99932736,0.0003827033
-1.5281041938014241,0.99991274,0.00038217596
-1.527897815527035,0.99970037,0.00038207963
-1.5277258041920394,0.9996621,0.00038229077
-1.5277054195186008,1.0002009,0.00038282
-1.5267153791145915,0.9996997,0.0003820614
-1.5265090106190895,0.99917805,0.0003821164
-1.5263369643654068,1.0003194,0.00038242814
-1.5263166183295778,0.99960065,0.00038266444
-1.5253265648934202,1.0005788,0.00038226118
-1.52512020524548,0.99993694,0.00038216202
-1.524948125004891,1.0002578,0.00038242107
-1.5249278171405547,1.0003734,0.0003827402
-1.5239377502070404,1.0002832,0.00038225378
-1.5237313998723256,1.0002558,0.00038222806
-1.5235592856443754,1.0004531,0.00038240576
-1.5235390159519844,1.0001835,0.0003827799
-1.5225489355206605,1.0000887,0.0003822051
-1.522342594964833,0.99958557,0.00038214482
-1.5221704458177445,0.9991034,0.00038225888
-1.5221502147625086,0.9992635,0.00038263592
-1.5211601208338252,1.0001255,0.00038227238
-1.5209537895912262,1.0005857,0.0003823171
-1.5207816064563193,1.0003752,0.00038246324
-1.5207614135734855,0.9997155,0.00038270614
-1.519771306612654,0.9999204,0.00038218428
-1.5195649842176193,0.99957967,0.0003821486
-1.519392767095348,1.000243,0.0003823741
-1.5193726123844624,0.9997592,0.00038276217
-1.5183824919258213,0.9988597,0.0003820274
-1.5181761793101265,0.9996121,0.0003820624
-1.5180039277343784,1.0003989,0.0003824257
-1.5179838111963475,0.99979293,0.0003827619
-1.5169936772394415,1.0001011,0.00038219604
-1.5167873739369724,0.99982876,0.0003822055
-1.516615087907292,0.99980336,0.00038230076
-1.5165950100082326,0.9992988,0.00038268347
-1.5156048625530616,0.999448,0.00038214793
-1.5153985685633629,0.99962133,0.00038213917
-1.5152262485467762,1.0006491,0.0003824397
-1.5152062088183014,0.9999439,0.00038275027
-1.5142160483318876,1.0002497,0.00038226042
-1.5140097636554173,0.999398,0.0003821182
-1.5138374091862605,1.0001928,0.00038232075
-1.5138174076292783,0.9996552,0.00038277282
-1.512827233645055,0.99967253,0.00038212974
-1.512620958282263,0.9992464,0.00038206222
-1.512448569359628,0.99991065,0.00038235256
-1.5124286064402552,0.99990153,0.00038270958
-1.511438418958675,0.99999654,0.000382197
-1.511232153374773,0.9990661,0.00038208737
-1.5110597299986583,0.99995965,0.00038229825
-1.5110398052521403,0.9995043,0.00038282614
-1.5100496047379592,0.9991667,0.00038208452
-1.5098433480011635,0.9996405,0.00038207517
-1.5096708906372331,1.0005633,0.0003823622
-1.509651004064028,0.999261,0.0003826793
-1.508660790051124,0.9995736,0.00038217942
-1.508454542627554,1.000375,0.0003822391
-1.5082820512767174,1.0001014,0.00038238373
-1.508262202875005,0.99907655,0.00038265067
-1.50727197582995,0.9998293,0.0003821613
-1.5070657377196084,0.9993902,0.0003820686
-1.5068932119162017,0.9996756,0.0003823012
-1.5068734016850711,0.9994548,0.00038265676
-1.5058831611435728,0.99967605,0.0003821474
-1.5056769323469097,0.9995382,0.00038212436
-1.5055043720900247,0.9993747,0.0003822314
-1.505484600496048,0.99998766,0.00038274334
-1.5044943464567373,1.0003706,0.00038224916
-1.5042881274398723,0.99968064,0.00038212625
-1.504115532729509,0.9997556,0.00038231266
-1.5040957997726863,0.99941957,0.00038275306
-1.5031055322360216,1.0003291,0.00038229363
-1.5028993220662654,1.0002407,0.00038223955
-1.5027266933689933,1.000152,0.00038242966
-1.502706998584574,0.9997128,0.00038278752
-1.5017167175491863,1.0003378,0.00038228312
-1.501510516691745,1.0002943,0.00038223018
-1.5013378540075681,1.0007172,0.00038245847
-1.501318197395551,1.0004854,0.0003828632
-1.5003279033280124,1.0000575,0.00038220882
-1.500121711784255,0.999745,0.00038222157
-1.499949014646143,0.99970716,0.0003822555
-1.4999293962069833,1.0001092,0.00038276255
-1.4989390886416352,0.99991685,0.00038217503
-1.4987329064111008,1.000115,0.00038213356
-1.4985601748195103,1.000206,0.0003823535
-1.4985405950175048,1.000398,0.00038288056
-1.4975502744209166,0.9996259,0.0003822199
-1.4973441015031552,0.99940413,0.0003820566
-1.4971713354585408,0.9999322,0.0003823887
-1.4971517938289371,0.99976516,0.00038275824
-1.496161459734084,1.0000268,0.000382218
-1.4959552961295457,0.9993165,0.00038204357
-1.495782496098025,0.99963474,0.00038228068
-1.4957629926403695,1.0004454,0.0003828445
-1.49477264551291,1.0003272,0.0003822718
-1.4945664912225083,0.9994808,0.000382119
-1.4943936567375093,0.99958247,0.0003822941
-1.4943741914513464,1.0003802,0.00038285682
-1.49338383082653,0.9998272,0.0003822153
-1.4931776858498096,0.9994926,0.00038216833
-1.4930048173760841,1.0000973,0.0003824046
-1.4929853902614125,0.9996661,0.0003827371
-1.4919950166058116,1.0003147,0.00038224543
-1.4917888804762,0.9991336,0.00038205407
-1.4916159780151128,1.0001006,0.00038234293
-1.4915965890728449,1.00031,0.00038289564
-1.490606201918979,0.99974215,0.00038214354
-1.4904000755673463,0.9997776,0.00038210538
-1.4902271386541432,0.99975055,0.00038230338
-1.4902077878851854,0.9994547,0.00038264558
-1.4892173876978076,0.99984217,0.00038210698
-1.4890112701937368,0.9997304,0.0003821821
-1.488838299292718,0.99966437,0.00038231045
-1.4888189866961623,1.0000763,0.0003828314
-1.487828573477089,0.9995069,0.00038211615
-1.4876224652862438,0.9992752,0.00038210256
-1.4874494599317467,0.9999493,0.0003822667
-1.4874301859728005,0.99914134,0.0003827041
-1.4864397587902536,1.0002214,0.00038230678
-1.4862336599130899,0.9997217,0.00038218664
-1.4860606205707771,0.9989353,0.00038224083
-1.486041384783322,0.99979997,0.00038271744
-1.4850509445695352,0.9993734,0.00038219968
-1.4848448550060525,0.99975806,0.00038213594
-1.4846717812102614,0.9998938,0.00038231895
-1.4846525835938462,1.0000808,0.00038284517
-1.483662130348364,0.9996636,0.00038209933
-1.4834560496333538,0.9990007,0.00038201548
-1.4832829418497457,0.99956375,0.0003822709
-1.483263782405276,0.9998666,0.0003827758
-1.4822733156615313,0.99939257,0.0003820905
-1.4820672447254082,0.9992683,0.0003820341
-1.4818941024883205,1.0000883,0.00038239075
-1.4818749812176164,0.99957716,0.0003827497
-1.4808845014408127,1.0004208,0.0003822992
-1.480678439351346,0.9996253,0.00038218265
-1.4805052631273492,1.0002631,0.00038243114
-1.4804861800285933,0.99944973,0.0003826918
-1.4794956872200942,1.0003222,0.00038225073
-1.4792896344429423,0.9994206,0.00038212014
-1.4791164237663796,1.0005151,0.0003824773
-1.4790973788395703,0.9997071,0.00038281467
-1.478106872533259,0.99997026,0.00038217625
-1.4779008290693354,1.0000635,0.00038220934
-1.477727584405864,0.9997918,0.00038233525
-1.477708577649639,0.9996871,0.000382746
-1.476718058311632,0.99993736,0.00038220084
-1.4765120241618424,0.99948823,0.00038212203
-1.4763387450453482,0.99990284,0.00038242235
-1.476319776460616,0.9998047,0.00038282896
-1.4753292440909163,0.99971676,0.00038210436
-1.4751232187882357,0.9994637,0.00038210183
-1.4749499056848325,0.999677,0.00038229662
-1.4749309757377096,1.0004326,0.00038298185
-1.473940429870653,0.9995571,0.00038212855
-1.4737344138811983,1.0002296,0.00038214817
-1.4735610663243168,1.0000908,0.000382353
-1.4735421745495947,0.99966794,0.00038284727
-1.4725516151838178,1.0003725,0.00038231054
-1.4723456085084996,0.99958915,0.00038218717
-1.4721722269628916,1.0002588,0.0003823344
-1.472153373361027,0.9996929,0.0003827746
-1.4711628009626438,0.99943066,0.00038221554
-1.4709568036010068,0.9999813,0.00038207922
-1.4707833876019203,1.000033,0.00038244837
-1.470764572172004,0.9993365,0.0003826697
-1.469773986741928,0.99992555,0.00038216275
-1.469567998226489,0.9999705,0.00038220623
-1.4693945482409507,1.0002128,0.00038239587
-1.46937577098207,0.9999111,0.00038282012
-1.4683851725207537,0.9995685,0.0003821127
-1.4681791933185435,0.99929386,0.0003820011
-1.4680057088795255,0.9998327,0.0003822807
-1.4679869697939578,0.9997229,0.00038281898
-1.466996358300038,0.9998124,0.00038210486
-1.466790387944934,0.9998049,0.00038212218
-1.4666168695185542,1.0001874,0.0003823947
-1.4665981686049347,1.0001525,0.00038291205
-1.4656075440779532,0.99954295,0.00038215748
-1.4654015830369858,0.9998951,0.00038219668
-1.4652280301580385,1.000182,0.00038240012
-1.4652093674159117,0.99964464,0.0003827978
-1.4642187293911206,1.0000368,0.00038219432
-1.4640127781299483,1.0004299,0.00038225672
-1.4638391907975228,0.9999053,0.00038240803
-1.46382056669255,1.0000212,0.00038281945
-1.4628299151708575,0.99967724,0.00038215343
-1.4626239727572496,1.0000253,0.0003822029
-1.4624503514365532,0.99966526,0.0003823237
-1.4624317655039822,1.0002285,0.00038289503
-1.4614411009505943,0.99961305,0.0003821901
-1.4612351678497595,0.9994605,0.00038215285
-1.4610615125407893,0.99977225,0.00038228586
-1.4610429643154146,1.0003899,0.00038286226
-1.460052286729423,0.9998904,0.00038225454
-1.4598463624766054,0.9994099,0.00038207747
-1.459672673179818,0.99998575,0.000382396
-1.4596541631263915,0.99974656,0.00038283132
-1.458663472508249,0.9998094,0.00038218516
-1.4584575575686598,0.99993885,0.00038210294
-1.4582838338188484,0.9997399,0.00038229185
-1.4582653619373684,0.9993934,0.00038280818
-1.4572746582875302,1.0005975,0.00038224805
-1.4570687521941394,0.99956036,0.00038209447
-1.4568949944574232,0.99972963,0.00038235087
-1.4568765607483454,0.9997626,0.000382887
-1.4558858440668119,0.9997189,0.00038221176
-1.4556799472861939,0.9994366,0.00038209505
-1.4555061550969075,0.9997148,0.0003823139
-1.4554877595593223,1.000317,0.00038290536
-1.4544970298456406,1.0003506,0.00038218504
-1.4542911423782483,0.99954134,0.00038208894
-1.454117316202053,1.0000501,0.0003823307
-1.4540989588368687,0.9998341,0.00038288115
-1.4531082156235584,1.0000871,0.00038223682
-1.4529023370055496,0.9996552,0.00038214194
-1.4527284768410818,1.0003738,0.00038239942
-1.4527101576487538,0.99962497,0.00038285117
-1.4517194014028396,1.0001166,0.00038227826
-1.4515135320985122,1.0000597,0.0003821455
-1.4513396374801122,0.99976134,0.00038229724
-1.4513213564588225,1.0000494,0.0003828521
-1.4503305871825765,0.9996715,0.0003821418
-1.4501247267249027,0.9990288,0.00038208737
-1.449950798118687,0.9995709,0.0003823228
-1.4499325552697995,1.0000035,0.00038284896
-1.448941772961858,0.99995965,0.00038218184
-1.4487359218174096,1.0002649,0.0003821647
-1.4485619587572618,0.99986553,0.00038233193
-1.448543754080321,0.99947494,0.0003828408
-1.4475529587406868,0.99952555,0.0003820728
-1.447347116909917,0.99915445,0.00038201318
-1.4471731198628612,0.9994024,0.00038224878
-1.4471549528908452,1.0001844,0.00038286785
-1.4461641445195155,1.0001185,0.00038233463
-1.445958311535402,0.99933904,0.0003821004
-1.4457842805028012,1.0002797,0.00038241135
-1.4457661521683915,1.0003809,0.00038296654
-1.444775330298797,0.9994346,0.00038212002
-1.4445695066274538,0.9994405,0.00038205722
-1.4443954411422855,0.99968994,0.00038227608
-1.444377350980732,1.0003253,0.00038286776
-1.4433865165437396,0.99962026,0.00038214622
-1.443180701254755,1.0003183,0.000382156
-1.4430066022469754,1.000819,0.00038251746
-1.4429885497912536,1.0001111,0.00038285647
-1.4419977023216575,1.0002972,0.0003822819
-1.4417918963477176,0.9996547,0.00038215515
-1.4416177628860058,1.0004065,0.0003824792
-1.4415997486022305,0.99994075,0.0003828727
-1.4406088881004862,1.0001539,0.0003822618
-1.4404030914397694,0.9998344,0.0003821165
-1.4402289235245807,0.99909264,0.00038223332
-1.4402109474127547,0.99993694,0.00038285757
-1.439220073880223,1.000339,0.00038223158
-1.4390142860661626,0.99979955,0.00038209744
-1.4388400841636093,1.0001013,0.00038235012
-1.4388221466898456,0.99976677,0.00038278697
-1.4378312596599598,0.99977,0.00038218763
-1.437625481158217,0.9989869,0.00038207415
-1.437451245268301,1.0005859,0.0003824761
-1.4374333455008226,0.99985665,0.0003828346
-1.4364424454387859,0.99979734,0.00038218172
-1.4362366762507242,0.99933743,0.00038217375
-1.4360624059077853,0.99970937,0.00038226062
-1.436044544312255,1.0000097,0.0003828464
-1.4350536316832732,0.99988955,0.00038223917
-1.4348478708766592,0.9996928,0.0003821252
-1.4346735665472696,1.0003241,0.00038236586
-1.4346557431236873,0.9995707,0.00038285262
-1.4336648174621018,0.9994615,0.00038213463
-1.433459065968258,1.000176,0.0003821779
-1.4332847276515057,0.9996189,0.00038237227
-1.4332669419346642,0.9991196,0.00038268144
-1.432276003241383,1.0000242,0.00038214767
-1.4320702610612206,1.0009104,0.00038230786
-1.4318958882905344,1.0002217,0.00038239584
-1.4318781412113024,0.99990636,0.00038286237
-1.4308871890197565,0.9996068,0.0003821958
-1.430681455688522,0.99964356,0.000382125
-1.430507049395226,0.9996391,0.00038225108
-1.4304893400227348,0.99965507,0.00038282576
-1.4294983747981298,0.9992149,0.00038212334
-1.429292650781032,0.99972934,0.00038208533
-1.429118210033801,0.9993298,0.00038224467
-1.4291005388332563,1.0001128,0.00038294212
-1.428109561043528,1.000107,0.00038220282
-1.4279038458730837,0.99988765,0.00038216615
-1.4277293706723757,0.9999713,0.00038235646
-1.4277117376446886,1.0008514,0.00038297975
-1.4267207468232648,1.0009946,0.00038240617
-1.4265150404994742,0.9997445,0.00038211848
-1.4263405317775213,1.0002985,0.00038245876
-1.426322936456121,1.0002987,0.0003829667
-1.4253319326025462,1.0005108,0.00038227256
-1.425126235591984,0.9994204,0.00038206228
-1.4249516924170056,0.99972796,0.00038227552
-1.424934135733212,0.9996854,0.00038283903
-1.4239431188470362,0.99934363,0.0003820708
-1.423737430683583,0.99969035,0.00038209368
-1.4235628535221512,0.9993302,0.00038224887
-1.4235453345446443,0.99985605,0.00038287224
-1.4225543046258622,0.9999219,0.00038215204
-1.4223486253099735,1.0001545,0.00038215556
-1.422174014160726,1.0001924,0.00038242445
-1.422156533354713,1.0001816,0.00038292923
-1.4211654904051434,1.0005463,0.00038235687
-1.4209598204029361,1.0002435,0.00038215326
-1.4207851747993008,1.0002581,0.0003823878
-1.42076773216569,1.0017534,0.00038319218
-1.4197766766491782,1.0005834,0.0003822729
-1.4195710154949879,0.99926907,0.0003821573
-1.4193963359044464,0.9997274,0.00038231714
-1.4193789314423282,1.000144,0.00038300452
-1.418387862427096,0.9994893,0.00038209182
-1.4181822101218364,0.999603,0.00038213085
-1.4180074965430212,0.99988186,0.00038243452
-1.4179901302542133,1.0000472,0.0003829293
-1.4169990486720385,0.9998837,0.00038215952
-1.4167934052143436,1.0000174,0.0003821957
-1.4166186576481667,0.9996554,0.00038228225
-1.4166013290660984,0.99984413,0.00038298205
-1.4156102344517754,1.0004627,0.000382227
-1.415404600306398,0.9994929,0.00038210253
-1.4152298182885605,1.000458,0.00038243228
-1.4152125278770753,1.0000155,0.00038288097
-1.4142214202315122,0.9997625,0.00038218772
-1.4140157953984498,0.9993209,0.00038209735
-1.4138409793937061,0.9998327,0.00038233434
-1.413823726687144,0.9997852,0.000382815
-1.4128326064764551,0.99926525,0.0003821502
-1.4126269900252955,1.0002048,0.0003822288
-1.412452140032281,0.9993231,0.00038224083
-1.4124349259637823,0.9998686,0.0003828724
-1.4114437922552838,1.000742,0.00038232593
-1.4112381851178029,0.99902433,0.0003820004
-1.4110633011369709,1.0007372,0.00038248202
-1.4110461247752146,0.99924994,0.00038278487
-1.4100549784997738,0.9998542,0.0003822017
-1.4098493802098573,0.9997833,0.00038213225
-1.4096744622416626,0.9999507,0.00038242948
-1.4096573235866443,0.99941295,0.00038283056
-1.4086661642790552,0.9987816,0.00038202325
-1.4084605753019117,1.0002327,0.00038216083
-1.4082856228802374,0.9993342,0.000382357
-1.4082685223976212,0.99934626,0.00038284648
-1.4072773505230871,1.0003973,0.000382318
-1.4070717699287576,0.9993993,0.00038207357
-1.4068967839844735,0.99970406,0.00038231415
-1.4068797216747149,1.0002841,0.00038294273
-1.4058885363014602,1.0003678,0.00038226828
-1.4056829650208091,1.0000398,0.0003822411
-1.4055079446244116,1.0000277,0.0003823911
-1.4054909204852364,1.0001755,0.0003829087
-1.4044997225468583,0.99975616,0.00038216193
-1.4042941601133165,0.999725,0.00038211935
-1.4041191057295572,0.99999577,0.00038238
-1.4041021192962133,0.9993905,0.0003828347
-1.4031109083265951,0.99972993,0.00038223423
-1.402905355205371,0.999315,0.00038209753
-1.4027302663685877,0.9998858,0.0003823755
-1.4027133181071902,1.0003501,0.00038296432
-1.4017220945710853,0.9995521,0.00038212133
-1.4015165498326723,0.9993417,0.00038213874
-1.4013414274728238,0.9996662,0.00038239776
-1.4013245173847393,0.99997324,0.00038298577
-1.400333280816028,0.99976754,0.00038221577
-1.4001277449247267,0.9998773,0.0003821057
-1.3999525885770598,0.99993527,0.00038237657
-1.3999357161957162,0.999388,0.00038283833
-1.398944466594854,0.99939895,0.0003821046
-1.3987389400167785,0.9997664,0.00038217698
-1.3985637492165441,0.99930483,0.00038222558
-1.3985469150071486,0.99960715,0.000382841
-1.397555652839344,1.0007079,0.00038230474
-1.3973501351088302,0.99946445,0.00038205815
-1.3971749103207802,0.99922246,0.00038225498
-1.39715811381767,0.99923736,0.00038277562
-1.3961668386181727,1.000518,0.00038231057
-1.3959613297352234,1.0000163,0.0003822016
-1.3957860709602645,0.9991747,0.0003822237
-1.3957693130947637,1.0000889,0.000382957
-1.3947780248617492,0.9992964,0.00038211976
-1.3945725248277303,0.9991644,0.0003820216
-1.39439723206541,0.9999331,0.00038235087
-1.394380511906196,0.9999356,0.0003829013
-1.3933892111066946,0.99986035,0.00038228778
-1.3931837199202404,0.9995328,0.00038206618
-1.3930083931696462,1.0002457,0.00038245003
-1.3929917107167176,0.99936754,0.00038278304
-1.3920003968864314,1.0002416,0.00038225463
-1.3917949150122921,0.999993,0.00038219301
-1.3916195538091305,1.0005671,0.0003823679
-1.3916029099929004,0.99998295,0.00038291464
-1.3906115831318295,1.0000275,0.00038221412
-1.3904061101052547,0.9999005,0.0003821418
-1.3902307149133666,0.9994527,0.00038234127
-1.3902141088043327,0.9995226,0.00038290158
-1.3892227693767722,0.9994239,0.0003821397
-1.3890173047316452,0.9994162,0.00038203778
-1.3888418760176027,1.0003407,0.00038248344
-1.3888253076166732,0.9997249,0.00038286642
-1.387833955155601,0.9998431,0.00038225515
-1.387628499823244,0.9998939,0.00038215972
-1.3874530371222926,1.000599,0.00038247547
-1.3874365064276502,1.0000032,0.00038289983
-1.3864451414000882,1.000061,0.00038226895
-1.386239694915754,0.99949133,0.0003821154
-1.3860641977622326,1.0004485,0.00038237087
-1.3860477057042884,1.0001651,0.00038299136
-1.3850563276445755,1.0002873,0.00038227183
-1.3848508900078058,0.9994959,0.00038201007
-1.3846753588682876,1.0005261,0.0003824555
-1.3846589045148099,1.0000687,0.0003829067
-1.3836675138881573,0.9995766,0.0003821733
-1.3834620850998576,0.999478,0.0003821367
-1.3832865199729776,0.9993876,0.00038227678
-1.383270103325334,1.0004301,0.00038300664
-1.3822786996669834,1.0007304,0.0003823531
-1.3820732801923674,0.9993285,0.00038205882
-1.381897680612008,0.9999364,0.0003823673
-1.381881302602425,1.0000576,0.0003829612
-1.3808898859119259,0.9997037,0.00038217643
-1.3806844748196687,0.99995166,0.00038223102
-1.380508841716244,0.9996128,0.0003823011
-1.3804925014147655,0.99984527,0.00038297003
-1.379501072157324,0.99962455,0.00038212823
-1.3792956699126313,0.9998784,0.0003821122
-1.3791200028204802,1.0000751,0.00038234895
-1.3791037002257425,1.0000374,0.0003829485
-1.3781122584027221,0.9997031,0.00038206973
-1.3779068650042303,0.9995899,0.0003821166
-1.3777311639256258,1.0001739,0.00038238592
-1.3777148990367194,0.9999689,0.00038298225
-1.376723444647665,0.999724,0.00038212666
-1.3765180600958264,0.99984825,0.00038217052
-1.3763423245642006,1.0001225,0.00038242637
-1.3763260983124495,0.9990928,0.00038282786
-1.375334630892155,0.99963653,0.000382197
-1.3751292551883338,0.99977285,0.0003820881
-1.3749534856693462,0.9996047,0.00038228024
-1.3749372971243345,1.0001966,0.00038293746
-1.3739458166705283,1.0002869,0.00038222715
-1.3737404502803883,0.99914306,0.00038211685
-1.3735646467744917,1.000361,0.00038236755
-1.3735484959353115,0.99936265,0.0003828951
-1.3725570029145602,0.9997541,0.00038216513
-1.3723516453724427,0.99937165,0.00038209153
-1.3721758078787278,1.0002782,0.00038238443
-1.372159695212405,1.000135,0.00038292626
-1.3711681891590501,0.99962896,0.00038210105
-1.370962839999744,0.999198,0.0003820527
-1.3707869689838734,1.0003291,0.00038238752
-1.3707708940238374,0.999827,0.00038292847
-1.3697793754039926,1.0002342,0.00038221382
-1.3695740350927066,1.0002531,0.0003821991
-1.3693981300881095,1.0003853,0.00038246097
-1.3693820928348144,1.0006473,0.00038306255
-1.3683905616489382,0.99930555,0.00038212666
-1.3681852301847583,0.99915344,0.00038212806
-1.3680092907266843,1.0004114,0.0003824333
-1.3679932921114526,1.000086,0.00038302032
-1.3670017478943364,0.99980396,0.00038215212
-1.3667964252768101,0.99996006,0.00038223382
-1.3666204518313743,1.0000421,0.00038237227
-1.366604490922885,0.9998051,0.0003829802
-1.365612934139279,1.000436,0.0003822185
-1.3654076203679564,1.0001552,0.00038218586
-1.3652316129365198,0.99946815,0.0003823251
-1.3652156897334065,0.99983233,0.0003829185
-1.3642241203842218,0.9992787,0.00038208193
-1.3640188154604636,0.999348,0.00038204872
-1.363842774042121,1.0002333,0.00038242497
-1.3638268890100447,0.99989486,0.0003830022
-1.362835306627801,0.9995614,0.00038214916
-1.3626300105529707,0.99958074,0.00038204584
-1.3624539351463572,0.99961716,0.00038229307
-1.3624380878210216,1.0001955,0.0003829553
-1.361446492872291,0.9999786,0.00038218938
-1.3612412056450225,0.99917954,0.0003820368
-1.3610650962505932,0.9999968,0.00038234887
-1.361049286632454,0.9996571,0.00038297623
-1.3600576791167782,0.9998968,0.00038221458
-1.359852400737985,0.99940974,0.00038208315
-1.3596762573552832,0.99983346,0.00038237587
-1.3596604859095476,0.9999204,0.0003829034
-1.3586688653612655,0.99960226,0.00038216054
-1.3584635953652864,0.999983,0.00038215285
-1.358287418459975,0.9995406,0.0003821799
-1.3582716847205245,0.9998,0.0003828659
-1.357280051606211,0.9995946,0.0003820789
-1.3570747904573408,0.99916935,0.00038202605
-1.356898579564211,1.0002114,0.00038237366
-1.3568828835315014,1.0000229,0.00038298947
-1.355891237851609,1.0003778,0.00038223696
-1.3556859855498478,0.999582,0.0003821116
-1.355509740670266,1.000221,0.00038237168
-1.3554940828081397,0.99978817,0.0003829628
-1.3545024240970072,0.9997134,0.00038224165
-1.354297180641447,0.9997365,0.00038211772
-1.3541209013106599,0.9999111,0.00038232113
-1.3541052816191166,0.9999763,0.000382931
-1.3531136103419499,0.9992724,0.00038208865
-1.3529083757325906,0.99894476,0.0003819074
-1.352732062414896,0.9992008,0.00038224683
-1.3527164804310017,1.0003325,0.00038301406
-1.3517247965864398,0.99934596,0.00038220102
-1.3515195708250975,0.9992984,0.00038214022
-1.351343223519586,0.9994977,0.0003823208
-1.351327679708548,0.99996644,0.00038294512
-1.3503359832956776,0.99992347,0.0003821856
-1.3501307659180601,0.9992616,0.00038203172
-1.3499543846242776,0.999569,0.00038229622
-1.3499388785186168,1.0000914,0.0003830492
-1.3489471695401676,0.99989337,0.0003821884
-1.3487419610110227,0.99997497,0.0003821689
-1.3485655457285137,0.99961984,0.0003822322
-1.3485500773295938,0.9991364,0.00038290827
-1.3475583557846575,1.0002064,0.000382209
-1.3473531561035328,0.99927825,0.0003820985
-1.3471767068327498,0.99915177,0.0003822161
-1.3471612766057766,0.99947643,0.00038293411
-1.3461695420291448,0.99996704,0.00038220742
-1.3459643511955846,1.0005729,0.0003822372
-1.3457878679383493,0.9994071,0.00038226254
-1.345772475417209,0.99924093,0.0003829226
-1.344780728274543,0.9998826,0.00038222998
-1.3445755462876363,1.0004387,0.0003822571
-1.3443990290434948,1.0000658,0.0003824773
-1.3443836746947553,1.000238,0.00038303828
-1.343391914519941,0.99975324,0.00038211854
-1.3431867413796907,0.99961036,0.00038211895
-1.3430101901481866,1.0001305,0.00038235256
-1.3429948735061876,0.999878,0.00038299378
-1.342003101230545,0.99991214,0.00038223225
-1.3417979364708343,0.9985495,0.00038191312
-1.3416213512524227,1.0001776,0.00038243175
-1.3416060723167091,0.99950314,0.00038289005
-1.3406142874754878,0.9993365,0.00038216895
-1.3404091315633413,0.9989174,0.00038203291
-1.34023251282232,1.000497,0.00038241275
-1.3402172715933474,0.9997344,0.0003829196
-1.3392254737190696,1.000189,0.00038217808
-1.3390203266563039,1.0000218,0.0003822021
-1.3388436739274656,0.9998452,0.00038235975
-1.3388284704043243,0.9998577,0.0003829703
-1.337836659963557,0.99891704,0.00038196548
-1.3376315217492665,0.9999922,0.000382204
-1.3374548350317017,1.0003314,0.00038241176
-1.337439669216212,1.0000743,0.00038301508
-1.3364478466737055,1.0000914,0.00038226237
-1.3362427168413211,0.9994159,0.00038206248
-1.3360659961368473,0.99998635,0.0003823617
-1.3360508684919394,0.9993626,0.00038290836
-1.3350590329181955,0.99956393,0.00038212576
-1.3348539119338283,0.9995844,0.00038203385
-1.3346771572419929,0.999978,0.00038232026
-1.3346620673033718,1.0000236,0.00038305437
-1.3336702191626855,0.9997022,0.0003821455
-1.3334651070258827,0.99898565,0.00038195288
-1.333288318346229,0.99975276,0.00038237244
-1.3332732665804654,0.999338,0.00038295376
-1.3322814054080836,0.99987704,0.00038223586
-1.3320763021174788,1.000263,0.00038224834
-1.3318994794513745,0.9997011,0.00038231118
-1.3318844653918978,0.99972624,0.00038292783
-1.330892592119143,1.000003,0.00038221036
-1.330687497209078,0.9998246,0.00038215128
-1.3305106405556106,0.9996242,0.00038234133
-1.33049566420333,1.000134,0.00038307326
-1.3295037783640857,1.0000528,0.00038219235
-1.3292986923020407,0.99943113,0.00038213606
-1.3291218016598467,0.9997456,0.00038232352
-1.329106863479513,1.0000542,0.00038300132
-1.3281149646081176,0.9998327,0.00038214322
-1.3279098873950033,0.99960506,0.000382091
-1.3277329627645367,1.0002393,0.00038237375
-1.3277180622900344,1.0002091,0.0003830675
-1.3267261513178132,0.99982893,0.00038217098
-1.3265210824870577,1.0003328,0.00038226854
-1.3263441243353435,0.9995476,0.0003822634
-1.326329261567128,0.99995023,0.00038306759
-1.3253373375627588,0.9998428,0.00038219095
-1.3251322775795649,0.9999009,0.00038216903
-1.3249552854413986,1.0002534,0.00038243868
-1.3249404603785604,0.9988515,0.00038289177
-1.3239485242729074,1.0003431,0.0003822777
-1.323743472672072,0.9994942,0.00038214808
-1.3235664465465442,0.99940014,0.00038230326
-1.32355165918999,0.9995992,0.00038294494
-1.3225597105173947,1.0000682,0.00038225847
-1.3223546677641238,0.9999377,0.00038214732
-1.322177607651236,0.9993371,0.00038225774
-1.3221628584670837,1.0004352,0.00038312466
-1.3211708967627929,0.99978215,0.00038213347
-1.32096586285527,0.9991309,0.000382072
-1.320788768755472,0.9998904,0.00038232157
-1.3207740572771525,0.999785,0.00038299483
-1.3197820834738523,0.99924976,0.00038205937
-1.3195770579473218,0.99956584,0.00038207
-1.319399929859708,0.9998338,0.00038238545
-1.3193852565537907,1.0005704,0.00038311625
-1.3183932697187977,0.99982023,0.00038217998
-1.3181882530402844,0.9988687,0.00038200506
-1.318011091430515,1.0006237,0.00038240157
-1.3179964553647676,0.99981403,0.00038306028
-1.3170044564284935,0.9995225,0.00038210172
-1.316799448133247,0.99923813,0.00038197712
-1.316622252534751,0.9998587,0.00038241496
-1.3166076541766527,1.0004044,0.0003830938
-1.31561564267207,0.9997513,0.00038217165
-1.3154106432252988,1.0002553,0.00038221944
-1.3152334136398967,1.0000633,0.0003823703
-1.315218853454199,1.0004905,0.00038317783
-1.3142268293826767,0.9996089,0.00038216572
-1.3140218383173532,0.9989563,0.00038197223
-1.3138445747450422,1.0000097,0.00038238
-1.313830052265176,0.9996969,0.0003829696
-1.3128380156276194,0.9998385,0.00038220486
-1.3126330334098602,0.999165,0.00038208175
-1.3124557363149396,0.99947035,0.00038225146
-1.312441251540906,1.000415,0.00038311188
-1.3114492023377706,0.999915,0.0003821723
-1.3112442285023702,0.99945176,0.00038206344
-1.3110668974200852,0.9998989,0.00038240544
-1.311052450351883,1.0007372,0.0003831604
-1.310060388582258,0.99958235,0.00038208184
-1.309855423594422,0.999221,0.0003820784
-1.3096780585243213,0.9995921,0.0003822905
-1.3096636491633153,0.99929595,0.0003829284
-1.3086715752933173,1.0005434,0.00038225588
-1.308466619152135,1.0000299,0.000382143
-1.3082892196285574,0.999857,0.00038235018
-1.3082748484404063,1.000362,0.0003831055
-1.3072827615387155,0.9998935,0.00038216432
-1.3070778142446449,0.9994384,0.0003821225
-1.3069003811989086,0.99968153,0.00038229144
-1.3068860472513832,1.0003674,0.0003831063
-1.3058939482493193,1.000131,0.00038225958
-1.305689009337152,0.998889,0.00038198527
-1.3055115423040542,1.0002438,0.00038245384
-1.3054972465284769,0.99924225,0.00038293647
-1.3045051349590153,0.9993834,0.00038220003
-1.3043002044292065,0.9989671,0.0003820457
-1.3041227034096554,1.00047,0.0003824437
-1.3041084453389984,1.0006396,0.0003831438
-1.3031163212030499,0.999882,0.00038218647
-1.3029113995212582,0.9999356,0.0003821329
-1.3027338649795528,0.9999371,0.00038238833
-1.302719644616092,0.99993765,0.0003829618
-1.3017275079136539,0.9994531,0.00038210113
-1.30152259461331,0.99978554,0.00038216027
-1.3013450260837889,0.99970776,0.0003823227
-1.3013308434275244,1.0004808,0.00038311933
-1.3003386946238025,0.99936026,0.00038210567
-1.3001337897058198,0.9991203,0.00038205946
-1.2999561871884788,1.0001067,0.0003823768
-1.2999420427041626,1.0008296,0.0003831629
-1.2989498808682924,1.0002478,0.00038219802
-1.298744984798327,0.999275,0.0003820589
-1.2985673487588318,0.99969876,0.00038225504
-1.2985532415151395,0.99959743,0.00038304753
-1.2975610675793519,0.99979085,0.00038218137
-1.2973561798903814,1.0001448,0.00038220154
-1.297178509863068,0.99870723,0.000382157
-1.2971644403265719,1.0002016,0.00038308816
-1.2961722542904113,1.0001212,0.0003821828
-1.2959673754480945,0.99939823,0.00038208227
-1.295789670969123,1.0000216,0.00038231508
-1.2957756396036655,0.99920493,0.00038303493
-1.2947834405349012,0.99999356,0.00038221502
-1.2945785705406014,0.99967533,0.00038210364
-1.2944008325408394,0.9990923,0.0003822062
-1.2943868384146424,1.0006645,0.00038316427
-1.2933946272450498,1.0000118,0.0003822124
-1.2931897656331088,0.9993115,0.00038207028
-1.2930119936450755,1.0000391,0.00038250195
-1.2929980376912806,1.0003619,0.00038307943
-1.2920058139542903,0.9998171,0.0003821585
-1.2918009607251633,0.99965614,0.00038218775
-1.2916231552149728,0.999735,0.0003823494
-1.2916092365018021,1.0001355,0.00038302652
-1.2906170001992328,0.99980325,0.00038219622
-1.2904121558172177,0.9995068,0.0003821484
-1.2902343163201184,0.99916524,0.000382186
-1.290220435777985,0.999753,0.00038302108
-1.2892281869098396,1.0002964,0.00038223353
-1.2890233509097249,0.9997115,0.00038217238
-1.2888454774243545,1.0003407,0.000382464
-1.2888316345898727,0.9998973,0.00038306013
-1.2878393736199882,1.0014064,0.000382442
-1.2876345460026875,0.9996564,0.00038209182
-1.287456638994252,0.99898887,0.0003823166
-1.2874428338678745,1.0002809,0.00038307076
-1.2864505603301368,1.0000681,0.0003821889
-1.286245741560856,0.9992636,0.0003820651
-1.2860678000993975,1.0003613,0.0003824825
-1.286054032678396,0.9999921,0.00038311494
-1.2850617470411962,0.99966884,0.00038217517
-1.2848569366519995,0.9993852,0.0003820556
-1.2846789616702043,0.9999407,0.00038241677
-1.2846652319550342,1.0000641,0.00038314928
-1.2836729332865944,1.0007064,0.00038232314
-1.283468131744054,0.9994223,0.00038203385
-1.28329012277535,1.0003217,0.00038244226
-1.2832764307655558,0.9995763,0.00038298004
-1.2822841199967456,1.0001594,0.0003821601
-1.2820793268365611,0.9996764,0.00038216473
-1.2819012843452473,0.99992484,0.0003823676
-1.2818876300417412,0.99983865,0.0003830759
-1.280895306705986,1.0001438,0.0003822461
-1.2806905219290683,0.99912995,0.00038208027
-1.2805124454494834,1.0003438,0.00038247023
-1.280498828853171,0.99931085,0.00038293106
-1.2795064934161346,0.99992496,0.0003821157
-1.27930171702112,0.99913245,0.0003820513
-1.2791236070198346,0.99963874,0.00038235783
-1.27911002813072,0.9998144,0.0003830023
-1.2781176801267413,1.0003254,0.00038225777
-1.2779129125788358,0.99933887,0.00038204115
-1.2777347681245264,1.0004531,0.00038240617
-1.2777212269421496,1.0004319,0.00038310137
-1.2767288668373453,0.99920005,0.0003820962
-1.2765241076717984,1.0002543,0.0003822332
-1.2763459296953332,0.9996507,0.00038236662
-1.2763324262187878,1.0001682,0.00038308554
-1.2753400535474966,0.99961585,0.00038216903
-1.2751353027643053,1.0001439,0.00038221915
-1.2749570908004788,1.0001817,0.00038240722
-1.2749436250288566,0.9993484,0.00038301837
-1.2739512397928947,0.99980086,0.00038222605
-1.2737464978559045,0.9999147,0.0003821601
-1.2735682523703762,1.0006745,0.00038245367
-1.273554824306403,1.000281,0.0003831197
-1.2725624265039541,1.0003835,0.000382189
-1.2723576929479563,0.9995592,0.00038206554
-1.2721794134750661,1.0007153,0.00038246938
-1.27216602311738,0.99946123,0.00038290396
-1.271173613213647,0.9991156,0.00038206676
-1.2709688885061274,0.9997465,0.00038211505
-1.2707905750454191,0.9999871,0.00038238207
-1.2707772223944735,0.99949217,0.00038296104
-1.2697847999233431,1.0006292,0.00038220736
-1.269580083598179,0.99937344,0.00038204863
-1.2694017361496552,0.99968517,0.00038228132
-1.269388421205906,1.0001658,0.00038311153
-1.2683959866334944,1.0001442,0.00038220835
-1.268191278690689,0.9992592,0.00038206426
-1.2680128977200065,1.0004089,0.00038241525
-1.267999620482544,0.99999356,0.00038312576
-1.2670071733440984,0.9996195,0.0003821458
-1.2668024737836516,0.9993828,0.00038207648
-1.266624058825152,0.9994808,0.0003823374
-1.266610819293521,0.99957204,0.00038305105
-1.2656183600542468,1.0000231,0.00038220076
-1.2654136693422755,0.99946207,0.0003821108
-1.2652352203964146,1.0000459,0.0003823498
-1.2652220185701593,1.0001333,0.00038307492
-1.264229546764851,1.0003759,0.00038218123
-1.2640248644343273,1.0000927,0.00038214432
-1.2638463819672214,1.0000641,0.00038239744
-1.2638332173811362,0.99941623,0.00038294683
-1.2628407334750023,1.0000857,0.00038212724
-1.2626360595259263,0.999172,0.00038199665
-1.262457543072367,1.0006523,0.00038246927
-1.2624444166577744,0.9997564,0.0003830667
-1.2614519201860617,0.99979013,0.00038214627
-1.2612472546175253,0.99919975,0.00038207084
-1.2610687046422644,1.0005025,0.00038241252
-1.2610556154687513,0.99963707,0.000382997
-1.260063106897121,0.99982,0.0003821647
-1.259858449709577,0.9988687,0.00038198233
-1.2596798662121618,0.9996084,0.0003823838
-1.2596668147463004,0.999849,0.00038297076
-1.258674293606817,1.0002506,0.0003822043
-1.2584696452677453,0.9993954,0.0003820997
-1.2582910273168517,1.0004498,0.00038249025
-1.2582780135581855,1.0001336,0.00038313956
-1.2572854807821714,1.0002248,0.0003822557
-1.2570808403607079,0.99934626,0.00038208204
-1.2569021888872047,0.99969184,0.00038242
-1.2568892128339155,1.0008109,0.00038313965
-1.2558966674923226,0.9996108,0.00038214674
-1.2556920354536705,0.9988504,0.0003820405
-1.2555133499923503,0.9995041,0.00038227727
-1.2555004116448925,0.9999697,0.00038315277
-1.2545078542029264,0.9998782,0.00038219846
-1.2543032310118392,0.99888355,0.0003819716
-1.2541245115631572,0.9991603,0.00038229066
-1.2541116109215307,1.0001327,0.00038315143
-1.2531190409135333,0.99948114,0.00038213693
-1.2529144261038936,0.99917775,0.0003821128
-1.2527356731330546,1.0000191,0.0003823886
-1.2527228097334158,1.0004728,0.00038309192
-1.251730227623682,0.99997634,0.0003821917
-1.2515256211950372,0.9988364,0.0003820908
-1.2513468342377445,0.99941486,0.00038223175
-1.2513340090109621,0.99979025,0.00038307178
-1.2503414143347413,1.0006298,0.0003822814
-1.250136816287089,0.99912375,0.00038202672
-1.2499579958080975,0.9996244,0.0003822622
-1.2499452078214863,0.9998882,0.000383106
-1.2489526010458007,0.99976915,0.00038209785
-1.2487480118448047,0.9996261,0.0003821316
-1.248569157377995,0.99939877,0.00038228845
-1.2485564070976691,1.0005332,0.00038316677
-1.2475637877550412,0.999811,0.00038216615
-1.247359206936859,0.99977386,0.0003821758
-1.2471803189483461,0.999935,0.000382347
-1.247167605908646,0.99966997,0.00038296514
-1.2461749749308537,0.9994213,0.00038215524
-1.2459704020298217,0.99956757,0.00038209357
-1.2457914800534917,0.9992929,0.00038229444
-1.2457788051852843,1.0001476,0.00038312902
-1.2447861616410023,0.9994994,0.0003821188
-1.2445815975884456,0.9991463,0.00038202736
-1.2444026416242986,1.0001281,0.000382327
-1.2443900039971694,1.0006344,0.00038318403
-1.243397348351151,0.99943304,0.0003822017
-1.2431927926809527,0.99968296,0.00038211985
-1.2430138031946516,0.9992429,0.00038228446
-1.2430012032738076,1.0005134,0.00038315268
-1.2420085350617576,1.0001711,0.00038219354
-1.24180398777346,0.999071,0.00038205212
-1.241624964764549,1.0001918,0.00038242704
-1.2416124025509012,0.9999446,0.00038317477
-1.2406197222380229,1.0001634,0.00038219738
-1.2404151828646035,0.99935466,0.00038204185
-1.240236125869239,0.9998058,0.00038236412
-1.2402236013614227,1.000051,0.00038310073
-1.2392309089481741,0.99948967,0.00038214988
-1.2390263784223192,0.9995587,0.00038206138
-1.238847287439592,0.9999064,0.00038238068
-1.238834800638061,1.0001856,0.00038312227
-1.2378420956592335,0.99956304,0.00038213213
-1.237637573514371,0.9994918,0.0003821046
-1.2374584490094893,0.9992784,0.00038225352
-1.2374459994490379,0.9995553,0.00038301497
-1.2364532823693821,0.99950653,0.000382133
-1.2362487686073336,0.9996865,0.0003821371
-1.2360696105812057,0.99932104,0.00038228164
-1.2360571987261315,0.9995336,0.00038305085
-1.235064469545192,0.9996246,0.0003821469
-1.2348599641659574,0.999424,0.00038205055
-1.2346807716872608,0.9998123,0.00038237605
-1.234668397536653,0.99994653,0.0003830219
-1.2336756562553433,0.99968916,0.0003821608
-1.2334711592580092,0.9997331,0.00038216516
-1.2332919332571581,1.0001018,0.00038236578
-1.2332795968137467,1.0006201,0.0003832786
-1.2322868429654945,1.0000718,0.00038221938
-1.2320823543500636,0.99993026,0.0003821388
-1.2319030948270555,0.9996254,0.00038235678
-1.231890795625179,1.000636,0.00038328161
-1.2308980301413044,0.99928725,0.0003820962
-1.230693549908232,0.999752,0.0003821842
-1.2305142563974067,1.0004913,0.0003823881
-1.2305019949022726,0.9998566,0.0003830382
-1.2295092168519084,0.99990505,0.00038219127
-1.2293047449998311,1.0000314,0.00038222465
-1.2291254179677598,0.99990135,0.0003823633
-1.2291131941793663,0.9999702,0.00038307268
-1.2281204040281737,0.9999171,0.00038219264
-1.2279159405570914,0.99910456,0.00038206973
-1.2277365795376571,1.0003028,0.0003824592
-1.2277243929898878,0.9993538,0.00038302675
-1.226731590739233,0.99992687,0.0003822321
-1.2265271356495986,0.9997183,0.00038217125
-1.2263477406428027,0.9998513,0.00038237023
-1.2263355922660706,1.0000752,0.0003831512
-1.2253427774493844,0.9996715,0.00038209226
-1.2251383307425612,0.999249,0.0003820719
-1.2249589022136096,1.0000671,0.00038232823
-1.224946791077503,0.99981356,0.00038309797
-1.2239539646247415,0.99970967,0.0003821433
-1.223749526301185,0.99945974,0.00038212218
-1.2235700637839608,1.000051,0.00038240955
-1.2235579903550493,0.9997901,0.000383002
-1.2225651513353455,0.9991662,0.00038200757
-1.2223607213932395,0.99873465,0.00038199112
-1.2221812253543138,0.9993582,0.00038222232
-1.222169189632143,1.0003296,0.00038310516
-1.2211763385111554,0.99999577,0.00038221074
-1.2209719164852912,1.0000949,0.00038215844
-1.2207923869242112,1.0001233,0.0003823387
-1.2207803884431199,0.9998351,0.00038304596
-1.2197875252213066,0.99987805,0.0003821297
-1.2195831120434597,0.9993713,0.0003821202
-1.2194035484945625,0.999982,0.00038234153
-1.21939158771885,0.99971354,0.00038304366
-1.218398712397572,1.0001645,0.00038223027
-1.2181943071359669,0.99977726,0.00038215326
-1.2180147100649155,0.9999888,0.0003822694
-1.2180027865298269,1.0005643,0.00038318406
-1.2170098991081786,1.0001694,0.00038222581
-1.2168055026927744,0.9987002,0.00038208044
-1.2166258716348128,0.99990636,0.00038234977
-1.2166139858069178,0.9991519,0.00038298336
-1.2156210862839885,0.9995801,0.00038218533
-1.2154166977848262,0.9995328,0.00038209243
-1.2152370332056197,0.99937344,0.0003822447
-1.2152251846188056,0.99999,0.0003831407
-1.2142322729950479,1.0011969,0.0003823791
-1.2140278928777888,0.99939233,0.00038208306
-1.2138481947764266,0.9991565,0.00038228338
-1.2138363838958965,1.0003271,0.00038311118
-1.2128434601708578,1.0002344,0.00038219604
-1.2126390884359572,0.99968284,0.00038209348
-1.2124593563467778,1.0002165,0.00038240378
-1.2124475831725348,0.99923116,0.0003830715
-1.2114546468805536,0.9994118,0.00038214444
-1.2112502835284644,0.9992274,0.0003820358
-1.2110705179171308,1.0008398,0.00038260245
-1.2110587819826035,0.9996689,0.00038307285
-1.2100658340568216,1.0003632,0.0003821517
-1.2098614790861801,1.0000329,0.00038214048
-1.2096816794870282,0.9995882,0.00038239898
-1.2096699812596972,0.9999566,0.00038313272
-1.2086770207669701,1.0005269,0.00038229345
-1.2084726741782346,1.0000738,0.00038215722
-1.2082928410569256,1.0001066,0.0003824126
-1.2082811805367881,0.9993605,0.0003829897
-1.20728820794278,0.99961585,0.00038211513
-1.2070838692707417,0.9999002,0.00038215303
-1.2069040026281863,0.9996882,0.00038235585
-1.206892379347765,1.0003285,0.00038310676
-1.2058993946533867,0.999727,0.0003822427
-1.2056950648279994,0.99923915,0.00038214156
-1.2055151641994488,0.9997002,0.00038235245
-1.2055035786244033,0.9994185,0.0003830444
-1.204510581829652,0.9991309,0.00038204296
-1.2043062599200538,0.99978286,0.000382144
-1.2041263257702557,1.0004507,0.00038252393
-1.2041147774358356,1.0000749,0.00038312355
-1.2031217690063727,0.9996636,0.00038213428
-1.2029174554786777,0.9986702,0.00038201697
-1.2027374873410626,0.9998864,0.0003823445
-1.2027259767129292,1.0005842,0.00038314884
-1.201732955716524,0.999444,0.00038203705
-1.2015286505711849,0.9995259,0.0003820293
-1.20134864891096,1.0002285,0.00038242093
-1.2013371759895675,0.99893296,0.00038299427
-1.2003441428918784,1.0001252,0.00038223804
-1.2001398461289006,0.9998483,0.00038212058
-1.1999598104808573,0.99890894,0.0003821169
-1.1999483748005444,0.9997496,0.00038309646
-1.198955330067691,0.9993683,0.00038210818
-1.1987510412214077,0.9990134,0.00038209182
-1.1985709720512085,1.0001336,0.00038240416
-1.1985595740771826,1.0002055,0.00038313755
-1.197566516778295,1.0000302,0.00038219904
-1.1973622367791208,0.9991785,0.00038202465
-1.1971821336215616,0.9996751,0.00038233906
-1.1971707728881595,1.0001742,0.00038314698
-1.1961777039541075,1.0001429,0.000382246
-1.1959734318711752,0.9996244,0.0003821056
-1.1957932951923684,1.000052,0.00038236642
-1.1957819721647978,1.0007578,0.00038322282
-1.1947888911299174,0.9995376,0.00038211732
-1.1945846269636824,0.99955064,0.00038218134
-1.1944044567631753,0.99959296,0.00038233868
-1.1943931714423468,0.9999361,0.00038311136
-1.1934000778405214,0.99943817,0.00038210413
-1.1931958225218535,0.99914753,0.00038201374
-1.1930156183330727,1.0001537,0.00038241316
-1.1930043702533237,1.0004815,0.00038323426
-1.1920112650167867,0.9996543,0.00038219773
-1.1918070176139053,0.99892145,0.00038198038
-1.191626779903424,0.9999778,0.0003823318
-1.191615569529962,1.0005355,0.00038319413
-1.1906224521925992,0.9993199,0.00038206315
-1.1904182131716183,1.0001867,0.00038217782
-1.190237941473777,0.9991099,0.00038224788
-1.1902267688061448,0.9998544,0.00038311086
-1.1892336393684118,0.9999553,0.00038224875
-1.1890294082641282,0.9991288,0.00038210006
-1.1888491030436743,1.0006056,0.00038249703
-1.1888379676166663,0.9995085,0.00038312303
-1.1878448260790158,1.0001816,0.00038216027
-1.1876406038222966,0.99925506,0.00038202578
-1.1874602646140255,1.0003989,0.00038243504
-1.1874491668942153,0.99890697,0.0003829332
-1.186456013255281,0.9999888,0.00038214715
-1.186251798914351,0.9996107,0.0003820898
-1.1860714266504937,0.9996297,0.00038233015
-1.186060366172217,0.99978554,0.00038310053
-1.185067200431091,0.99986774,0.0003822157
-1.184862994472975,0.99978817,0.0003821682
-1.1846825882213006,1.0004812,0.0003824812
-1.1846715649827386,0.9997009,0.00038313254
-1.1836783876069035,0.99992293,0.0003822044
-1.1834741895650267,0.99932677,0.00038208172
-1.1832937497916536,0.9995497,0.0003823125
-1.1832827642593768,0.9997951,0.00038318153
-1.1822895747831688,1.0002126,0.0003822524
-1.182085385122287,1.0004913,0.00038227264
-1.181904911361551,1.0004591,0.0003824187
-1.181893963535107,0.9998144,0.00038309995
-1.1809007619589813,0.9997693,0.0003821927
-1.1806965802147942,0.99888736,0.00038197127
-1.1805160729319022,1.0005957,0.00038249092
-1.180505162346992,0.9995527,0.00038307268
-1.1795119486695853,0.9994126,0.00038210928
-1.17930777577251,0.99944496,0.00038214657
-1.1791272345022552,0.99978334,0.000382389
-1.1791163616245384,1.0001835,0.00038324602
-1.1781231358453952,0.9997452,0.00038220023
-1.1779189708645617,0.9993612,0.00038203344
-1.1777383965387234,0.99942875,0.00038226755
-1.1777275609011766,1.0005397,0.00038329687
-1.1767343230212077,0.99957496,0.0003821033
-1.1765301664227301,0.99903864,0.00038201147
-1.176349558109984,0.99950105,0.0003823029
-1.1763387597121535,1.0003182,0.00038324235
-1.175345510197473,0.99989545,0.0003820928
-1.1751413615152373,0.99982464,0.0003821356
-1.1749607196812466,1.0004745,0.0003825233
-1.1749499589887917,1.0000669,0.00038315787
-1.173956697373741,1.0001796,0.00038218798
-1.1737525570738612,0.9990241,0.00038196938
-1.173571881251144,0.9997969,0.0003823604
-1.17356115826543,0.9997105,0.00038312736
-1.1725678845495509,0.9992689,0.0003821328
-1.172363752632485,0.9998019,0.00038215748
-1.1721830428210414,0.9998824,0.0003824974
-1.1721723570768623,0.99946487,0.00038314087
-1.1711790717253607,0.99987555,0.0003822006
-1.1709749477236313,0.99963284,0.00038210495
-1.1707942048570539,1.0002351,0.0003824601
-1.170783556353045,0.99987,0.00038319777
-1.1697902589016287,0.9996212,0.00038211615
-1.1695861432813444,0.9990826,0.0003820209
-1.169405366427407,0.9996967,0.00038232232
-1.1693947556301387,0.9996867,0.00038311005
-1.168401446077894,0.99927074,0.0003820801
-1.1681973383733961,0.99884814,0.00038201598
-1.1680165279973043,1.0000559,0.0003824015
-1.168005954441571,0.99935704,0.00038309288
-1.1670126332537065,0.9994702,0.00038211522
-1.1668085339311118,0.99999994,0.0003821823
-1.1666276895676555,1.0002651,0.00038246292
-1.1666171537182093,1.0002275,0.00038327998
-1.1656238204295164,1.0002265,0.00038221112
-1.165419729023619,0.9996107,0.00038210026
-1.1652388516041237,1.0002408,0.0003824467
-1.1652283529957583,0.9998835,0.00038315853
-1.1642350076057817,1.0002451,0.0003822758
-1.1640309245817901,0.9992934,0.00038204936
-1.1638500131749305,0.9989806,0.00038227782
-1.1638395518058244,0.99998426,0.00038320041
-1.1628461947815942,1.0000732,0.0003822224
-1.1626421196747527,1.0001909,0.00038219496
-1.1624611747452835,0.9999127,0.00038235905
-1.1624507510824627,0.99905306,0.00038303807
-1.1614573819578595,1.000094,0.0003822572
-1.1612533152329212,0.99961257,0.0003821082
-1.1610723367808422,0.99951786,0.00038227875
-1.1610619503591009,0.9999968,0.00038322367
-1.160068569133672,1.0002171,0.00038225588
-1.1598645107901788,0.999784,0.00038217305
-1.1596834983511934,0.99925214,0.00038227745
-1.1596731491700778,0.9996693,0.00038312966
-1.158679756309482,1.0004103,0.00038233542
-1.1584757058817778,0.9996283,0.00038216574
-1.1582946599215465,1.0000025,0.0003824062
-1.1582843484476268,0.9991359,0.0003830542
-1.1572909434857472,1.0001198,0.00038217814
-1.157086901439949,0.9998645,0.00038213513
-1.1569058219571051,1.0000824,0.0003824064
-1.1568955477251732,0.99952173,0.00038315984
-1.1559021306620125,0.99977857,0.00038218524
-1.1556980965320007,0.9996416,0.00038212995
-1.155516983527912,0.9997411,0.0003823245
-1.155506746535242,0.99953103,0.00038315306
-1.154513317837825,0.99943304,0.0003821402
-1.1543092920897138,0.99924207,0.00038207608
-1.1541281450987189,1.0004146,0.00038240675
-1.1541179458118802,0.9999526,0.00038319684
-1.1531245050136376,0.9996391,0.0003820818
-1.1529204876483377,0.999724,0.00038210687
-1.1527393071347314,0.99963534,0.0003823838
-1.152729145088063,1.000269,0.0003832231
-1.151735692189903,0.9997581,0.00038212893
-1.1515316827413002,1.0005817,0.00038220763
-1.1513504687050844,0.99963313,0.00038231933
-1.1513403443660648,0.9997817,0.0003832028
-1.1503468793661682,1.0000167,0.00038223658
-1.1501428782994714,0.9993297,0.00038207162
-1.1499616302749818,1.000206,0.0003824663
-1.14995154317795,0.99916047,0.0003830838
-1.1489580670076394,0.9997523,0.000382215
-1.1487540733910704,0.9993593,0.00038208097
-1.14857279231145,1.0002396,0.00038240285
-1.1485627424541354,0.999964,0.00038320813
-1.147569254183452,0.9993713,0.00038209016
-1.1473652689478726,0.99893844,0.00038208402
-1.1471839538822568,0.9993631,0.0003822251
-1.1471739417303182,0.9994912,0.00038311395
-1.1461804413592644,0.99989223,0.0003822238
-1.1459764645060437,1.0000883,0.00038219456
-1.145795115918725,0.99965394,0.00038232497
-1.145785140541295,0.9999894,0.000383174
-1.1447916285350743,0.99930656,0.00038208254
-1.144587659598551,0.99909234,0.00038206
-1.1444062774895318,1.0001525,0.00038236706
-1.1443963398179333,1.0004789,0.00038328272
-1.1434028157108842,0.9992618,0.0003820516
-1.1431988551571748,0.99900377,0.00038195573
-1.143017439059883,0.9996362,0.00038229075
-1.1430075390954797,0.99989015,0.00038318156
-1.1420140033532662,1.0001812,0.00038216292
-1.1418100507157987,0.99882203,0.0003819773
-1.1416286010958974,1.0002456,0.00038241592
-1.141618738372118,1.0004157,0.00038325464
-1.1406251905290787,0.99899906,0.0003820475
-1.140421245807853,0.9993804,0.00038212337
-1.1402397626657947,1.0004636,0.00038244913
-1.1402299371835503,1.000141,0.0003832526
-1.139236377705344,0.99967396,0.00038209753
-1.1390324413655661,0.99910784,0.00038204435
-1.1388509247018073,0.9997752,0.0003823162
-1.138841136459733,0.9996361,0.00038318805
-1.137847564881612,0.999137,0.000382083
-1.1376436369232792,0.9996797,0.00038205364
-1.1374620862721603,0.9997676,0.00038233065
-1.1374523357368267,0.99988633,0.0003831727
-1.1364587525230831,0.99912184,0.0003820611
-1.1362548320144255,0.9998987,0.00038213743
-1.1360732483086284,1.000115,0.00038241508
-1.1360635350139203,1.000034,0.00038319165
-1.135069939698893,0.99954665,0.00038210218
-1.134866027572594,0.9995628,0.0003821215
-1.1346844098794353,0.9997653,0.00038232602
-1.1346747338244418,0.99987435,0.00038322565
-1.1336811268747056,1.0001644,0.00038219788
-1.1334772231312178,0.99995154,0.0003821956
-1.133295571914994,0.9999238,0.00038241674
-1.1332859331015355,0.9994153,0.00038314788
-1.1322923145161794,0.99876004,0.000382028
-1.1320884182241804,1.0003392,0.00038219322
-1.1319067334853452,1.000726,0.0003825431
-1.1318971323781737,1.0002775,0.00038325766
-1.1309035016929,1.000582,0.00038228612
-1.1306996137818934,0.9997473,0.00038208163
-1.1305178955213595,0.99966246,0.00038234165
-1.1305083316557227,1.0006871,0.00038333103
-1.12951468886871,1.0003041,0.00038221834
-1.129310809340062,1.0004582,0.00038223492
-1.1291290570912569,0.99999374,0.00038241237
-1.1291195304666997,0.99963534,0.00038320263
-1.1281258765101811,1.0000367,0.0003822162
-1.1279220044321163,0.99992216,0.00038223804
-1.1277402191268155,0.9999765,0.00038235876
-1.1277307297433379,1.000323,0.00038329227
-1.126737063686449,0.9999644,0.00038212698
-1.1265331999893766,0.9994569,0.0003820564
-1.1263513806980763,0.9998272,0.00038243216
-1.1263419290190653,1.0004423,0.00038326925
-1.1253482508627144,1.0002449,0.00038219642
-1.1251443955466343,1.000271,0.00038225052
-1.1249625427345444,0.9999115,0.0003823951
-1.1249531282957035,1.0001935,0.00038318962
-1.1239594385041882,0.99988526,0.00038218033
-1.1237555906386887,0.9992383,0.0003820514
-1.1235737043048974,0.99987113,0.00038238292
-1.1235643271075912,1.0001904,0.0003832436
-1.122570625679998,1.0002893,0.00038227838
-1.1223667861973126,1.0000957,0.0003822102
-1.122184866340456,0.9994243,0.0003823242
-1.1221755263851376,0.9996399,0.00038312384
-1.1211818128562634,1.0002627,0.00038225146
-1.1209779817559364,1.0003877,0.00038223102
-1.1207960283760148,1.0002248,0.00038243737
-1.1207867256617758,0.9997952,0.0003832202
-1.11979300049819,0.9999896,0.0003821917
-1.1195891768484436,1.000111,0.00038216278
-1.1194071899472755,0.9996285,0.00038241962
-1.119397924938414,1.0001391,0.00038322326
-1.1184041876740025,1.0002363,0.00038215905
-1.1182003724066147,0.9995122,0.0003820737
-1.1180183519837437,1.0004876,0.0003824134
-1.1180091237484828,1.00054,0.00038330263
-1.1170153753154763,1.001101,0.00038234913
-1.1168115679643278,0.9994741,0.00038210646
-1.1166295135545505,0.9992541,0.00038229075
-1.116620323025121,1.0003202,0.0003833021
-1.1156265624917416,0.9989311,0.00038208015
-1.1154227635220408,0.9998361,0.00038213874
-1.1152406755910187,0.99976987,0.00038233885
-1.115231522302212,0.9997718,0.00038317093
-1.1142377501336682,0.9999951,0.00038220844
-1.1140339586140953,0.99944687,0.00038216665
-1.113851837627033,1.0001204,0.00038246706
-1.113842721579761,1.0005856,0.0003832855
-1.112848937309478,0.9993762,0.00038209415
-1.112645154171811,0.999162,0.00038203737
-1.1124629991969304,0.99956816,0.00038233164
-1.1124539203911907,0.99930805,0.0003831464
-1.111460124950952,0.99914813,0.00038209526
-1.1112563497304349,0.9992879,0.00038210882
-1.111074161232943,1.0002553,0.0003823518
-1.111065119667829,1.0002211,0.00038326267
-1.110071312126309,0.99995506,0.00038220958
-1.109867545288148,0.99942875,0.00038204464
-1.109685322803296,0.9997939,0.000382401
-1.109676318943559,1.0005536,0.00038326628
-1.1086824997682356,0.99998236,0.00038221327
-1.1084787403801997,0.9993035,0.00038200032
-1.1082964848388546,1.0001502,0.00038239436
-1.1082875182206526,0.9996622,0.00038313866
-1.1072936869449563,0.9996889,0.00038211595
-1.1070899359383708,0.9989515,0.00038199694
-1.1069076468744132,1.0000622,0.0003823973
-1.1068987174977436,0.99995095,0.0003832219
-1.1059048745864275,0.99958634,0.0003821094
-1.1057011314965393,1.0000994,0.00038217902
-1.105518808445674,1.0003357,0.00038245003
-1.105509916309176,1.0004481,0.00038328322
-1.1045160622279013,0.9992412,0.00038210014
-1.104312327054255,0.9996148,0.0003821489
-1.1041299704821421,1.0002387,0.00038237622
-1.1041211155862696,1.0009011,0.00038333057
-1.1031272494041666,1.0000054,0.00038217462
-1.1029235221458513,1.0004184,0.00038221752
-1.1027411325181564,0.9998331,0.00038238466
-1.1027323148624524,1.0004416,0.00038333278
-1.1017384370460959,0.9998007,0.00038224726
-1.1015347177040198,0.9995888,0.0003820666
-1.101352294553715,0.999374,0.00038230378
-1.101343514139546,1.0007783,0.00038331724
-1.1003496242219057,0.9993887,0.00038207986
-1.1001459132626437,0.9996526,0.00038209738
-1.0999634561236125,1.0004842,0.00038245754
-1.0999547134161842,0.99990875,0.00038313918
-1.0989608118629242,0.999402,0.00038210474
-1.0987571088203594,0.9999108,0.00038228687
-1.0985746181600806,1.0001873,0.0003824089
-1.0985659122271612,1.0009129,0.00038331252
-1.0975719995048507,0.99976474,0.00038220995
-1.0973683039124138,1.0000101,0.0003822357
-1.0971857801956393,0.9999306,0.00038237104
-1.0971771115037994,0.9994177,0.0003831899
-1.096183186681116,0.9993503,0.00038212456
-1.0959794994705823,0.9997584,0.00038210748
-1.0957969417664462,0.999906,0.00038239377
-1.0957883107804376,0.9998665,0.00038319832
-1.0947943743230453,0.9987407,0.00038204482
-1.0945906950282953,1.0002851,0.00038220407
-1.0944081038029143,1.0004002,0.00038241912
-1.0943995100579866,1.0007073,0.00038337044
-1.0934055619645164,1.0001208,0.0003822419
-1.0932018905864638,0.9996762,0.00038213714
-1.093019265838473,0.99961126,0.00038231118
-1.0930107093350776,0.99950033,0.00038319736
-1.0920167491403263,0.99970096,0.00038211336
-1.0918130861441795,1.0000542,0.0003822185
-1.0916304278749411,0.99950916,0.00038229217
-1.0916219081456018,0.9996415,0.0003831114
-1.0906279367822556,0.9997632,0.0003821511
-1.090424281236234,0.9996534,0.00038210006
-1.090241589445748,1.000498,0.00038248417
-1.09023310742224,1.0004227,0.00038328988
-1.0892391244241821,0.9995626,0.0003822397
-1.0890354767944024,0.99945956,0.0003821103
-1.0888527514822162,0.999773,0.00038233935
-1.0888443066984228,1.0002863,0.0003832658
-1.0878503115990839,0.9996825,0.00038222686
-1.0876466723525708,0.99986,0.00038213097
-1.0874639135177748,1.0003089,0.00038240038
-1.0874555059764246,1.0002015,0.00038329005
-1.086461499240555,0.99995106,0.00038224057
-1.086257867910284,0.99927,0.00038202206
-1.086075075554243,0.9997331,0.0003823657
-1.086066705253971,1.0003195,0.00038321895
-1.085072686882937,0.9992667,0.00038207468
-1.0848690634679996,0.9995899,0.00038201807
-1.0846862375907111,1.0002162,0.00038240102
-1.0846779040644952,0.99966794,0.0003831835
-1.083683874525319,1.000094,0.00038225047
-1.083480259026168,1.0000128,0.00038221906
-1.0832973991610624,1.0006462,0.0003824825
-1.083289103340678,1.0000523,0.0003832614
-1.0822950617011315,0.99988616,0.00038220588
-1.0820914541191307,0.99964255,0.00038205666
-1.0819085611970767,0.9997624,0.0003824295
-1.0819003026173162,1.0002179,0.00038327082
-1.0809062493426054,0.99979484,0.0003821942
-1.0807026496773018,0.9991015,0.00038203492
-1.0805197232326353,1.0000945,0.00038239232
-1.0805115018939544,0.9996052,0.00038316223
-1.079517436984532,0.9997297,0.00038212884
-1.079313845234104,0.99934256,0.00038208519
-1.079130885268194,0.99938613,0.00038234587
-1.079122701171048,0.9997844,0.000383181
-1.0781286246260031,0.9997384,0.0003822325
-1.0779250407918197,0.9990633,0.00038206243
-1.0777420473046622,0.99981076,0.00038238772
-1.077733900448139,0.9994085,0.00038313807
-1.0767398122670215,1.0004492,0.00038233266
-1.0765362363499882,0.9992976,0.0003821054
-1.0763532093411303,0.9993893,0.00038230966
-1.076345099259116,0.99919987,0.00038311424
-1.07535099990804,0.99971116,0.00038213428
-1.0751474319081593,0.9990894,0.0003819696
-1.0749643713775985,0.999781,0.00038241304
-1.0749562985357541,0.9997696,0.00038315263
-1.0739621870847607,0.99965805,0.00038219022
-1.0737586274658724,1.0000795,0.00038217017
-1.0735755329474959,1.000305,0.00038244756
-1.0735674978123924,0.9996814,0.00038321698
-1.0725733747271426,1.0003299,0.00038220495
-1.0723698225579241,0.9996155,0.00038209552
-1.0721866949830545,0.99924606,0.00038229523
-1.0721786970890306,1.0006058,0.00038331316
-1.0711845623690692,0.999861,0.00038221318
-1.070981018116548,0.9995912,0.0003820811
-1.0707978570195227,1.0001522,0.00038238842
-1.0707898963661242,0.9999519,0.00038318237
-1.0697957500105404,0.999499,0.00038217672
-1.0695922136751719,0.99906564,0.00038204613
-1.0694090190550813,0.9995952,0.00038241738
-1.069401095642307,1.0003232,0.00038326829
-1.0684069376520142,1.0003352,0.00038224176
-1.0682034092328876,0.9995149,0.0003820646
-1.06802018109064,0.99984926,0.00038240073
-1.0680122949194006,0.9995318,0.0003831513
-1.0670181252939408,1.0004681,0.00038223728
-1.0668146047896925,0.99994266,0.00038210183
-1.066631343127562,1.0003608,0.00038245975
-1.066623493730833,1.000361,0.00038324157
-1.06562931293587,0.9993751,0.000382178
-1.065425800347861,1.0000011,0.00038217692
-1.0652425051640302,0.9993878,0.00038237532
-1.0652346930074712,1.0002697,0.00038329192
-1.0642405005764304,1.000244,0.0003822485
-1.0640369959060294,0.9989654,0.00038201263
-1.0638536672000445,1.0002471,0.00038240806
-1.0638458922850202,1.0005903,0.00038330723
-1.0628516882174488,0.99945027,0.00038211112
-1.0626481914637451,0.9992984,0.00038205276
-1.0624648292356031,0.9999459,0.00038243932
-1.0624570915607476,1.0002613,0.0003831914
-1.0614628758598308,0.9998344,0.00038225352
-1.0612593865567077,0.9999229,0.00038211126
-1.0610759912720713,1.0005137,0.00038245594
-1.0610682908373859,0.9997405,0.00038325565
-1.0600740635022128,1.0000924,0.0003822127
-1.0598705821153316,1.0000626,0.0003821743
-1.0596871533085395,1.000005,0.0003824101
-1.0596794901144795,1.000297,0.00038326555
-1.058685251144142,0.99974716,0.00038211976
-1.0584817776730473,0.9997422,0.00038217846
-1.058298315344552,1.0002751,0.00038247558
-1.0582906893920259,0.99992627,0.0003832943
-1.0572964387856132,0.9994439,0.0003822013
-1.057092973230305,0.9993912,0.00038205294
-1.0569094773805663,0.99986416,0.00038238027
-1.0569018882034582,1.0000474,0.00038328534
-1.0559076264270844,0.9994352,0.00038210594
-1.0557041687875652,1.0003107,0.0003821304
-1.0555206394170344,1.0004416,0.00038246185
-1.0555130874800964,0.9989785,0.00038308545
-1.0545188140690136,0.9996697,0.00038213786
-1.054315364345281,0.99929,0.00038207223
-1.0541318014535026,0.9993899,0.0003822238
-1.0541242867558265,1.0000749,0.0003832992
-1.053130001710032,0.9990316,0.00038205896
-1.0529265599034494,0.99952203,0.00038199805
-1.0527429634890613,1.0005498,0.0003824872
-1.0527354860324647,1.0000964,0.000383208
-1.0517411893510478,0.9998466,0.00038219622
-1.0515377554620733,0.9990107,0.0003820198
-1.0513541255250738,0.9997036,0.0003822986
-1.051346685309103,0.9999649,0.00038326986
-1.0503523769934298,0.9990968,0.0003821736
-1.0501489510206972,0.99894583,0.00038200407
-1.049965287561088,0.99979717,0.00038244345
-1.0499578845871047,1.0000255,0.0003833135
-1.0489635646358118,0.99967766,0.00038217823
-1.0487601465788656,1.0002202,0.00038221132
-1.0485764495966468,0.99951416,0.00038242093
-1.0485690838641957,0.9996968,0.0003832072
-1.0475747522777383,0.99979085,0.00038211409
-1.0473713421365787,0.9995918,0.00038219153
-1.0471876116322054,1.0001535,0.00038242302
-1.0471802831403811,1.0002844,0.0003832942
-1.0461859399192122,0.9993639,0.0003820501
-1.0459825376933862,0.9997465,0.00038219837
-1.0457987736691274,0.9995378,0.0003823812
-1.045791482416564,1.0007687,0.00038332955
-1.044797127560686,0.99982494,0.00038215573
-1.0445937332510993,0.998736,0.00038191275
-1.0444099357055956,0.9998223,0.0003823927
-1.0444026812279963,1.0001467,0.00038324585
-1.0434083156678184,1.0004495,0.00038230064
-1.0432049288088123,0.99985087,0.00038207302
-1.04302109774161,1.000467,0.0003824426
-1.0430138805050873,0.9998053,0.00038322966
-1.0420195033092896,0.9997236,0.00038214322
-1.041816124366528,0.99951756,0.00038211004
-1.0416322597771686,0.9998483,0.0003824445
-1.0416250797821809,1.0004612,0.00038329262
-1.0406306909498553,1.0005583,0.00038233155
-1.040427319925152,1.0002578,0.00038218507
-1.0402434218127272,1.0000262,0.0003824195
-1.0402362790592745,0.99984974,0.00038319392
-1.0392418785922373,0.9994454,0.00038206816
-1.0390385154837758,0.9996166,0.00038209656
-1.0388545843148567,0.9997967,0.00038235626
-1.038847478335002,0.9993984,0.0003830908
-1.0378530662346193,1.0003479,0.00038226615
-1.0376497110419443,0.99946827,0.0003820537
-1.0374657463504153,1.0000857,0.00038238335
-1.0374586776116401,0.9999534,0.00038326482
-1.0364642543422071,1.0000404,0.00038227142
-1.036260906134454,0.99976337,0.00038214045
-1.0360769083868835,1.0001161,0.00038246438
-1.0360698768887338,0.99956286,0.00038314372
-1.0350754419841337,1.0001018,0.00038219246
-1.0348721016912563,1.0000374,0.00038226097
-1.0346880704233516,1.0000327,0.00038245865
-1.0346810761658274,0.9997661,0.00038317536
-1.0336866296256049,0.9990851,0.000382071
-1.033483297248972,0.9994179,0.00038203603
-1.0332992324589103,0.99960357,0.00038237282
-1.0332922754420102,0.9999286,0.00038322987
-1.0322978172670787,0.99977726,0.00038218437
-1.0320944928066877,0.9994713,0.00038205797
-1.0319103944958323,0.99973345,0.0003823462
-1.0319034747191038,0.9997428,0.00038323537
-1.0309090049085525,1.0005388,0.00038225675
-1.0307056883653116,0.99955094,0.00038217913
-1.0305215565323005,0.999961,0.00038241135
-1.0305146735300807,0.99965405,0.00038321354
-1.0295201930147742,1.0001334,0.00038227995
-1.0293168839239355,0.999508,0.00038213722
-1.029132719033976,0.9997011,0.00038230536
-1.0291258728076298,1.0003545,0.0003833408
-1.028131380656248,0.9995081,0.0003820719
-1.0279280794816485,0.99974656,0.00038206932
-1.0277438810695347,0.9994511,0.00038234933
-1.027737072084268,0.9996574,0.00038317553
-1.02674256829863,1.0005153,0.00038223146
-1.0265392755050229,0.99913585,0.00038206094
-1.026355043106003,1.000114,0.00038241054
-1.0263482713609062,1.0000063,0.00038326066
-1.0253537564066733,0.99956155,0.00038214494
-1.025150471063194,1.0002862,0.00038220882
-1.024966205142471,0.99981,0.00038241682
-1.0249594706366336,0.9997941,0.00038320856
-1.0239649440485998,0.99897736,0.0003820536
-1.0237616666213625,0.9993584,0.0003820931
-1.0235773671784836,1.000496,0.00038244855
-1.0235706699141827,0.9992403,0.000383084
-1.022576131690529,0.9996989,0.00038222707
-1.0223728621781674,0.99935955,0.00038209365
-1.0221885296801592,1.0000135,0.00038239252
-1.022181869191729,1.0013759,0.0003834572
-1.0211873197976615,1.0000567,0.0003822496
-1.0209840577358804,1.0001816,0.00038209447
-1.0207996917157178,0.99946886,0.00038224767
-1.0207930684683673,1.000022,0.00038328202
-1.0197985074391327,0.9996735,0.00038220338
-1.0195952532945043,0.99961716,0.00038207238
-1.0194108537512765,0.9998918,0.0003824272
-1.0194042677450055,0.99922943,0.00038309422
-1.0184096950806065,1.0003929,0.00038224395
-1.0182064488531282,0.9995281,0.0003820632
-1.0180220157877446,0.99938613,0.00038228676
-1.0180154670216437,1.0004858,0.00038329032
-1.0170208831868308,0.9998392,0.0003821242
-1.0168176444108439,0.99990827,0.0003821568
-1.0166331778242128,1.0004662,0.00038246362
-1.0166266662973737,1.0001583,0.0003832883
-1.0156320708292128,0.9996092,0.00038212992
-1.0154288399685596,1.0001011,0.00038212514
-1.0152443403263423,1.0007318,0.0003825494
-1.0152378655749201,0.99978745,0.00038322384
-1.0142432584715948,0.99965054,0.00038216074
-1.014040035526728,0.99981374,0.00038213324
-1.013855502361901,1.0005157,0.00038246604
-1.0138490648524665,0.99969083,0.00038319943
-1.0128544465791827,1.0000168,0.00038224543
-1.0126512310848965,0.99940383,0.00038205276
-1.0124666643974596,0.9992014,0.00038228737
-1.0124602641291047,1.00026,0.0003832808
-1.0114656342206565,1.0011283,0.00038241406
-1.0112624266417014,0.9997174,0.00038216755
-1.011077826899589,0.9992002,0.00038229252
-1.011071463405743,0.9994488,0.0003831351
-1.0100768223282444,1.0004323,0.00038221455
-1.0098736221994171,0.9991072,0.00038205434
-1.0096889889351477,0.99937665,0.00038228123
-1.0096826626819284,1.0001433,0.00038332233
-1.0086880099697182,0.99944705,0.00038213437
-1.008484817758041,0.9999341,0.0003821601
-1.0083001509707064,0.9996912,0.00038234162
-1.008293861493358,1.0000625,0.00038328877
-1.0072991980763952,0.9998017,0.00038216996
-1.0070960133162095,1.0001729,0.00038221327
-1.0069113130071745,1.0002073,0.00038253493
-1.0069050607699963,0.999734,0.00038316767
-1.0059103857174136,0.99959123,0.00038215445
-1.005707208874378,1.00015,0.0003821288
-1.005522475509304,1.0000947,0.00038238973
-1.0055162600466345,0.9997946,0.00038322542
-1.0045215738245488,0.9996744,0.0003821336
-1.004318404432091,0.9993498,0.00038214296
-1.0041336375457721,1.0001819,0.00038248222
-1.0041274593237282,0.99894685,0.00038310117
-1.0031327614669308,0.9998651,0.0003821736
-1.0029295999898067,0.99918735,0.0003820695
-1.0027447995822403,0.99954045,0.0003823098
-1.0027386586008218,0.9997852,0.000383176
-1.001743949574974,0.99948454,0.00038212902
-1.0015407960136364,1.0000312,0.00038215844
-1.0013559620843697,1.0005829,0.0003824645
-1.00134985787746,1.0007828,0.0003833486
-1.0003551372169006,0.99963176,0.00038216828
-1.0001519915718076,0.99937505,0.00038204557
-0.9999671241199283,0.99916255,0.00038231266
-0.9999610571550089,0.9995827,0.00038319832
-0.9989663253244884,0.9995791,0.00038212643
-0.9987631871295205,1.000211,0.00038215233
-0.9985782866211482,0.99971014,0.00038244858
-0.9985722564307363,1.000214,0.00038328848
-0.9975775129659595,0.9995442,0.00038213568
-0.9973743826872336,0.9989211,0.000381985
-0.9971894486576164,0.9999375,0.0003824017
-0.9971834557073745,1.0000669,0.00038329433
-0.9961887010726392,0.9990366,0.00038202642
-0.9959855782454047,0.9999505,0.00038219529
-0.9958006106940845,0.9997161,0.00038237483
-0.9957946549840128,0.99970394,0.00038321986
-0.9947998887136577,0.999527,0.00038209258
-0.9945967738035731,0.9988826,0.00038192605
-0.994411773196214,0.99996704,0.0003823558
-0.9944058542615618,0.9999115,0.00038325138
-0.9934110768207901,0.9997838,0.00038222288
-0.9932079693612889,0.9998826,0.00038212474
-0.9930229352317727,0.99982786,0.00038241333
-0.9930170535382,1.0000378,0.00038325682
-0.9920222649288334,0.99951375,0.00038213097
-0.9918191649190019,0.99959046,0.0003820794
-0.9916340972673313,1.0001782,0.0003824924
-0.991628252815291,1.0002464,0.00038327876
-0.9906334525712154,0.9996857,0.00038219496
-0.990430360476715,0.9998532,0.00038217218
-0.9902452597694608,0.99989253,0.0003824027
-0.9902394520914765,1.0005207,0.0003833597
-0.9892446406783505,0.99917465,0.00038207433
-0.9890415565005474,0.9993564,0.0003820391
-0.9888564218050194,0.9996384,0.00038231275
-0.9888506513681147,0.9999553,0.0003832872
-0.9878558287859384,0.9999759,0.0003821933
-0.9876527520587158,1.0002288,0.0003822251
-0.9874675843062394,1.0000957,0.000382444
-0.9874618506442975,1.0008355,0.00038337996
-0.9864670164278676,0.99911505,0.00038201467
-0.9862639476164315,1.0001268,0.0003822142
-0.9860787463427075,0.9996055,0.00038234444
-0.9860730499222993,0.9999661,0.0003832126
-0.9850782045340892,1.0000001,0.00038224488
-0.9848751431741446,1.0001508,0.00038214927
-0.984689908844837,0.99986583,0.00038242486
-0.9846842491998457,0.9993667,0.0003831689
-0.9836893926412243,0.9999731,0.00038218545
-0.9834863387323131,0.99970376,0.00038216246
-0.9833010708813051,0.99997556,0.00038233047
-0.9832954484755757,1.000304,0.00038326168
-0.9823005802826982,0.9995609,0.00038215492
-0.9820975342904815,1.0000027,0.00038213888
-0.9819122333825251,0.99997437,0.00038244552
-0.9819066477522139,1.0002291,0.0003833343
-0.9809117683907415,0.9995465,0.0003820556
-0.9807087298481972,0.99956155,0.00038207657
-0.9805233954180838,1.0004549,0.00038254826
-0.9805178470288521,0.99979377,0.0003832659
-0.9795229564987847,0.99972063,0.00038217125
-0.9793199258724824,0.9997064,0.00038207573
-0.9791345579197578,1.0009655,0.00038258897
-0.9791290463054904,0.99991286,0.00038324983
-0.9781341441402559,0.99954957,0.0003821176
-0.9779311214311063,0.99953663,0.0003820566
-0.9777457199557719,1.0003134,0.00038245364
-0.9777402455830367,0.99987835,0.00038325478
-0.9767453322478438,1.0001752,0.0003821501
-0.9765423169879112,0.99944115,0.0003820676
-0.9763568824579013,1.0001171,0.00038243673
-0.9763514448605858,0.99979633,0.00038328153
-0.9753565203549789,0.9992099,0.00038214767
-0.9751535125456242,0.9996283,0.0003820858
-0.9749680444943695,0.9999576,0.0003823729
-0.9749626441363132,0.99969697,0.00038317085
-0.9739677084625668,1.0000266,0.00038218393
-0.9737647081033399,0.99938375,0.00038207922
-0.9735792069964989,0.99968725,0.00038237846
-0.9735738434129514,0.9994143,0.00038318746
-0.9725788961031298,1.0000589,0.00038224718
-0.9723759041267169,1.00027,0.00038221397
-0.9721903690329671,0.99973077,0.000382358
-0.972185042690045,1.0001456,0.00038319154
-0.9711900842102622,0.9999586,0.00038219598
-0.9709870996848854,0.99943584,0.00038205317
-0.970801531534187,0.9999644,0.00038235635
-0.9707962419671387,0.9996854,0.00038324678
-0.9698012723173973,0.99992996,0.00038218088
-0.9695982952435093,0.9998682,0.0003821217
-0.9694126935706552,0.9999746,0.00038237145
-0.969407441242866,1.0004995,0.00038335676
-0.9684124604254406,0.9992518,0.00038203096
-0.9682094908021331,0.99966186,0.00038210224
-0.9680238560718751,1.0005716,0.00038257593
-0.9680186405204151,0.99998033,0.000383347
-0.9670236485334839,1.0000347,0.00038218126
-0.9668206863603016,0.9994013,0.00038206083
-0.9666350181083433,0.9999023,0.00038247704
-0.9666298397970533,0.9999239,0.0003833026
-0.9656348361749577,0.9998659,0.00038213973
-0.9654318823827678,0.99986535,0.0003820722
-0.9652461806104727,1.0002667,0.0003825014
-0.9652410390741469,1.0000653,0.00038332623
-0.9642460242825456,0.99984866,0.00038209348
-0.9640430779404835,0.9990633,0.00038203798
-0.9638573431116927,1.0005292,0.00038252672
-0.9638522383512406,1.0003049,0.00038331945
-0.9628572123901334,0.9993781,0.00038207415
-0.9626542734981965,1.0000374,0.00038207637
-0.9624685051481608,0.99964803,0.00038237814
-0.9624634376278788,1.000314,0.000383298
-0.9614684004963577,0.9990414,0.00038207395
-0.9612654690559096,1.0007943,0.00038225116
-0.9610796676493808,1.0001789,0.00038238167
-0.9610746369036062,0.9999468,0.00038330365
-0.9600795886030374,0.9995227,0.0003821509
-0.9598766646140807,0.99987143,0.00038215343
-0.9596908296849395,0.9997814,0.0003824245
-0.9596858361811552,1.0000677,0.00038333665
-0.9586907767106253,0.999884,0.00038215838
-0.9584878606379105,1.0010049,0.00038225055
-0.9583019921866135,0.9995336,0.00038237066
-0.9582970354587016,1.0004779,0.0003833738
-0.9573019648186686,0.99962646,0.00038215154
-0.9570990561965343,1.0000255,0.00038216746
-0.9569131546887429,0.9994113,0.00038230175
-0.9569082347353398,1.0000947,0.00038335082
-0.9559131529267119,1.0004337,0.00038223978
-0.9557102517547028,1.0011183,0.0003823209
-0.9555243167256665,0.99913186,0.00038227957
-0.955519434011978,1.0001571,0.0003834513
-0.9545243410338443,0.9994999,0.00038208638
-0.9543214473119631,1.0000601,0.00038218754
-0.9541354792268865,0.999621,0.0003823628
-0.9541306332881608,0.99938613,0.00038317667
-0.9531355291409794,0.99967706,0.00038215853
-0.9529326433348847,0.9996854,0.000382099
-0.9527466412624451,0.9997473,0.00038242358
-0.9527418325643463,0.9999608,0.0003833128
-0.951746716782906,0.99963653,0.00038211586
-0.9515438388930532,0.9999453,0.00038215748
-0.9513578037641192,0.9995494,0.00038238816
-0.9513530323066458,1.0000061,0.0003832952
-0.9503579048895857,0.9997303,0.0003820738
-0.9501550344507689,1.0004414,0.00038226118
-0.9499689662657945,0.99981946,0.00038244613
-0.9499642315841922,1.0001382,0.00038332058
-0.9489690929962654,1.0001148,0.00038218746
-0.9487662300093928,0.99963635,0.00038216528
-0.9485801283013532,1.000378,0.00038253565
-0.9485754308617386,1.0003037,0.00038337146
-0.9475802811038533,0.9994212,0.00038211446
-0.9473774260336779,1.0002849,0.00038213716
-0.9471912908030272,1.0000366,0.0003823927
-0.9471866301383768,1.0002713,0.00038335958
-0.9461914692109884,0.9997538,0.00038212872
-0.945988621591391,1.0001373,0.00038216184
-0.9458024533056121,1.0007694,0.00038253042
-0.9457978294145623,1.0002304,0.00038335889
-0.9448026573190317,1.00023,0.00038224284
-0.9445998171495594,0.9995248,0.00038203894
-0.944413615808651,0.99979657,0.00038239022
-0.9444090286907451,1.0002981,0.0003834491
-0.943413845427075,1.0005983,0.000382296
-0.943211013172481,0.999402,0.00038202354
-0.9430247778442097,1.0008979,0.0003826458
-0.9430202279678387,1.0005174,0.0003833982
-0.9420250339998687,0.99984616,0.00038215469
-0.9418222087297413,0.99940896,0.0003821096
-0.9416359403463391,0.99953246,0.0003824224
-0.9416314272449297,0.99992687,0.00038339567
-0.9406362221070012,1.0003272,0.00038217884
-0.9404334042874544,0.99948627,0.00038203262
-0.9402471028475591,1.0001249,0.00038243496
-0.9402426265215679,1.0002286,0.00038333095
-0.9392474102141363,0.99988633,0.0003821094
-0.9390445998460782,0.9998973,0.0003821652
-0.9388582648831177,0.9994452,0.00038239165
-0.9388538257991169,1.0003854,0.00038338918
-0.9378585983203606,0.99998707,0.0003821685
-0.9376557958703634,0.99982214,0.00038222605
-0.9374694273847918,0.99976695,0.00038236368
-0.9374650250748443,1.0002522,0.0003834203
-0.9364697864279484,1.0005282,0.00038229217
-0.9362669914285319,0.99949294,0.00038207765
-0.9360805898869212,1.0007946,0.00038257206
-0.9360762243523933,0.99970067,0.0003832996
-0.9350809745355363,1.0002533,0.0003823012
-0.9348781869862476,0.99960715,0.0003821784
-0.9346917523895061,0.9997703,0.0003824218
-0.9346874236290316,0.9992578,0.00038332475
-0.9336921626435796,0.99979585,0.00038215617
-0.9334893830096246,1.0006405,0.00038226607
-0.933302914890726,1.0002359,0.00038245562
-0.9332986229056698,1.0000124,0.00038351945
-0.9323033507516229,0.9998661,0.0003821067
-0.932100578567793,0.9991396,0.0003819935
-0.9319140769262847,1.000084,0.00038242093
-0.931909822182308,0.9994006,0.000383325
-0.930914538858758,0.999667,0.0003821583
-0.9307117741250507,0.9995081,0.00038204005
-0.9305252394279587,0.9994173,0.00038228894
-0.9305210219255184,0.99941045,0.00038328438
-0.9295257269658931,1.0001315,0.00038217034
-0.9293229701479723,0.9996175,0.00038209892
-0.9291364019296341,0.9999138,0.00038243388
-0.9291322212021567,1.000065,0.0003833435
-0.9281369155391422,0.9998621,0.00038212587
-0.9279341657065961,0.9994487,0.00038207
-0.927747564430854,0.99949557,0.00038228717
-0.9277434204792475,1.0003923,0.0003834582
-0.9267481036458193,1.0000163,0.00038214753
-0.92654536126522,0.9999922,0.00038217183
-0.9263587269329835,0.99991554,0.00038245815
-0.9263546197554331,1.0001222,0.00038341826
-0.9253592917520462,0.9993406,0.00038211487
-0.9251565572890524,0.99932665,0.00038205038
-0.9249698889694516,0.9999778,0.00038250652
-0.9249658190320713,1.0011503,0.00038363595
-0.9239704798596341,1.0000948,0.00038220722
-0.9237677528467655,0.9997489,0.00038207925
-0.9235810514711257,0.99984026,0.00038243263
-0.9235770183077986,0.9998806,0.00038331264
-0.9225816679676774,1.0007215,0.00038228225
-0.9223789484044785,0.99953824,0.00038209
-0.922192213972801,1.0003818,0.00038256915
-0.9221882175858004,1.0002816,0.00038339908
-0.9211928565413819,1.0005488,0.00038233277
-0.9209901444278555,1.0000387,0.00038215026
-0.920803376474021,0.9998898,0.0003824911
-0.9207994168638022,0.9995605,0.00038327495
-0.9198040446489698,0.9999882,0.00038213408
-0.9196013399855713,0.99997085,0.00038219348
-0.919414538975695,0.9999456,0.0003824111
-0.9194106161395322,1.0001401,0.00038342475
-0.9184152327561023,0.9995723,0.0003821176
-0.9182125355432843,0.9997375,0.00038214843
-0.9180257014773704,0.99964064,0.00038241976
-0.9180218154161705,1.000178,0.0003834608
-0.9170264208632374,1.0004369,0.00038224575
-0.9168237315675695,1.0000976,0.000382154
-0.916636863514748,0.99971914,0.00038236228
-0.9166330146928087,0.9996823,0.00038327824
-0.9156376094360338,0.99979824,0.0003822193
-0.9154349271252825,1.0006173,0.00038219217
-0.9152480260173316,0.9994442,0.0003823917
-0.9152442144351082,0.9996115,0.00038329096
-0.9142487975422554,1.0003967,0.00038221222
-0.9140461226834536,0.9998039,0.00038217998
-0.9138591885190069,0.99972516,0.0003824164
-0.9138554137126546,1.0001762,0.00038344905
-0.9128599856498459,0.9996701,0.00038207954
-0.9126573187072834,0.9992264,0.00038202308
-0.9124703510202269,0.99887085,0.000382232
-0.9124666129902036,0.99895954,0.00038329052
-0.9114711742230951,0.9997507,0.0003821083
-0.9112685142649991,0.99964637,0.00038207372
-0.9110815135214468,1.0002545,0.0003825022
-0.911077812265931,1.0002784,0.00038347105
-0.9100823623311384,0.9997423,0.0003821553
-0.9098797102883734,1.0003835,0.00038220102
-0.9096926760235763,1.0000671,0.00038253402
-0.9096890115425692,1.0009952,0.00038359602
-0.9086935504387262,0.9997317,0.00038213964
-0.9084909058465419,1.0003947,0.00038219464
-0.9083038385247962,0.99890965,0.00038229965
-0.9083002108187547,1.0000671,0.0003834938
-0.9073047385463168,0.9998327,0.00038211732
-0.9071021014042576,0.9995341,0.00038215815
-0.9069150010269257,1.0001658,0.00038241138
-0.9069114100958456,0.9997337,0.0003834247
-0.9059159271191105,0.9999081,0.00038212555
-0.9057132974280874,1.0000768,0.00038218766
-0.9055261635290551,0.99988526,0.00038244235
-0.9055226093724839,0.99976516,0.0003833958
-0.9045271152257902,0.9994929,0.00038214156
-0.9043244929858031,0.99958915,0.00038208065
-0.9041373260302751,1.0002347,0.00038247902
-0.9041338086500329,0.999211,0.00038335443
-0.9031383037981312,0.9998735,0.00038219956
-0.9029356890091774,0.99963266,0.00038210762
-0.9027484885324045,0.9998007,0.00038243498
-0.9027450083923324,0.9998259,0.0003834468
-0.9017494919052637,1.0001022,0.00038217782
-0.9015468845673459,0.99952567,0.00038206432
-0.9013596510336245,0.99981517,0.00038247585
-0.9013562076689706,1.0006697,0.00038354774
-0.9003606800128515,0.999719,0.00038213166
-0.9001580801255143,1.0004942,0.00038225026
-0.8999708135348444,1.0003752,0.00038252264
-0.8999674069456088,1.0000979,0.00038341407
-0.8989718685865561,0.9996507,0.00038214595
-0.8987692761488913,0.99963295,0.00038209505
-0.8985819760365185,0.99998885,0.00038242055
-0.898578606223158,0.9996191,0.0003835297
-0.8975830566945994,0.999518,0.0003820602
-0.8973804717066071,0.9992136,0.00038215372
-0.8971931385381938,1.0000083,0.00038251161
-0.8971898054988853,0.99960786,0.00038337868
-0.8961942452678485,0.99953514,0.00038220533
-0.8959916677304368,0.999992,0.00038212235
-0.8958043010403233,0.9995514,0.00038245178
-0.8958010047759789,1.0002992,0.00038358665
-0.8948054333749836,0.99977463,0.00038218286
-0.8946028632886053,0.99923176,0.00038208102
-0.8944154635424527,0.9997702,0.00038238027
-0.8944122040530726,1.000004,0.00038352815
-0.8934166219468692,0.9997439,0.00038212087
-0.8932140593119796,1.0002117,0.0003821955
-0.8930266260436727,0.99984276,0.00038242663
-0.8930234037958248,1.000063,0.0003835573
-0.8920278100540017,0.9994437,0.00038212704
-0.8918252548696953,0.9991919,0.00038206304
-0.8916377885453467,0.9999695,0.00038243848
-0.8916346030729184,0.99988276,0.00038344855
-0.8906389986267981,1.000013,0.00038216182
-0.8904364504278638,1.0000528,0.00038212334
-0.8902489510470221,0.9995921,0.00038230323
-0.8902458023491012,1.0004417,0.0003835727
-0.8892501867339332,1.0001543,0.00038219636
-0.8890476464512408,0.99978817,0.00038213984
-0.888860113548242,1.0000894,0.0003824378
-0.8888570016252868,1.0002521,0.00038366113
-0.8878613748419765,0.9994054,0.00038209336
-0.8876588420098647,0.9997571,0.00038210803
-0.8874712760503715,0.9996592,0.00038243303
-0.887468200901925,1.000049,0.00038350964
-0.886472563415681,0.9999475,0.00038222113
-0.8862700380341498,1.0000949,0.00038213332
-0.8860824385534104,0.999829,0.00038237334
-0.8860794001794713,1.0005579,0.00038363016
-0.8850837519889302,1.0000844,0.0003821908
-0.8848812335914075,0.99998623,0.0003823373
-0.8846936010555398,0.9998456,0.00038247067
-0.8846905994570177,1.0001028,0.00038357466
-0.8836949400965181,0.9996893,0.00038218359
-0.8834924296143291,0.9996016,0.00038215914
-0.8833047635567598,0.99996245,0.00038248123
-0.8833017991993172,0.99985844,0.00038351724
-0.8823061286693118,1.000294,0.0003822673
-0.8821036251725002,0.99940145,0.00038211918
-0.8819159260588892,0.9998937,0.0003824485
-0.8819129984750472,0.99990034,0.0003835572
-0.8809173167759915,1.0003648,0.00038226284
-0.8807148211958745,0.99942034,0.0003820463
-0.8805270885601092,1.0001745,0.00038246342
-0.8805241977516854,0.9998105,0.00038354337
-0.8795285053483325,1.0000694,0.00038222998
-0.8793260167535876,0.9991173,0.00038209595
-0.8791382510613291,1.0007508,0.00038262774
-0.8791353970287791,0.999983,0.00038366462
-0.8781396934554649,1.0004072,0.00038221074
-0.8779372127778727,0.9996001,0.00038210515
-0.8777494135630032,1.000252,0.0003824972
-0.8777465963063255,0.9993532,0.0003834138
-0.8767508820287168,0.99912065,0.00038206085
-0.8765484083364966,0.9996496,0.00038216283
-0.8763605760651326,1.0000998,0.00038239316
-0.8763577955834191,0.9996626,0.00038356936
-0.8753620706019659,0.99992025,0.00038218818
-0.875159604360329,0.99956983,0.00038209
-0.8749717390333788,0.9993785,0.00038235117
-0.8749689953257186,1.0002276,0.00038365205
-0.8739732587100092,1.0007021,0.00038234892
-0.8737707999175894,0.9996223,0.00038209304
-0.8735829015345987,1.0004381,0.0003825081
-0.873580194601446,0.9992379,0.00038345892
-0.8725844472832583,1.0004209,0.00038218725
-0.8723819959405082,0.99981004,0.00038216962
-0.8721940640358187,0.9999419,0.00038242165
-0.8721913938780842,0.999649,0.00038357585
-0.8711956358565103,0.999326,0.00038205602
-0.870993191498224,1.0000554,0.0003821799
-0.8708052265374927,1.0001992,0.00038246074
-0.8708025931551778,0.99891984,0.00038344192
-0.8698068239627318,0.9999832,0.00038223586
-0.8696043875220537,0.9998786,0.00038211362
-0.8694163890391681,1.0002782,0.00038252064
-0.8694137924322715,0.9997352,0.00038355612
-0.8684180125355282,0.9995928,0.00038212317
-0.8682155830797695,0.99934256,0.00038209403
-0.868027551540388,0.9999475,0.00038247518
-0.8680249917089097,1.0002501,0.00038369867
-0.8670292006426634,0.99972475,0.0003821225
-0.8668267791040547,0.9996281,0.00038211394
-0.8666387145081788,0.99988633,0.00038244828
-0.8666361914516647,0.9994712,0.0003834853
-0.865640389215457,0.9996702,0.00038214
-0.8654379746626786,1.000069,0.0003821524
-0.8652498770103082,0.99899566,0.00038225378
-0.8652473907278474,1.0005808,0.00038365225
-0.8642515777891616,0.9997496,0.00038216703
-0.8640491706860528,0.9999684,0.000382171
-0.8638610395119822,1.0001934,0.00038245117
-0.8638585900049411,0.99989253,0.000383623
-0.8628627663628662,0.9994085,0.000382155
-0.8626603662437659,0.99963003,0.0003820443
-0.8624722020136576,1.0002825,0.00038257742
-0.8624697892820348,0.9992686,0.00038353435
-0.861473954470454,0.9995213,0.00038207564
-0.8612715622662348,0.9995225,0.0003820585
-0.8610833645148775,0.9999419,0.00038243257
-0.861080988558673,1.0001922,0.0003836504
-0.8600851430437032,0.99941653,0.00038211228
-0.8598827578244032,1.0000126,0.00038221254
-0.8596945274826683,1.0006574,0.0003825647
-0.8596921883009725,0.99971056,0.00038360126
-0.8586963316155916,1.0000354,0.00038214127
-0.8584939538482329,0.9996408,0.00038209034
-0.8583056899847977,0.999957,0.000382475
-0.8583033875780633,1.0000468,0.00038362062
-0.8573075201879298,1.0006555,0.00038225652
-0.8571051494068568,0.99999714,0.00038210308
-0.8569168524869272,0.9996342,0.0003823604
-0.856914586855157,0.9991459,0.00038350574
-0.8559187082955176,1.0002259,0.000382234
-0.855716345431142,0.9999561,0.00038214345
-0.8555280149890566,0.9997763,0.00038232352
-0.8555257861317952,1.0001243,0.0003836297
-0.854529896868314,1.0000559,0.0003821979
-0.8543275414545163,1.000138,0.0003821897
-0.8541391779568474,1.0000043,0.0003824046
-0.8541369854084334,0.99940103,0.00038357527
-0.8531410854411106,0.9992859,0.00038211557
-0.852938737012232,0.9997149,0.00038213402
-0.8527503404580673,0.99967533,0.00038241796
-0.8527481851502775,1.0001127,0.0003836416
-0.8517522740148151,0.9997905,0.00038209488
-0.8515499330351536,0.99975806,0.00038214805
-0.8513615029592873,1.0003887,0.00038243138
-0.8513593844264631,0.99936414,0.00038354515
-0.8503634625885197,1.0002272,0.00038222072
-0.8501611285924112,0.9996556,0.00038213455
-0.8499726654609613,1.0005885,0.00038256243
-0.8499705837040094,1.0001489,0.00038372033
-0.8489746506961074,0.9997676,0.00038212843
-0.8487723246157882,1.0004045,0.00038229953
-0.8485838284282979,1.0001452,0.00038244692
-0.8485817829820111,0.9991443,0.0003835686
-0.8475858392684458,0.9992924,0.00038209144
-0.8473835201744121,0.99938726,0.0003820983
-0.8471949909304274,1.0004954,0.00038251016
-0.847192982258194,1.0013026,0.00038389303
-0.8461970278407868,1.0003549,0.00038224968
-0.8459947161986973,0.99971247,0.00038212456
-0.8458061534325568,1.00032,0.0003824592
-0.8458041820004935,1.0007042,0.00038365863
-0.8448082164140387,1.0002635,0.00038217357
-0.844605912222527,1.0005062,0.00038226257
-0.8444173163994381,1.0005188,0.00038250643
-0.844415381276679,0.99945545,0.00038356587
-0.8434194049868323,0.99972725,0.00038211374
-0.8432171077806982,0.9997619,0.0003821765
-0.8430284789011121,0.9997259,0.0003824309
-0.8430265805537699,1.0002761,0.000383717
-0.8420305935596261,0.99996114,0.00038217162
-0.8418283038040725,0.99925315,0.00038205195
-0.8416396414027875,0.99995536,0.00038242384
-0.8416377798304081,1.0001245,0.00038375464
-0.8406417821333306,1.0007833,0.00038228254
-0.8404394993613328,1.0005745,0.00038226854
-0.8402508043696687,0.9996588,0.00038238778
-0.840248979573163,0.99998206,0.00038360283
-0.8392529707070352,0.9996412,0.00038212546
-0.8390506953842545,0.99960166,0.0003821045
-0.8388619668713427,0.99957,0.00038231682
-0.8388601788502567,0.9998589,0.0003836279
-0.8378641588141703,0.9992985,0.00038214173
-0.8376618914076287,1.000489,0.00038234174
-0.8374731293730181,1.000314,0.0003824431
-0.8374713781268949,0.9999174,0.00038362175
-0.8364753473874195,1.0002007,0.00038223428
-0.8362730869662526,0.9996423,0.0003821365
-0.8360842923408088,0.9998411,0.00038236115
-0.8360825774035331,0.9998392,0.0003836662
-0.8350865359597605,1.0002365,0.0003822594
-0.8348842829905377,1.000004,0.0003821794
-0.8346954548429383,1.0000607,0.0003825146
-0.8346937766806268,1.0000012,0.0003837276
-0.8336977245321014,0.99976873,0.00038213833
-0.8334954785482508,0.9993959,0.00038201569
-0.8333066173441582,0.99946225,0.00038237445
-0.8333049764224708,1.0002211,0.0003837535
-0.8323089131053506,1.0003346,0.000382242
-0.8321066745720832,0.99977064,0.0003820604
-0.831917780311949,0.99988407,0.00038241895
-0.8319161756995646,1.0000626,0.00038372006
-0.8309201016781471,1.0000476,0.00038220547
-0.830717870595913,1.0005366,0.00038226348
-0.8305289428140784,0.99999017,0.0003825346
-0.8305273749766582,1.0002056,0.0003837536
-0.8295312902518517,1.0001901,0.00038217352
-0.8293290661536288,1.0001278,0.00038215774
-0.8291401057814137,1.000009,0.00038242934
-0.8291385742532964,1.0007228,0.0003838188
-0.8281424788255562,0.999631,0.0003821463
-0.8279402621765476,0.9996115,0.0003821023
-0.8277512682830891,0.99997044,0.00038243356
-0.8277497739955959,0.99983335,0.00038371226
-0.8267536673983499,1.000307,0.00038223586
-0.8265514582003773,1.0002744,0.00038216662
-0.8263624307852185,0.99953216,0.00038239406
-0.8263609732722341,1.0003617,0.00038375502
-0.825364855971599,0.9994399,0.00038206452
-0.8251626537590012,0.99959326,0.00038207538
-0.8249735937530093,1.0005865,0.00038249465
-0.8249721725488723,0.99926597,0.00038363133
-0.82397604454394,0.99960196,0.00038216764
-0.8237738497823782,1.000385,0.00038228734
-0.8235847562542292,1.0000075,0.00038248094
-0.8235833718255106,1.0003285,0.00038381902
-0.8225872331158256,1.0005282,0.0003822362
-0.8223850458057553,0.99980843,0.00038212514
-0.8221959192215645,0.99976146,0.00038236816
-0.8221945715678101,0.9998494,0.00038368776
-0.8211984216890748,0.9997649,0.00038225605
-0.8209962413639237,1.0002674,0.00038214988
-0.8208070817232399,1.0000596,0.00038241482
-0.8208057708453563,1.0000949,0.00038378013
-0.8198096107279852,0.9994744,0.0003821338
-0.819607437387298,0.9995402,0.0003820727
-0.8194182446901211,1.0004822,0.00038252005
-0.8194169701229027,0.9994361,0.00038362987
-0.8184207993007816,0.9995077,0.0003820925
-0.8182186334111278,0.999839,0.00038215547
-0.8180294071917952,1.0003057,0.00038250204
-0.8180281693986328,0.9994014,0.00038365577
-0.8170319878744862,0.9999327,0.0003820907
-0.8168298289688435,1.0005817,0.0003822189
-0.8166405696939246,0.9999827,0.00038248414
-0.8166393691409323,0.99961996,0.00038380202
-0.8156431764481907,1.0003263,0.00038221583
-0.8154410249922206,0.99969184,0.0003820906
-0.8152517326617154,0.99989104,0.0003823892
-0.8152505684175705,1.000235,0.00038373828
-0.8142543650209872,0.9999039,0.00038212983
-0.8140522210160502,0.9995291,0.00038207904
-0.8138628951633907,0.9997511,0.0003824306
-0.8138617676951169,1.0001897,0.00038384343
-0.8128655535937809,0.9998426,0.00038220818
-0.8126634165742187,1.0007535,0.0003822414
-0.812474058130272,0.9996706,0.0003824247
-0.8124729674383272,1.0002495,0.00038384166
-0.8114767421656665,1.0000986,0.0003822452
-0.811274612597593,0.9996786,0.00038221825
-0.811085220631946,1.001635,0.00038278007
-0.81108416671451,0.99969107,0.0003837345
-0.8100879307389156,1.0003663,0.0003822566
-0.80988580862097,0.9998405,0.00038212028
-0.8096963835992826,1.000148,0.0003825797
-0.8096953659906928,0.99997497,0.00038370184
-0.8086991197778288,1.000038,0.000382176
-0.8084970041791385,0.9990548,0.00038203574
-0.8083075465661639,0.999976,0.0003824581
-0.808306565267331,1.0003555,0.00038386846
-0.8073103083506225,0.9994088,0.00038208932
-0.807108200202971,0.99993867,0.000382163
-0.8069187090682933,0.9996831,0.00038241202
-0.8069177650096305,1.0003271,0.00038385656
-0.805921496924327,0.99991554,0.00038225914
-0.8057193962263453,1.0001202,0.000382208
-0.8055298720360841,0.9999319,0.00038240256
-0.8055289642871796,1.000181,0.0003837492
-0.8045326854980316,0.9996437,0.00038214918
-0.8043305922497196,1.000655,0.00038230352
-0.8041410345377581,1.0004052,0.00038251388
-0.8041401635638178,0.9998659,0.00038374116
-0.8031438740708253,0.9995227,0.00038215407
-0.8029417878078907,0.99974865,0.0003821024
-0.8027521975055488,1.00062,0.00038250998
-0.8027513628409115,1.0003288,0.00038378424
-0.8017550631088276,1.0003768,0.00038223524
-0.801552983831265,1.0001967,0.0003822192
-0.8013633600076783,1.0000584,0.00038244395
-0.8013625625827555,1.0001293,0.000383834
-0.8003662516811686,0.9998394,0.00038216388
-0.8001641798550976,0.99965465,0.00038202578
-0.7999745229750149,1.0000975,0.0003824615
-0.7999737618598493,0.99988675,0.0003837834
-0.7989774402539623,0.9997951,0.00038216988
-0.7987753754128105,1.0001535,0.00038217264
-0.7985856854762349,0.99909025,0.00038234305
-0.7985849611369429,1.0005287,0.00038386552
-0.7975886288272142,0.999534,0.00038213373
-0.7973865714361849,1.0005469,0.00038219182
-0.7971968484440256,1.0005434,0.00038261578
-0.797196160878787,0.99949,0.00038368287
-0.7961998174004633,1.0010762,0.00038232675
-0.79599776746047,0.99949634,0.00038214767
-0.7958080114118163,1.0000507,0.00038249622
-0.7958073601558806,1.0005481,0.00038384317
-0.7948110064398292,0.9990938,0.00038210163
-0.7946089634843024,1.0003526,0.0003821931
-0.7944191739134904,1.0002521,0.0003825206
-0.7944185594325188,0.9999066,0.00038380764
-0.7934221950135337,1.0001063,0.00038219348
-0.7932201590415628,0.9992002,0.00038202733
-0.793030336880827,1.0001235,0.0003825305
-0.7930297591757264,1.0003655,0.00038386544
-0.7920333835863302,1.0000625,0.00038214214
-0.7918313550649371,0.9997348,0.00038201665
-0.791641499382047,0.9999155,0.00038248816
-0.7916409584523646,0.99989885,0.00038391308
-0.7906445726238743,0.99948794,0.00038212113
-0.7904425510887668,1.0003194,0.00038212226
-0.7902526623493823,1.0000211,0.00038243496
-0.7902521577290028,0.9997436,0.00038377597
-0.7892557611966707,1.0003335,0.00038224563
-0.7890537471125966,1.0000683,0.00038215372
-0.788863825316719,0.9996918,0.00038238824
-0.7888633570051856,1.0001854,0.0003837871
-0.7878669497694673,1.00008,0.00038222887
-0.7876649426703123,1.0000539,0.00038221458
-0.7874749878179389,1.0003784,0.00038251784
-0.7874745567470325,1.0004306,0.00038392952
-0.7864781388079222,0.99978125,0.00038218804
-0.7862761386945974,1.0005867,0.0003822792
-0.7860861507857296,1.0000249,0.00038244142
-0.7860857560241233,1.000388,0.0003838362
-0.7850893273811713,0.9998428,0.00038215594
-0.7848873347188826,1.0001467,0.00038216417
-0.7846973137535204,0.9999394,0.0003823801
-0.7846969553016725,0.9997388,0.00038383142
-0.7837005159544205,1.0004466,0.00038242654
-0.7834985307422597,1.0001094,0.00038217858
-0.7833084762551944,1.0002167,0.0003825105
-0.7833081550444246,0.99985373,0.00038374568
-0.7823117049937863,0.99987155,0.00038219846
-0.7821097267651785,0.9998439,0.00038206603
-0.781919639222531,1.0000098,0.0003824577
-0.7819193543210629,0.9997233,0.00038376582
-0.7809228935674909,1.0001391,0.00038212124
-0.7807209223224388,1.0002342,0.00038218728
-0.7805308021894123,1.0006548,0.0003825541
-0.7805305535967929,0.99981683,0.000383865
-0.7795340826059486,0.99919194,0.00038211964
-0.779332118345816,1.0004295,0.00038217264
-0.7791419646906322,0.99964356,0.00038237523
-0.7791417533390924,0.99960715,0.00038375656
-0.7781452711782896,0.99993914,0.0003821371
-0.7779433143696456,0.9996799,0.00038214502
-0.777753127658423,1.000452,0.00038256054
-0.7777529526166388,0.9996899,0.00038382504
-0.7767564597506279,1.0000707,0.00038219022
-0.7765545103934753,1.0002983,0.00038218172
-0.7763642906262137,1.0003535,0.00038245774
-0.7763641518941878,0.99884677,0.00038370374
-0.7753676487890856,1.0006073,0.00038231545
-0.7751657064177605,1.0005277,0.00038225006
-0.7749754535944585,1.0000128,0.00038247305
-0.7749753516364873,0.9994543,0.0003837726
-0.7739788373623347,0.9992561,0.00038209182
-0.7737769019763844,1.0004472,0.0003821833
-0.7735866160970434,0.99980664,0.00038241313
-0.7735865509131256,1.0003276,0.00038391084
-0.7725900264007924,1.0001023,0.00038215102
-0.7723880979997587,0.9999753,0.00038213955
-0.7721977790639246,0.99965984,0.00038245716
-0.772197750188853,0.9998351,0.00038391261
-0.771201214974497,1.0002936,0.00038215437
-0.7709992940226803,1.0004605,0.00038222907
-0.7708089499316079,0.99958044,0.000383829
-0.7708089420308059,1.0000738,0.00038243152
-0.7698124040138629,0.9992991,0.00038215192
-0.7696104900456019,0.9998869,0.000382163
-0.7694201492087015,1.0000302,0.0003838338
-0.7694201049981412,0.9995133,0.0003823256
-0.768423592587112,1.0008864,0.00038233708
-0.7682216860689762,1.0000618,0.00038216653
-0.7680313484857952,1.000443,0.0003839483
-0.7680312674998165,0.99972194,0.00038239924
-0.7670347816246589,1.0001222,0.00038222017
-0.7668328816266919,0.99964535,0.0003821215
-0.7666425482285502,0.99975264,0.0003838095
-0.7666424304676073,1.000136,0.00038254412
-0.7656459701974554,1.0000445,0.000382232
-0.7654440776509771,1.0006818,0.00038228746
-0.765253747504733,1.0002943,0.00038388337
-0.765253593435398,1.0000658,0.00038248068
-0.7642571592359103,1.0001651,0.00038223073
-0.7640552736752623,1.000217,0.00038219392
-0.7638649467818266,0.9996028,0.00038380816
-0.7638647564022792,0.9998986,0.0003824623
-0.762868347808704,0.99979997,0.00038218437
-0.762666469699092,0.9998043,0.00038215212
-0.7624761465241261,1.0006388,0.00038392638
-0.7624759189039533,1.0005128,0.00038251543
-0.7614795368476172,0.9987089,0.00038207692
-0.7612776657229245,0.9996668,0.00038212407
-0.7610873458007643,0.99920046,0.00038382268
-0.7610870818712899,1.0001043,0.0003824781
-0.7600907254213217,0.9991681,0.00038207154
-0.759888861745388,1.0000266,0.00038213594
-0.7596985450778552,1.0004083,0.00038393372
-0.7596982448381712,1.000372,0.00038260088
-0.7587019144606876,0.9997486,0.0003821041
-0.758500057768765,1.0001407,0.00038217867
-0.7583097448206101,0.9998043,0.00038385807
-0.7583094078055065,1.0000565,0.00038251068
-0.7573131030339367,1.0001581,0.0003822658
-0.7571112533264808,0.99982935,0.00038211528
-0.7569209440972483,0.9996068,0.00038385417
-0.7569205707732972,0.99992824,0.0003824874
-0.7559242920714836,1.0000747,0.00038221583
-0.7557224493507659,1.0000799,0.00038213216
-0.7555321433747947,1.0000442,0.00038403802
-0.7555317332754267,1.0005112,0.00038252663
-0.7545354811094859,0.99985874,0.00038216615
-0.7543336453750511,1.0000529,0.0003821976
-0.754143343116186,0.9996679,0.0003839274
-0.7541428962427633,1.0003225,0.00038254232
-0.753146669682735,0.9998252,0.0003821336
-0.7529448413984253,1.0000242,0.00038220556
-0.7527545423928242,0.9996552,0.0003838471
-0.7527540592096446,1.0011322,0.00038264517
-0.7517578587211928,1.0008358,0.00038234933
-0.7515560374222551,0.9994275,0.0003820403
-0.751365741669007,0.999971,0.0003839044
-0.7513652221769799,1.0001467,0.00038254468
-0.7503690472939865,0.99995905,0.0003822117
-0.7501672334456321,1.000012,0.00038217352
-0.7499769414117621,1.0,0.00038391864
-0.7499763851443165,1.0001394,0.00038250902
-0.7489802363333523,0.99969566,0.00038214168
-0.7487784294685538,1.0000846,0.00038208772
-0.7485881406893083,0.99998635,0.0003839606
-0.7485875481111978,0.9998917,0.0003824256
-0.7475914253727182,0.9995764,0.000382112
-0.7473896250258113,1.0001937,0.00038216045
-0.7471993404320634,0.99952394,0.000383907
-0.747198711079898,1.0000042,0.00038247881
-0.7462026139459673,1.0010968,0.00038239788
-0.7460008210500965,0.99950045,0.0003820505
-0.7458105397082461,1.0000468,0.0003839625
-0.7458098740485982,0.9999914,0.00038246956
-0.7448138029839696,0.99998736,0.0003821903
-0.7446120170743816,0.99978673,0.000382045
-0.7444217389848843,1.000288,0.00038398977
-0.7444210365498182,0.9997824,0.0003823817
-0.743424992021972,0.99967533,0.00038214988
-0.7432232130982114,0.99953973,0.0003820758
-0.7430329387262757,1.000245,0.0003840401
-0.7430321995166994,0.9993412,0.00038238568
-0.742036180595221,0.9991356,0.0003820891
-0.7418344091215885,0.99914074,0.0003820194
-0.7416441380042775,0.999775,0.0003839542
-0.7416433624840347,0.99984014,0.00038244607
-0.7406473696336761,1.0000362,0.00038221286
-0.7404456051449655,1.0003171,0.00038220632
-0.740255337282282,1.0002153,0.00038409233
-0.7402545254513714,0.99989426,0.00038244834
-0.7392585586721337,0.99955225,0.00038213196
-0.7390568011687952,0.9999547,0.00038222308
-0.7388665370236707,0.99923754,0.00038391163
-0.7388656884182526,1.000517,0.00038252035
-0.7378697477105916,0.9999308,0.0003822414
-0.737667997192625,0.9996304,0.0003821215
-0.7374777363003089,1.0001181,0.00038402094
-0.7374768513855879,1.0004205,0.0003825007
-0.7364809362842961,0.999498,0.00038208166
-0.7362791932150912,0.99969393,0.00038206793
-0.7360889360426084,0.9995007,0.00038395572
-0.7360880143533787,0.9998151,0.00038248935
-0.735092125323662,0.9992686,0.00038213396
-0.7348903892389208,1.0003198,0.0003822328
-0.7347001353192466,0.9999613,0.00038396448
-0.7346991773211694,1.0003867,0.00038257195
-0.7337033143625724,0.9995753,0.00038217902
-0.733501585263206,0.999111,0.00038204918
-0.7333113345963402,0.99940175,0.00038385083
-0.7333103402885061,0.9994499,0.00038239593
-0.7323145034005719,1.000141,0.00038219386
-0.7321127812865831,0.999502,0.0003821046
-0.7319225343390952,0.9992358,0.00038384262
-0.7319215032553873,0.9995513,0.0003823262
-0.7309256919729129,1.0005163,0.00038232733
-0.7307239768447515,1.0001279,0.00038214462
-0.7305337336157334,1.0002667,0.00038397236
-0.7305326662227226,1.0002002,0.00038252384
-0.7295368810118261,0.99990535,0.00038224834
-0.7293351728681258,1.0009131,0.00038227867
-0.7291449333580329,1.0003076,0.0003840301
-0.7291438291900593,1.0000638,0.0003824763
-0.728148070050281,0.99976754,0.0003821379
-0.7279463688915029,0.99974036,0.00038209092
-0.7277561326346711,1.0000468,0.0003840579
-0.7277549921569405,1.0002294,0.00038259532
-0.7267592590887361,0.9994643,0.00038216505
-0.7265575649153325,1.0006347,0.0003822313
-0.7263673319122175,0.99965274,0.00038398727
-0.7263661551247312,0.9999489,0.00038252838
-0.7253704481281019,0.9999661,0.0003822089
-0.725168760939165,1.0001107,0.00038214648
-0.7249785316536088,1.0003835,0.00038401474
-0.724977318092522,0.9998123,0.00038251467
-0.7239816371674678,0.99974936,0.00038213667
-0.7237799569625394,0.9990496,0.00038203466
-0.7235897309311552,1.0000329,0.0003840373
-0.7235884810598573,1.0005121,0.00038256796
-0.7225928257407197,0.99984056,0.00038219005
-0.7223911529859136,1.0003409,0.00038220742
-0.7222009306734547,1.0001773,0.0003840239
-0.7221996440271939,1.0002108,0.00038247954
-0.721204014778722,0.99945104,0.0003821213
-0.7210023490097461,0.9997318,0.00038215696
-0.7208121299505483,0.9994145,0.00038392472
-0.7208108069940752,0.99929225,0.00038236254
-0.7198152038162661,1.0002278,0.00038228708
-0.7196135450335759,1.0001408,0.0003822222
-0.7194233292276392,1.0002018,0.00038416317
-0.7194219699618659,1.0006201,0.00038262882
-0.7184263928551793,0.9991917,0.0003821399
-0.7182247410569529,0.99971247,0.0003822396
-0.7180345289699387,1.0001911,0.00038401483
-0.7180331329296566,1.0002424,0.00038246188
-0.7170375818940896,1.0000074,0.00038214022
-0.7168359370803272,1.0000117,0.0003821263
-0.7166457282456689,1.0001788,0.00038405773
-0.7166442958974474,1.0002371,0.0003825148
-0.7156487709325474,0.9994273,0.0003821127
-0.7154471331046124,0.99970144,0.0003820849
-0.7152569279879684,0.99966055,0.00038399827
-0.7152554588652381,0.99982,0.0003824371
-0.7142599599719133,0.9996962,0.00038213245
-0.7140583291279866,1.0002319,0.00038224357
-0.7138681272655146,1.0003082,0.00038409786
-0.7138666218325734,1.0006578,0.0003826373
-0.7128711490112791,1.0001211,0.0003821999
-0.7126695251513637,0.9996997,0.0003821391
-0.7124793270087251,1.0006373,0.00038415528
-0.7124777847999101,0.9994734,0.00038242832
-0.711482338049734,0.999745,0.00038219913
-0.7112807211747407,0.9999526,0.00038220407
-0.7110905262853633,0.9999748,0.00038400726
-0.7110889477667913,0.99968714,0.00038233164
-0.7100935266225278,1.0001454,0.0003822563
-0.7098919171981151,1.0003303,0.00038224453
-0.7097017255615461,0.99951965,0.0003839167
-0.7097001107341266,0.99971133,0.00038241458
-0.7087047156600774,1.0000476,0.00038221662
-0.7085031132219447,0.9993048,0.0003820797
-0.7083129253033901,0.99972117,0.00038405007
-0.7083112741671246,0.999781,0.00038245562
-0.7073159046989879,0.999926,0.0003821864
-0.7071143092457745,1.0000159,0.00038220605
-0.7069241245800283,0.9998351,0.00038397915
-0.7069224371349153,1.0000705,0.0003825404
-0.7059270937374428,0.99945235,0.00038205934
-0.7057255052691516,0.9999692,0.00038211208
-0.7055353243232387,1.0000056,0.00038405068
-0.705533600102706,0.9998506,0.00038253117
-0.7045382827763532,0.9999642,0.0003821512
-0.7043367012934367,1.0004675,0.00038228533
-0.7041465236007878,1.0003405,0.00038410813
-0.7041447630695873,1.0002617,0.0003825179
-0.7031494718148109,1.0000553,0.00038222456
-0.7029478973168137,0.9995626,0.00038213396
-0.7027577233430873,1.0004858,0.00038415787
-0.7027559260369226,1.000771,0.0003826331
-0.7017606608541768,1.0000377,0.00038218923
-0.7015590933401881,0.999993,0.00038217462
-0.7013689226192701,1.0002539,0.00038412536
-0.7013670890042593,0.9995243,0.0003823626
-0.7003718498935426,1.0002626,0.00038225358
-0.7001702893635623,1.0003457,0.0003821744
-0.6999801218954529,1.0006733,0.00038417624
-0.6999782519711405,1.0005753,0.00038263723
-0.698983038931545,0.9995636,0.00038217462
-0.6987814853869394,0.9997854,0.00038210838
-0.6985913216382078,1.0000002,0.00038412155
-0.6985894149380217,0.99994105,0.00038254188
-0.6975942279695445,1.0003681,0.0003822266
-0.6973926814103164,0.999541,0.00038198387
-0.6972025209153014,0.9999435,0.00038405976
-0.6972005783719278,0.9996494,0.00038248906
-0.6962054174736635,0.99992025,0.00038220463
-0.6960038774341462,0.9999742,0.00038210844
-0.6958137206576009,0.99989563,0.00038411844
-0.6958117413397186,0.99927956,0.00038233565
-0.6948166065125739,0.99903756,0.0003820749
-0.6946150734584313,0.9993416,0.0003820435
-0.6944249199351473,1.0005733,0.00038422403
-0.6944229043070552,1.0005774,0.0003826786
-0.6934277955514871,1.0001214,0.00038218946
-0.6932262694827165,1.0003029,0.00038223807
-0.6930361196765387,0.99984556,0.00038416465
-0.6930340672739365,0.99959064,0.00038250652
-0.6920389845899421,1.0001891,0.0003822574
-0.6918374659722075,0.99941653,0.00038209753
-0.691647318954085,1.0000976,0.0003841125
-0.6916452302408177,0.99969256,0.0003825404
-0.6906501736293079,0.99992657,0.0003821165
-0.6904486619946737,1.0002506,0.0003822223
-0.6902585186963845,1.0005274,0.00038416716
-0.6902563936747238,1.0001515,0.0003825183
-0.6892613626686738,0.9995287,0.0003820708
-0.6890598580180507,1.0003506,0.00038221854
-0.6888697179730228,0.9996393,0.00038398427
-0.6888675566425145,1.0010693,0.00038258525
-0.6878725517071288,0.99972594,0.00038218993
-0.687671054041425,0.9998502,0.000382108
-0.687480917249661,0.9996283,0.00038415013
-0.6874787196103053,1.0000769,0.00038248804
-0.6864837407451311,0.9995071,0.00038206164
-0.6862822500647993,1.000343,0.00038220917
-0.6860921169928685,0.9993399,0.00038396486
-0.686089882578096,0.9998808,0.00038248507
-0.6850949297831334,1.0001613,0.0003822154
-0.6848934460890844,1.0003792,0.00038219383
-0.6847033162695068,0.9992612,0.0003840394
-0.6847010455454327,1.0002079,0.00038253513
-0.6837061188215884,0.99957037,0.00038217404
-0.6835046421133696,0.9988555,0.0003820633
-0.6833145160118063,1.0007213,0.0003842182
-0.6833122089779752,1.0004498,0.00038250125
-0.6823173083261629,0.99972063,0.00038222456
-0.6821158381372021,1.0001229,0.00038219284
-0.6819257152884445,1.0001597,0.0003841124
-0.6819233719453105,1.0006392,0.00038259468
-0.6809284973650732,0.9998363,0.00038215527
-0.6807270341605763,0.9993466,0.00038201894
-0.680536915030744,0.99975336,0.0003840941
-0.6805345349126471,1.0001036,0.00038253207
-0.6795396864044391,1.0007855,0.00038229208
-0.679338230183498,1.000195,0.00038225015
-0.6791481143064741,0.9995908,0.00038405045
-0.6791456983451897,1.0002518,0.000382454
-0.6781508754438049,0.9996462,0.00038207351
-0.6779494262064196,0.9996666,0.00038213097
-0.6777593140501372,0.99984926,0.0003841449
-0.6777568613120709,1.000772,0.00038255195
-0.6767620644822627,0.99976337,0.0003821535
-0.6765606222302494,0.99975604,0.0003821115
-0.6763705133281417,0.9997276,0.0003840604
-0.6763680242803157,0.99984056,0.0003825136
-0.6753732539859235,1.0005394,0.0003822717
-0.6751718187201958,0.9994079,0.00038202718
-0.6749817130695304,1.0006182,0.0003842713
-0.6749791872481065,0.99998766,0.00038244086
-0.6739844430239258,0.9998844,0.00038214008
-0.673783014744481,1.0006498,0.00038235504
-0.6735929123461686,1.0001876,0.00038420426
-0.6735903506811044,0.9996789,0.00038245108
-0.6725956320623836,1.0010767,0.0003823694
-0.672394210767858,0.9992646,0.00038206746
-0.6722041120884681,1.0003548,0.00038424376
-0.6722015136479856,1.0008581,0.00038256054
-0.671206821101294,0.99914443,0.00038211662
-0.6710054067912323,1.0002271,0.00038216866
-0.6708153113651063,0.9996253,0.000384096
-0.6708126766148669,1.0004954,0.00038252032
-0.6698180106054102,0.9998765,0.00038218673
-0.669616602815062,0.9999017,0.00038217322
-0.6694265111083166,1.000419,0.00038418808
-0.6694238400483189,0.99952173,0.0003823676
-0.6684291996443207,1.0003024,0.00038224214
-0.6682277988379837,0.999775,0.00038212602
-0.6680377103854076,1.0004038,0.00038425892
-0.6680350030152001,1.0000709,0.0003826031
-0.6670403886836865,0.99953985,0.00038211528
-0.6668389948609053,1.0002189,0.00038219974
-0.6666489101272544,1.0004447,0.00038422766
-0.6666461659829909,1.0003443,0.00038252005
-0.6656515777230524,1.00003,0.00038223315
-0.6654501908842795,1.0004202,0.00038219118
-0.6652601094038926,1.0005277,0.00038420432
-0.6652573294164429,1.0006804,0.0003826278
-0.6642627672262633,0.9995948,0.0003821272
-0.6640613873742259,0.99982387,0.00038214022
-0.6638713091457367,1.0001832,0.0003842279
-0.6638684923833241,1.0000677,0.00038252727
-0.6628739562647182,0.99994886,0.0003821958
-0.6626725833985111,0.9999182,0.0003820747
-0.6624825084228303,0.999617,0.00038408494
-0.6624796553515689,1.000439,0.00038256185
-0.6614851453031733,0.99952775,0.00038211362
-0.6612837794223408,0.9998671,0.0003821893
-0.6610937081651298,1.0004163,0.00038422653
-0.661090818785021,1.0000677,0.00038252317
-0.6600963348072922,1.0000675,0.0003822057
-0.659894975445718,1.0000877,0.00038203542
-0.6597049074426762,0.9997468,0.000384108
-0.6597019817523576,1.0004475,0.00038252727
-0.6587075238462027,1.0006628,0.00038224977
-0.658506171469095,0.99954426,0.00038212095
-0.6583161071849757,0.9999657,0.00038411684
-0.6583131447192389,1.000233,0.00038248583
-0.6573187128851159,0.9999485,0.0003821784
-0.6571173674924693,1.0000556,0.0003822089
-0.6569273064616139,0.9995217,0.00038410796
-0.6569243081526909,1.0002186,0.00038249453
-0.655929902390143,0.9998733,0.0003821588
-0.6557285639805968,1.0001268,0.00038220696
-0.6555385062039134,1.0001974,0.00038422275
-0.6555354711204816,1.0007284,0.00038260975
-0.6545410914295089,1.0001479,0.0003822201
-0.6543397600048819,0.9998793,0.0003821387
-0.654149705481007,1.0002027,0.0003842465
-0.6541466345534782,1.0003833,0.00038250658
-0.653152280467053,0.999733,0.00038218274
-0.6529509560291671,0.99950224,0.000382061
-0.6527609052228511,0.999653,0.00038412254
-0.6527577975208149,1.0006385,0.0003825383
-0.6517634699707165,0.9999542,0.0003821305
-0.6515621520529967,0.9995196,0.00038201845
-0.6513721044999448,1.0003111,0.00038423808
-0.6513689609533574,0.9998661,0.00038248804
-0.6503746590096298,0.9999922,0.00038217328
-0.6501733480768292,0.9999313,0.00038216572
-0.6499833042426969,0.9998291,0.00038415779
-0.6499801239202386,1.0001092,0.00038250338
-0.648985848513746,0.9995787,0.0003821448
-0.6487845441002036,0.9999267,0.0003821673
-0.6485945035197906,1.0001701,0.00038423866
-0.6485912868880294,0.9994709,0.0003824592
-0.647597037552201,1.0004809,0.0003823509
-0.6473957405892391,0.9996376,0.00038215713
-0.6472057032625456,0.9999676,0.00038415726
-0.6472024503214814,1.0003645,0.0003826117
-0.6462082270567755,1.0003729,0.00038230346
-0.6460069366126162,1.000929,0.00038226022
-0.6458169025387284,1.000234,0.00038418925
-0.6458136132892721,0.9998383,0.00038245384
-0.6448194160961414,1.000152,0.00038223778
-0.6446181326364459,1.0002335,0.0003822326
-0.6444281022805723,1.0004238,0.000384286
-0.6444247767218146,1.0003301,0.0003825786
-0.6434306051355072,1.0000813,0.00038220652
-0.6432293286602784,1.0009173,0.00038232832
-0.6430393015572106,0.99990827,0.00038422135
-0.6430359396886959,1.0001249,0.0003825688
-0.6420417946400788,1.0002604,0.00038220282
-0.6418405246836527,0.9998104,0.000382213
-0.641650501300421,0.99997556,0.00038423948
-0.6416471031221479,1.0000647,0.00038250966
-0.6406529836776257,0.99958026,0.00038215113
-0.6404517211726882,0.9999979,0.00038220777
-0.64026170057797,1.0002707,0.00038430654
-0.6402582660890291,1.0001013,0.00038247852
-0.639264173181742,1.0006807,0.00038231738
-0.6390629171965208,0.9996234,0.00038211633
-0.6388729003202696,0.99962944,0.00038410103
-0.6388694295215717,1.0002857,0.00038259063
-0.6378753622201997,1.0005758,0.00038226022
-0.6376741132203505,0.9999319,0.00038215233
-0.637484099595997,0.99999,0.00038425194
-0.6374805924898165,1.0005395,0.000382602
-0.6364865517243188,0.9992416,0.0003820049
-0.6362853092437275,1.0006554,0.00038230763
-0.6360952993382964,1.0009167,0.0003843327
-0.6360917559237239,1.0003392,0.00038255227
-0.6350977407627737,0.9998649,0.00038216542
-0.6348965057327631,1.0000226,0.00038220343
-0.6347064986153901,0.999982,0.00038419012
-0.6347029188915146,1.0000304,0.00038253015
-0.6337089302678008,1.0005153,0.00038226493
-0.6335077017565928,0.9995374,0.00038205038
-0.6333176983585977,0.9995984,0.00038424274
-0.6333140823245113,1.0001922,0.00038258889
-0.6323201193071667,1.000015,0.00038217255
-0.6321188977804225,0.999568,0.00038215012
-0.6319288981013527,1.0007788,0.0003843148
-0.6319252452918479,1.0002298,0.00038255306
-0.6309313088117384,1.000288,0.00038217183
-0.6307300938037996,1.0005665,0.00038230667
-0.6305400973779909,0.99972475,0.00038421352
-0.6305364087243904,1.0000584,0.00038251415
-0.629542498315402,1.0004935,0.0003822092
-0.6293412898271766,1.0000762,0.0003821459
-0.6291512971193822,1.0002843,0.00038425383
-0.6291475716917257,1.0005279,0.00038258376
-0.6281536873534044,0.9999263,0.00038215748
-0.6279524863162123,1.0002272,0.00038216126
-0.6277624963964732,1.000362,0.00038429108
-0.6277587351247237,0.99934804,0.00038239165
-0.626764876857976,1.0002886,0.00038218504
-0.6265636823400419,0.9995928,0.0003821422
-0.6263736961392281,1.0008242,0.00038442548
-0.6263698980925144,1.0005952,0.00038259712
-0.625376065896431,1.0005156,0.00038227017
-0.6251748783638716,0.99982643,0.00038218644
-0.6249848954158663,1.0001272,0.00038429626
-0.6249810615259664,0.9997871,0.00038252858
-0.62398725540055,1.0000938,0.0003821264
-0.6237860743881568,0.99988705,0.00038216962
-0.6235960951581658,1.0004593,0.0003843819
-0.623592224958509,0.999818,0.00038243635
-0.6225984444394604,1.0003649,0.00038226607
-0.6223972708771952,1.0002292,0.0003822021
-0.6222072944352595,1.000471,0.00038430365
-0.6222033879258443,0.999943,0.00038252366
-0.6212096339444876,1.0004064,0.000382235
-0.6210084669001168,1.0000916,0.0003822052
-0.6208184941771036,1.000791,0.00038436934
-0.6208145513588422,1.000863,0.0003826635
-0.6198208234495147,1.0001619,0.00038217485
-0.6196196629239465,0.9999324,0.0003820957
-0.6194296939198585,0.9997672,0.0003842578
-0.6194257143257235,1.0006834,0.00038258618
-0.618432012487517,0.99971145,0.0003821038
-0.6182308594129821,1.0005697,0.00038229662
-0.6180408931969493,0.999681,0.00038419012
-0.618036877758266,1.0006928,0.00038264252
-0.6170432019907252,0.99957985,0.0003821141
-0.6168420554363592,0.9996304,0.00038215914
-0.6166520929392488,0.9990947,0.00038411954
-0.6166480411921721,1.000048,0.0003825764
-0.6156543914952969,0.9998098,0.0003820882
-0.6154532514601888,0.9994839,0.00038212232
-0.615263292215887,1.0006707,0.00038441957
-0.6152592041599628,1.0001973,0.00038247462
-0.6142655805342101,1.0000426,0.00038220375
-0.614064447484474,1.0001013,0.00038219645
-0.6138744919581866,1.0008854,0.00038440802
-0.6138703675929608,0.99973893,0.00038240608
-0.6128767700383263,0.99934673,0.0003820774
-0.6126756439744204,0.9998238,0.0003821751
-0.6124856912357357,1.0001148,0.00038428247
-0.6124815310255033,1.0007125,0.0003825873
-0.6114879595424426,0.9999935,0.00038212046
-0.6112868399973421,1.0004483,0.00038222678
-0.6110968909780352,1.000085,0.00038433325
-0.6110926939923845,0.9996791,0.0003824481
-0.6100991485818085,0.9997502,0.00038206886
-0.6098980360198083,0.99975294,0.00038214432
-0.6097080907203347,1.0001255,0.00038431835
-0.6097038574258365,1.0003407,0.0003825883
-0.6087103380868356,0.9997075,0.00038213565
-0.6085092325092992,0.9991245,0.00038200762
-0.6083192899965175,0.99949694,0.0003842678
-0.6083150203936273,1.0002357,0.0003825564
-0.6073215275909546,0.999305,0.0003820399
-0.6071204285331318,1.0003879,0.00038230815
-0.6069304897383615,1.0003726,0.0003843144
-0.6069261838275334,1.0005387,0.00038253356
-0.6059327170941627,0.9998727,0.0003821773
-0.6057316245565061,1.0005157,0.00038223842
-0.6055416890159107,1.000223,0.0003843554
-0.6055373472609854,1.0004227,0.0003825925
-0.6045439061330732,1.0003055,0.0003822444
-0.6043428210464525,1.0001562,0.0003822129
-0.6041528887595737,1.0009484,0.00038447537
-0.6041485106939833,1.0002421,0.0003825832
-0.6031550956371923,0.9997912,0.00038208
-0.6029540170707377,0.9996236,0.0003821338
-0.6027640880357592,1.0011169,0.0003844816
-0.6027596736608646,1.0002851,0.0003825665
-0.6017662851417639,0.99991643,0.00038217675
-0.6015652130941119,1.0006062,0.0003822152
-0.6013752877780587,1.0007827,0.0003844552
-0.6013708370938612,0.9998888,0.00038249049
-0.600377474645883,0.9994587,0.00038210725
-0.6001764095831503,0.99919766,0.00038201784
-0.5999864875194474,1.0001518,0.00038438858
-0.5999820005268591,0.9996566,0.00038246205
-0.5989886636852488,1.0006773,0.00038238513
-0.5987876056056165,1.0003644,0.0003822032
-0.5985976867969964,1.000793,0.00038447836
-0.5985931634937404,1.0005201,0.00038256525
-0.597599853190276,0.9997178,0.00038212023
-0.5973988016294461,1.0002753,0.00038222826
-0.5972088865402041,1.0002531,0.00038432094
-0.5972043269271924,1.0004711,0.000382613
-0.5962110426943922,0.99973977,0.00038210725
-0.5960099981184845,0.9998698,0.000382112
-0.5958200858168423,0.9996742,0.0003843112
-0.5958154903606444,1.0000565,0.00038250393
-0.5948222321985085,1.0002431,0.00038222072
-0.5946211941423143,1.0005865,0.000382294
-0.5944312855591418,1.0008364,0.00038451038
-0.594426653793641,1.0001143,0.0003825322
-0.5934334217017194,1.0003467,0.0003822619
-0.5932323901665995,0.9999766,0.0003821422
-0.5930424853014413,1.0005696,0.00038445607
-0.5930378167609777,0.99974006,0.00038245966
-0.5920446112062911,0.9999731,0.00038216054
-0.5918435866565459,0.999714,0.00038212084
-0.5916536845780795,1.0000017,0.00038439326
-0.5916489801935202,1.0001204,0.00038255492
-0.5906558002452015,0.9989388,0.00038201682
-0.5904547826799229,0.99993575,0.00038216804
-0.5902648843208345,1.0000485,0.0003843524
-0.5902601436260627,1.0001092,0.00038261828
-0.5892669897493178,1.0001863,0.00038224223
-0.5890659787032972,1.0002899,0.00038225387
-0.5888760835970173,1.0006543,0.00038449455
-0.5888713070595147,1.0006106,0.00038253257
-0.5878781792543449,1.00037,0.0003822236
-0.5876771751923328,1.0002574,0.0003821808
-0.5874872833397722,1.0000587,0.000384351
-0.5874824700273055,0.9995267,0.00038256278
-0.5864893687593721,1.0000958,0.00038214488
-0.5862883712148017,0.9996891,0.00038208292
-0.5860984830825243,1.0005275,0.00038442388
-0.5860936334607575,0.99934095,0.00038237273
-0.585100558263491,0.9996467,0.0003821416
-0.5848995677042927,0.9999573,0.00038227736
-0.5847096823587099,1.0003058,0.00038445927
-0.5847047968933,1.0005987,0.0003825776
-0.5837117477671547,0.99980944,0.0003821045
-0.5835107637285779,1.0002606,0.000382234
-0.583320882101462,0.9992343,0.00038421227
-0.5833159603258425,0.9996942,0.00038241924
-0.5823229372708155,0.99962646,0.0003820808
-0.5821219597528631,0.99959785,0.00038218516
-0.5819320813781003,1.000113,0.00038447027
-0.5819271237592946,1.0000513,0.00038252474
-0.5809341267749345,1.0000184,0.00038225378
-0.5807331562423541,1.000232,0.00038224028
-0.5805432811203998,1.0000715,0.00038442112
-0.5805382867270853,1.0002246,0.00038251193
-0.5795453162795062,1.0002108,0.0003821754
-0.5793443522657283,1.0004345,0.0003822191
-0.5791544808631548,1.0000522,0.00038444973
-0.5791494501605373,1.0000303,0.0003825076
-0.5781565053184194,0.9998835,0.00038217535
-0.5779555482891054,1.0000852,0.00038222832
-0.5777656801402484,1.0001913,0.00038459568
-0.5777606135930798,0.99950975,0.0003824677
-0.5767676948225356,0.9996875,0.00038209965
-0.5765667447776883,0.99970144,0.0003820723
-0.5763768798825479,1.0004236,0.00038453465
-0.5763717770265319,0.99928457,0.00038240317
-0.5753788843275628,1.0004047,0.00038225212
-0.5751779408006071,1.000323,0.00038222905
-0.574988079160097,0.9999724,0.00038444574
-0.5749829404599839,1.0007257,0.00038266525
-0.5739900738325899,1.0002924,0.0003821861
-0.5737891372905536,1.0001613,0.00038219677
-0.5735992789014857,0.9999993,0.0003844026
-0.5735941038929805,1.0003451,0.0003825871
-0.5726012633362536,0.99919003,0.00038203533
-0.5724003333148387,0.99955,0.00038212296
-0.5722104786437852,1.0003076,0.00038451338
-0.5722052668603171,1.0007976,0.00038264057
-0.5712124528399172,1.0000658,0.0003822077
-0.5710115298038771,0.99976754,0.00038211246
-0.570821677919968,1.0004267,0.00038463544
-0.5708164302928597,0.99954975,0.00038242553
-0.5698236423440334,1.0000566,0.00038216985
-0.5696227258277068,1.0001787,0.0003822004
-0.5694328776636337,1.0002126,0.00038454015
-0.5694275937254022,1.0006741,0.00038259476
-0.5684348318481497,0.9999006,0.0003821152
-0.5682339218515393,1.000178,0.00038222657
-0.5680440774068414,1.0002365,0.00038456477
-0.5680387571588542,1.0011721,0.0003826762
-0.5670460213527242,0.9994246,0.00038206822
-0.5668451183405749,1.000086,0.00038219348
-0.5666552766830242,0.99990875,0.00038452225
-0.5666499205923062,1.0001484,0.00038249794
-0.5656572108572958,1.0005878,0.00038231027
-0.5654563143634965,0.9999896,0.00038220233
-0.5652664764248709,1.0003958,0.00038458235
-0.5652610840257583,1.0007269,0.0003826609
-0.564268400362323,0.9996797,0.00038210026
-0.5640675108529876,1.000424,0.00038227692
-0.5638776761671704,1.0002367,0.00038453832
-0.5638722474583008,1.000444,0.00038259305
-0.5628795898673501,1.0003632,0.00038227125
-0.5626787068772727,0.99973655,0.00038206036
-0.5624888754438087,1.0001469,0.00038458465
-0.5624834108908433,1.0000167,0.0003824725
-0.5614907798362195,0.99960715,0.00038209077
-0.561289903366311,0.9995909,0.00038211912
-0.5611000751874717,0.99979055,0.00038458724
-0.5610945743242953,1.0011313,0.0003826734
-0.5601019693403358,0.9998475,0.0003821916
-0.5599010993896854,1.0001214,0.00038219686
-0.5597112744645626,1.0003153,0.00038462886
-0.5597057372911766,1.0001664,0.00038257983
-0.5587131588444548,0.9992251,0.00038206554
-0.5585122958787209,1.0001979,0.00038217506
-0.558322474205954,1.0004086,0.00038468716
-0.5583169007237191,0.99998176,0.00038249564
-0.5573243483485739,0.9996996,0.00038215352
-0.5571234919025534,1.000621,0.00038225163
-0.5569336739482535,1.0000323,0.00038458852
-0.5569280641571711,1.0010868,0.0003827267
-0.5559355378531456,1.0002835,0.00038219005
-0.5557346879263831,1.0003234,0.00038221336
-0.5555448732253472,1.0009129,0.00038476964
-0.5555392275906231,0.99986583,0.00038253784
-0.5545467273577173,1.0001732,0.00038217774
-0.5543458844145106,1.0000097,0.00038214767
-0.5541560729680993,1.0004964,0.0003846146
-0.5541503910240752,1.0008173,0.00038263403
-0.5531579168627444,0.99997824,0.00038221307
-0.5529570804383402,1.0000409,0.00038209767
-0.5527672727099462,1.0003177,0.0003846723
-0.5527615544575272,1.0005172,0.00038256013
-0.5517691063677715,0.99951947,0.00038212116
-0.5515682769282867,1.000238,0.00038222063
-0.551378471987037,1.0004343,0.0003847359
-0.5513727178909792,1.0003333,0.0003826473
-0.5503802958709797,0.9998612,0.00038220658
-0.5501794729521164,1.0000722,0.00038217753
-0.5499896717293365,0.9998145,0.00038459786
-0.5499838813235217,1.0013182,0.00038269386
-0.5489914858403047,1.0000325,0.0003822222
-0.5487906694411548,0.9999746,0.00038208472
-0.548600871472547,0.9997769,0.0003846593
-0.5485950447560642,1.0000664,0.00038246333
-0.5476026753448763,0.9994761,0.0003821201
-0.5474018654645318,1.0001647,0.00038218385
-0.5472120707491852,0.99959993,0.00038449335
-0.5472062081899703,1.0001084,0.00038265897
-0.5462138648489926,0.99986076,0.00038208498
-0.5460130619540229,1.0000648,0.00038208385
-0.5458232704914847,0.9997117,0.00038465977
-0.5458173716234224,1.000395,0.0003825701
-0.5448250543531116,1.0002187,0.00038218152
-0.5446242579773971,1.00023,0.00038221412
-0.5444344702328733,0.9997725,0.00038464702
-0.5444285350564203,1.0001966,0.00038258583
-0.5434362438576833,0.9997708,0.00038214694
-0.5432354544673436,0.99899167,0.00038215387
-0.5430456695104224,1.0004338,0.00038473922
-0.5430396984889628,1.000437,0.00038257462
-0.5420474333627104,0.99991167,0.00038214173
-0.5418466504911733,0.9997151,0.00038217305
-0.5416568692527219,1.0001738,0.00038471064
-0.5416508619215054,1.0002208,0.0003826486
-0.5406586233333989,1.0000045,0.00038216676
-0.5404578469793035,0.99997973,0.0003821213
-0.5402680689954769,0.99989444,0.00038473285
-0.5402620253549574,1.0008518,0.0003827029
-0.5392698128379734,0.9999934,0.0003820891
-0.5390690430031333,1.0007119,0.000382305
-0.5388792682725705,1.0000587,0.00038472543
-0.5388731887874999,1.0002278,0.00038256194
-0.5378810023411787,0.9994192,0.00038206388
-0.5376802394926243,1.0003276,0.00038221336
-0.53749046801487,0.99958795,0.00038466614
-0.5374843522209519,1.0001891,0.00038256843
-0.5364921918452977,1.0001576,0.00038226327
-0.5362914355159986,1.0004095,0.00038224406
-0.5361016677562587,1.0007051,0.00038480287
-0.5360955156544039,0.9996158,0.00038239054
-0.5351033818150781,0.9994859,0.00038214677
-0.534902632005037,1.0006449,0.00038222075
-0.5347128670328969,1.0000638,0.00038477982
-0.5347066790869465,1.000634,0.00038261723
-0.5337145713191943,0.99999243,0.0003822299
-0.5335138280293221,0.9999871,0.00038216423
-0.5333240667761072,1.0002534,0.00038484417
-0.5333178429860598,1.000268,0.00038254782
-0.5323257608233106,0.9998623,0.00038213003
-0.5321250245192686,1.000316,0.00038219808
-0.5319352665193149,1.0006608,0.00038483043
-0.5319290064186023,1.0006032,0.00038256476
-0.5309369503278851,0.99934435,0.0003821253
-0.5307362205426456,1.0008435,0.00038225958
-0.5305464657959531,1.0005751,0.00038482985
-0.5305401698511448,0.99952435,0.00038244273
-0.5295481402985736,0.9997255,0.0003821802
-0.5293474170307703,1.0001884,0.0003821342
-0.5291576655382526,1.000157,0.0003848419
-0.5291513332841414,1.0007011,0.0003826801
-0.5281593298036007,0.99968654,0.00038219802
-0.5279586135202641,0.99987614,0.00038210707
-0.527768865279644,1.0000327,0.0003848368
-0.5277624967175935,1.0001789,0.000382553
-0.5267705193072643,1.00072,0.0003822818
-0.5265698095436383,1.0002304,0.0003821511
-0.5263800650223962,1.0008011,0.00038491993
-0.5263736601515009,0.99985135,0.00038247864
-0.5253817092765863,1.0000821,0.0003821304
-0.5251810060331321,0.9999767,0.00038218274
-0.5249912643003979,0.99996686,0.00038485567
-0.5249848235849529,1.000203,0.00038261173
-0.5239928987811581,1.0003989,0.00038226027
-0.5237922020574173,1.0001684,0.00038211021
-0.5236024640426974,0.99976283,0.00038484696
-0.5235959870184049,1.0003555,0.00038250204
-0.522604088285277,1.0005964,0.00038225277
-0.5224033985473637,1.0005211,0.00038226525
-0.5222136637849969,0.9996396,0.00038478
-0.5222071504509475,1.0007457,0.00038268033
-0.5212152782550574,0.9986429,0.00038196656
-0.5210145945707381,0.99979484,0.0003820943
-0.5208248630611825,1.0004369,0.00038491754
-0.52081831388349,1.0006983,0.00038260105
-0.5198264677596292,0.99985456,0.00038218006
-0.5196257910593209,1.0006949,0.00038226374
-0.5194360628039346,1.0002496,0.0003849108
-0.5194294777826033,0.9999432,0.00038246103
-0.5184376572646563,1.0002761,0.00038222448
-0.5182369875479038,0.9998509,0.00038216126
-0.5180472625462341,1.0003395,0.0003848909
-0.5180406412151458,0.9996109,0.00038240931
-0.5170488472353447,0.9996769,0.00038215148
-0.5168481835712782,1.0000567,0.0003821396
-0.5166584618228723,1.00063,0.00038495526
-0.5166518046485978,1.0000317,0.00038253266
-0.5156600367390055,1.0004423,0.00038235227
-0.5154593800607691,1.000269,0.0003821546
-0.5152696615651718,0.9996871,0.0003848575
-0.5152629680820499,1.0003806,0.00038255143
-0.5142712267078777,0.99913186,0.0003821007
-0.5140705760850542,1.0006305,0.0003821894
-0.5138808613083823,1.0011281,0.0003850184
-0.5138741315145924,0.9997645,0.00038256604
-0.5128824162124495,1.000077,0.00038216342
-0.5126817725750007,1.0001144,0.0003821966
-0.5124920610506818,1.000215,0.00038498637
-0.5124852949480444,1.0001266,0.00038252244
-0.5114936057170211,1.0003331,0.0003821769
-0.5112929685988304,1.0004205,0.00038218687
-0.5111032603277754,0.9999689,0.00038493564
-0.5110964588462482,1.0002217,0.0003825862
-0.5101047956867987,1.0004308,0.00038224758
-0.5099041650878688,1.0001281,0.00038213332
-0.5097144600696195,1.0005931,0.00038498934
-0.5097076222787907,1.0000513,0.0003825001
-0.5087159851909177,1.0003774,0.00038224802
-0.5085153615759963,1.0002197,0.000382178
-0.508325659811919,0.99936616,0.00038480878
-0.5083187857117873,1.000011,0.00038253714
-0.5073271751616061,0.99967253,0.00038211246
-0.5071265575993705,0.9998782,0.00038209077
-0.5069368590885572,1.000314,0.00038498154
-0.5069299491452394,1.0008715,0.00038272372
-0.5059383646666332,0.9995145,0.0003821126
-0.5057377540884089,1.0000244,0.00038212014
-0.5055480588322203,1.0007613,0.00038504342
-0.5055411125791468,1.000368,0.0003825417
-0.5045495546364136,0.9998774,0.0003822003
-0.5043489505774472,1.0001444,0.00038220835
-0.5041592585749752,1.0002104,0.00038501114
-0.5041522764773506,1.0002692,0.00038260513
-0.503160744139619,1.0002586,0.00038217532
-0.5029601466017324,1.0004231,0.0003822175
-0.5027704583168193,1.0008743,0.00038511833
-0.5027634399098931,1.0002652,0.00038252058
-0.5017719341098548,1.0006752,0.00038228478
-0.5015713430916788,0.99991196,0.0003821867
-0.5013816575930048,1.000829,0.00038509
-0.5013746033428897,1.0005859,0.00038260425
-0.500383123613971,0.99980116,0.00038218978
-0.5001825391155086,1.0007628,0.00038220524
-0.49999285733530424,1.0005065,0.00038512296
-0.4999857667758877,1.0000979,0.0003824852
-0.4989943135842067,0.9997956,0.00038218108
-0.49879373560499957,1.0011476,0.0003823605
-0.4986040570766929,0.9999793,0.00038499862
-0.498596930675001,0.9994808,0.0003823999
-0.49760550308832296,1.0003031,0.0003822622
-0.49740493209403513,0.9999708,0.00038209488
-0.497215256820356,1.0001425,0.00038503457
-0.4972080941093625,0.9999199,0.00038251458
-0.4962166930590114,0.99931395,0.00038210003
-0.4960161281169567,1.0004401,0.00038216784
-0.49582645609835774,1.0005815,0.00038506868
-0.49581925754281453,0.99973685,0.00038246223
-0.49482788256403853,0.99984074,0.00038219208
-0.49462732460553965,0.9999723,0.0003821793
-0.49443765583974914,1.0003904,0.00038502595
-0.49443042097535705,1.000028,0.00038254494
-0.49343907253381614,0.99978364,0.00038207878
-0.4932385210954861,1.001028,0.0003822691
-0.49304885558204864,1.0014075,0.0003852374
-0.49304158487401495,1.0000979,0.0003825391
-0.4920502620379351,0.99961865,0.00038216397
-0.49184971711977127,1.001076,0.0003822743
-0.49166005532434814,1.0005051,0.00038508035
-0.4916527483070129,1.0008395,0.00038261115
-0.49066145200680455,1.000058,0.00038222558
-0.49046091360880684,1.0000893,0.0003821596
-0.49027125460098636,1.000427,0.00038505814
-0.4902639117395554,1.0005096,0.00038264345
-0.4892726415113763,1.0004605,0.00038225172
-0.4890721100978452,1.0006112,0.00038219322
-0.488882454344194,0.9998073,0.0003849694
-0.4888750756377592,1.0005528,0.000382532
-0.4878838314816093,0.9999676,0.0003821433
-0.4876833061216749,0.99982625,0.0003821855
-0.48749365408740436,1.0005652,0.0003851314
-0.48748623907166533,1.00034,0.00038266196
-0.48649502145138956,1.0007195,0.0003824009
-0.48629450261116863,1.0003566,0.00038216912
-0.4861048533631317,1.0000124,0.0003850217
-0.48609740250511735,1.0002775,0.0003826153
-0.4851062109555086,1.0003303,0.00038225643
-0.4849056990992934,1.0004636,0.00038217494
-0.4847160531054312,1.0015174,0.00038527788
-0.4847085664037766,1.0004106,0.0003826349
-0.483717400926197,0.99994755,0.0003822161
-0.48351689512312584,0.9999468,0.00038211327
-0.4833272528477307,1.0001272,0.00038514953
-0.4833197298363191,1.0004373,0.00038261735
-0.48232859043122417,1.0002128,0.00038224773
-0.4821280916130723,1.0002797,0.0003821708
-0.4819384525909411,1.0001702,0.0003851006
-0.4819308932688616,0.9997348,0.00038253365
-0.4809397804005463,1.0004647,0.00038222747
-0.48073928810256333,1.0002582,0.00038220806
-0.4805496523332406,1.0003195,0.00038525808
-0.48054205716797493,1.0003424,0.00038255967
-0.47955097036987115,1.0005854,0.00038225995
-0.47935048412594033,1.0002974,0.0003822374
-0.4791608516103342,0.99958503,0.00038503908
-0.47915322060051746,1.0010726,0.00038266537
-0.4781621598739902,1.0001668,0.00038214066
-0.47796168061497596,1.0001128,0.00038219115
-0.4777720513521783,1.0004785,0.00038524193
-0.4777643840339695,1.0010422,0.000382707
-0.4767733498442232,1.000396,0.00038229759
-0.47657287710446694,1.0002893,0.00038223102
-0.47638325109493324,1.0003818,0.00038511472
-0.4763755479330828,1.0002414,0.0003825824
-0.47538453981445616,0.99921864,0.00038203393
-0.475184073127844,1.0006247,0.00038218847
-0.47499445083768815,1.0003492,0.00038520352
-0.4749867113656253,1.0005859,0.00038262413
-0.4739957293185725,1.0003562,0.00038227282
-0.47379526961733504,0.9998971,0.0003820982
-0.47360565011432637,1.0003337,0.000385196
-0.4735978752647386,1.0002779,0.00038251028
-0.4726069192892609,1.0001432,0.00038228085
-0.4724064661063733,1.000069,0.00038215006
-0.47221684985571505,0.9998494,0.0003851086
-0.47220903869728115,0.99968874,0.0003824664
-0.47121810925994934,1.0004839,0.0003822485
-0.47101766259540895,0.999781,0.00038214904
-0.47082804959846997,1.0012982,0.00038536097
-0.47082020213073317,1.0006528,0.00038261892
-0.4698292987636129,0.99968505,0.00038217346
-0.46962885861923864,1.000108,0.00038225434
-0.46943924934213305,0.9996496,0.00038514662
-0.4694313660298465,1.0007488,0.0003826561
-0.46844048873293775,0.9997769,0.00038211746
-0.4682400551087297,1.0004587,0.00038228417
-0.46805044861877126,1.0009404,0.0003853098
-0.468042529462389,1.0000362,0.00038251444
-0.46705167870271536,0.9999358,0.00038216423
-0.466851251597768,1.0007893,0.00038216653
-0.46666164836107077,1.000724,0.0003852198
-0.4666536933619564,1.0002038,0.0003825026
-0.4656628686724956,0.99929404,0.00038205937
-0.465462447621145,0.9994497,0.0003820407
-0.46527284810291486,1.0004826,0.00038530774
-0.4652648567954084,1.0008122,0.00038263222
-0.46427405817706735,1.0002344,0.00038218457
-0.46407364411063606,0.99994475,0.00038210765
-0.4638840478447616,0.9994548,0.00038507496
-0.46387602022840635,0.9997047,0.00038247806
-0.4628852481473031,0.99978346,0.00038218248
-0.4626848406001271,1.0000124,0.00038211126
-0.46249524758751387,1.0002619,0.00038525317
-0.46248718412661016,0.9998782,0.00038256816
-0.4614964381179915,1.0010753,0.00038233944
-0.46129603708916267,1.0001891,0.00038210765
-0.4611064468655156,1.0000871,0.00038526478
-0.4610983475591527,0.99969023,0.00038251717
-0.46010762808867994,1.0003829,0.00038225995
-0.4599072331125397,1.0003004,0.00038222168
-0.4597176466078151,1.0003742,0.00038524618
-0.459709511458266,1.0004015,0.00038257058
-0.4587188175918854,1.0000291,0.00038216118
-0.4585184296020307,1.0007808,0.00038229855
-0.4583288463501146,1.0015397,0.00038538876
-0.4583206748908085,0.9996127,0.0003824393
-0.45733000756166564,1.0006208,0.00038223286
-0.45712962609106905,1.0000465,0.00038219153
-0.456940046091506,1.0006329,0.0003853075
-0.45693183878992183,1.0004039,0.0003825702
-0.45594119753144596,1.0000165,0.00038218687
-0.4557408225805601,1.0006579,0.00038228557
-0.45555124536814423,1.0002886,0.00038535648
-0.45554300222337385,0.99987465,0.00038255262
-0.4545523875012235,1.0002235,0.00038219863
-0.45435201860393437,1.000664,0.00038225765
-0.45416244511089915,1.000042,0.00038524822
-0.45415416612157766,1.0003437,0.00038260303
-0.4531635774714565,1.0000209,0.00038214558
-0.4529632150938808,0.9997666,0.00038212189
-0.4527736448541068,1.0005953,0.0003853208
-0.4527653295550297,0.9998013,0.0003824883
-0.45177476744168954,1.0002867,0.00038220492
-0.4515744115838273,1.0000033,0.000382194
-0.45138484459686173,1.0007074,0.000385381
-0.4513764934532335,1.0001762,0.0003825936
-0.4503859569467167,1.0000955,0.00038220565
-0.45018560807241015,0.99932647,0.00038209627
-0.44999604433916124,1.000346,0.00038525788
-0.449987656885776,0.99988496,0.00038258414
-0.4489971469169524,1.00023,0.0003821501
-0.4487968040953318,1.0002823,0.00038222392
-0.4486072436148886,1.0009081,0.0003853989
-0.4485988207844339,1.000223,0.00038263723
-0.4476083368871854,1.0004402,0.00038221717
-0.44740800058436736,1.0004855,0.00038224526
-0.44721844335809896,1.000985,0.00038543413
-0.44720998421788594,1.0002414,0.00038254028
-0.4462195268560548,0.99956286,0.0003820756
-0.4460191970738611,1.0001603,0.0003821747
-0.44582964310039847,1.000781,0.0003853245
-0.44582114811745466,0.9999113,0.00038244182
-0.4448307168258324,0.99955434,0.00038208425
-0.44463039356335216,1.0000461,0.0003821323
-0.4444408428431534,1.0009537,0.00038540462
-0.4444323115509067,1.0002217,0.0003825172
-0.4434419067956127,0.99988186,0.00038218062
-0.4432415900532986,1.0007317,0.00038231086
-0.4430520425859083,1.0006659,0.00038539665
-0.44304347545002,1.0007,0.00038259028
-0.442053096765393,1.0003268,0.00038221668
-0.44185278607758377,1.0009177,0.0003822793
-0.4416632418620911,1.0002979,0.00038539353
-0.4416546388825625,1.0007166,0.0003826344
-0.440664286735626,1.0006136,0.00038233786
-0.44046398256662206,1.0014952,0.00038234162
-0.440274441604846,0.9999006,0.0003853577
-0.4402658027807663,1.0003219,0.0003825516
-0.43927547624065316,1.0002507,0.0003822164
-0.4390751790547468,1.0002276,0.00038225856
-0.4388856413471455,1.0006843,0.00038540037
-0.43887696667987963,1.0000241,0.00038250707
-0.4378866662113416,1.0002546,0.0003822029
-0.43768637554378514,1.0,0.00038221196
-0.43749684108944503,1.0007282,0.0003853935
-0.43748813011333165,0.9996401,0.00038242812
-0.43649785618157455,1.000035,0.00038223335
-0.43629757203282343,1.0006142,0.00038222797
-0.43610804083174454,1.0008823,0.0003854896
-0.43609929401244496,1.0009048,0.00038271392
-0.435109046150444,0.99960244,0.00038208152
-0.43490876805619777,1.000181,0.00038214886
-0.43471924057404404,1.0002279,0.00038531306
-0.4347104574449875,1.00018,0.00038245227
-0.4337202361202243,1.0003288,0.00038213521
-0.4335199645461442,1.000035,0.00038214787
-0.4333304398515904,1.0006343,0.0003854581
-0.4333216213431913,1.0001606,0.00038256656
-0.43233142609000186,1.0000154,0.00038221272
-0.43213116103609067,1.0006045,0.00038232602
-0.43194163959479803,1.0005871,0.00038545232
-0.4319327852423046,1.0002337,0.00038257585
-0.43094261605977946,0.9997416,0.00038207945
-0.43074235752558165,0.9998854,0.0003821278
-0.43055283933618943,1.0006089,0.0003854713
-0.43054394867484713,0.99960774,0.00038240213
-0.4295538060295597,1.0003121,0.00038219366
-0.4293535540150727,1.0002052,0.00038215055
-0.42916403907848893,1.0008634,0.00038546845
-0.42915511257305095,1.0004289,0.0003826301
-0.42816499599979274,1.0008273,0.0003822975
-0.4279647505032029,1.0000823,0.0003821976
-0.427775238820333,1.0005387,0.00038542738
-0.42776627600650297,1.000824,0.00038261415
-0.42677618597048117,0.9997217,0.00038216275
-0.4265759465265772,0.9999488,0.00038207544
-0.42638643809833476,1.0004195,0.00038535657
-0.4263774399056163,0.99937874,0.00038237334
-0.4253873759411696,0.99978346,0.0003821243
-0.4251871430156128,1.000689,0.0003823174
-0.42499763784154515,1.0007142,0.00038555157
-0.4249886038047296,0.9999277,0.00038259508
-0.42399856591049445,1.0003102,0.00038216292
-0.42379833950555923,1.0003767,0.00038222733
-0.42360883758338924,1.0004,0.00038536094
-0.4235997672372721,1.0004177,0.00038263306
-0.42260975587981936,1.0010632,0.0003822581
-0.4224095359955057,0.9998657,0.0003822016
-0.4222200373252333,1.0003904,0.0003854071
-0.4222109311354759,0.99997294,0.00038252663
-0.4212209458500523,0.99979955,0.00038218533
-0.421020732484544,1.0002198,0.00038219275
-0.4208312370675328,1.0007527,0.00038552273
-0.4208220950341338,0.99946415,0.00038242276
-0.41983213581983264,1.0010989,0.00038239133
-0.4196319289735823,1.0008805,0.00038221458
-0.4194424368093796,1.0007013,0.00038547814
-0.41943325846713175,0.99933594,0.00038247602
-0.4184433257896102,1.0008391,0.00038225402
-0.41824312546307335,1.0002294,0.00038222258
-0.4180536360864705,1.0002458,0.00038545392
-0.41804442236624506,1.0000337,0.00038254907
-0.4170545162255045,0.9999098,0.00038214825
-0.4168543214859922,0.99954593,0.00038210198
-0.4166648358296809,1.0008459,0.00038559988
-0.41665558626626786,1.0000767,0.00038254476
-0.4156657061961929,1.0005693,0.00038225646
-0.4154655179745751,0.99967873,0.00038209883
-0.4152760355719804,1.000617,0.00038544464
-0.4152667496997199,1.0003296,0.00038256688
-0.41427689616688135,1.0002879,0.00038210631
-0.41407671446406885,0.9999074,0.00038213868
-0.4138872353142799,1.0001724,0.0003854284
-0.4138779135979237,1.0004613,0.00038264843
-0.4128880861362062,1.000416,0.00038226572
-0.4126879109540153,0.99934256,0.0003819519
-0.4124984350565794,1.0000489,0.00038542086
-0.4124890774961275,1.0004218,0.00038264584
-0.41149927610507564,1.0001067,0.0003821761
-0.41129910744396175,1.0001272,0.0003822185
-0.4111096347988789,0.9998956,0.0003854851
-0.4111002413952408,0.99989474,0.0003824972
-0.41011046607530866,1.0002393,0.0003822424
-0.4099103039329974,1.0009383,0.0003822857
-0.4097208345416338,1.0006202,0.0003855733
-0.40971140482778334,1.0005373,0.00038260166
-0.40872165604554167,1.000771,0.00038228123
-0.40852150042203295,1.0007504,0.0003822881
-0.40833203381872746,1.0005864,0.0003854884
-0.40832256872598716,1.000105,0.00038252855
-0.40733284601532194,0.9995365,0.00038216912
-0.4071326969115267,0.9996327,0.00038205233
-0.40694323356102696,0.9998524,0.0003853836
-0.40693373262510046,1.0005623,0.00038257724
-0.40594403598510226,0.999884,0.00038219136
-0.40574389340056227,1.0005826,0.00038226743
-0.40555443330332647,1.0001144,0.00038545567
-0.4055448960585525,1.0001518,0.00038256476
-0.404555226421452,0.9996967,0.00038210957
-0.4043550894234839,1.0006424,0.00038228635
-0.4041656330460787,1.0000458,0.00038544546
-0.4041560599576658,1.0009439,0.000382705
-0.4031664163921404,1.0000138,0.0003822325
-0.4029662859125195,1.0003499,0.00038221743
-0.40277683278883364,1.0006858,0.00038544042
-0.4027672238558696,0.99988025,0.00038246505
-0.4017776063623734,1.0002401,0.0003822098
-0.40157748240246594,0.99952364,0.00038203227
-0.401388032530225,1.0005441,0.00038552718
-0.4013783877540734,0.9999277,0.00038261487
-0.40038879633169555,0.9998938,0.0003820728
-0.4001886788919597,1.0000701,0.00038219255
-0.3999992322725245,1.0000985,0.0003854536
-0.39998955118707,1.0007905,0.00038270772
-0.3989999863010204,0.99998176,0.00038215538
-0.39879987538145073,0.9996283,0.00038214336
-0.39861043154961545,1.0001506,0.0003855253
-0.39860071508572925,0.99925655,0.00038240955
-0.397611176736462,0.999267,0.0003820855
-0.397411071870489,1.0001873,0.00038218405
-0.3972216312928258,1.000542,0.00038552764
-0.39721187898484256,1.0003494,0.00038260774
-0.396222366706695,1.0005704,0.0003822457
-0.39602226835952464,1.0002009,0.0003821846
-0.395832831035578,1.000076,0.00038538704
-0.39582304288395587,1.0007013,0.00038265387
-0.3948335566764726,0.99972224,0.00038210355
-0.3946334648490156,0.9997463,0.00038206362
-0.3944440307778775,1.00072,0.00038552654
-0.3944342067821597,1.0004954,0.00038268924
-0.393444746647161,1.0003937,0.00038224686
-0.39324466133850666,1.0000956,0.00038223332
-0.3930552305192689,1.0002593,0.0003854902
-0.3930453702151563,1.0002681,0.00038259625
-0.39205593661784943,0.99995184,0.00038211606
-0.391855857827545,0.99991035,0.00038213457
-0.3916664302615684,1.0012337,0.0003856507
-0.3916565341138155,1.0000393,0.00038262963
-0.390667127053291,0.9996838,0.0003822182
-0.3904670543165833,1.0004461,0.00038218123
-0.390277630004776,1.0010033,0.00038564057
-0.3902676980129288,1.000619,0.00038255614
-0.3892783170230713,0.9998056,0.0003821792
-0.38907825080607433,0.999688,0.0003821151
-0.3888888297479864,1.0002397,0.00038544912
-0.38887886191204213,1.0003909,0.00038263944
-0.387889506991938,1.000484,0.0003821879
-0.3876894472951099,1.0005157,0.00038219863
-0.3875000290246246,1.0004927,0.00038550282
-0.38749002581115544,0.9999993,0.0003826271
-0.38650069742783505,0.99981534,0.0003821163
-0.38630064378460094,1.0000104,0.0003821824
-0.3861112287664687,1.0001035,0.00038555288
-0.38610118971026874,1.000204,0.00038254034
-0.385111887398068,0.99968576,0.0003821917
-0.3849118402736393,0.9997111,0.0003821414
-0.38472242850831273,1.0005141,0.0003855769
-0.38471235314281127,1.0010014,0.00038269395
-0.38372307736784833,1.0001982,0.00038218725
-0.38352303676358573,1.0005001,0.00038221123
-0.3833336282510677,0.99997854,0.0003854967
-0.3833235170419246,0.9997905,0.00038252253
-0.38233426733853676,0.99969316,0.00038214313
-0.382134233252624,0.99966,0.00038209578
-0.38194482799473345,1.0003127,0.00038567607
-0.3819346809401284,1.0008647,0.00038268947
-0.3809454577748865,0.9997536,0.00038214473
-0.38074542974165965,1.0000409,0.0003821255
-0.38055602773703295,1.0006981,0.0003855449
-0.3805458448383322,1.0005144,0.000382603
-0.379556647744664,1.0002761,0.00038222244
-0.37935662576503393,1.0000043,0.0003821681
-0.37916722747933246,1.000486,0.00038552145
-0.3791570087369901,0.99949497,0.00038252817
-0.37816783771398893,1.0001178,0.00038214435
-0.37796782225407227,1.0003357,0.00038220818
-0.37777842722117655,1.0000694,0.00038548646
-0.3777681726361034,1.0006701,0.00038260678
-0.37677902814897507,1.0006173,0.00038227736
-0.37657901874356325,1.0003153,0.0003821097
-0.37638962696302064,1.0001079,0.0003855195
-0.3763793365356721,1.0003456,0.00038256217
-0.3753902181187526,1.0007108,0.00038231123
-0.375190215233057,0.9998472,0.00038207765
-0.37500082624011427,1.0008476,0.0003856539
-0.37499050043387594,1.0003731,0.00038265807
-0.37400140808898563,1.0003769,0.0003822621
-0.37380141172300346,0.99982303,0.00038219077
-0.3736120259828692,1.000779,0.00038575902
-0.37360166433207975,1.0010419,0.00038271458
-0.37261259852487993,1.0007709,0.0003822611
-0.3724126082129499,1.0003242,0.00038217212
-0.3722232257251687,0.9995085,0.00038547732
-0.37221282776507636,1.0004822,0.00038261595
-0.37122378849556836,1.000438,0.00038222762
-0.37102380470107466,0.99929947,0.00038206443
-0.37083442546837636,0.99955976,0.00038549333
-0.3708239916637356,1.0007473,0.00038266156
-0.3698349789319181,1.0003166,0.00038223085
-0.36963500118965753,0.99968284,0.00038210183
-0.3694456252097677,1.0003517,0.00038561862
-0.3694351555619394,0.99948514,0.0003825094
-0.36844616890169835,1.0006955,0.00038228856
-0.3682461976791513,1.0000571,0.00038223798
-0.36805682495297537,1.0006396,0.00038558902
-0.3680463194610527,1.0014688,0.00038281537
-0.36705735887102325,1.001057,0.00038235198
-0.3668573941681869,1.0010524,0.00038232026
-0.3666680246952749,1.0005932,0.00038564453
-0.366657483360166,1.001036,0.00038276776
-0.3656685493060067,1.000307,0.000382223
-0.36546859112288377,0.9996071,0.00038204796
-0.3652792244375744,1.0005198,0.0003857533
-0.3652686472588239,1.0009347,0.0003827487
-0.36427973927578694,0.9995662,0.00038210285
-0.3640797876123775,1.0001824,0.00038216985
-0.3638904241798739,1.0007946,0.00038567669
-0.36387981115748314,0.99942845,0.00038246668
-0.36289092971122855,1.0006247,0.00038228455
-0.362690984102324,1.0004367,0.00038223548
-0.3625016239230815,1.0005447,0.00038564095
-0.36249097505659644,0.99963707,0.00038241033
-0.36150211968146156,1.0002651,0.00038220108
-0.3613021805922704,1.0004662,0.00038216406
-0.361112823665381,1.0002745,0.00038562706
-0.36110213895570975,0.99920255,0.0003824096
-0.3601133101173558,0.9996182,0.0003821052
-0.35991337708176147,1.0001063,0.00038227116
-0.3597240229424747,1.0008094,0.0003856596
-0.35971330285391356,0.9999614,0.00038250035
-0.35872450008804424,1.000212,0.0003822481
-0.3585245735698889,1.0002745,0.00038220658
-0.3583352226843187,1.0007713,0.0003857054
-0.35832446675302687,1.0001748,0.00038259185
-0.35733569052439396,0.9999726,0.00038227826
-0.3571357700589245,1.0006894,0.0003822673
-0.3569464224266182,0.9995712,0.000385583
-0.3569356306521402,0.9997767,0.00038254273
-0.35594688049417156,1.0000113,0.00038218443
-0.35574696654796284,1.0001185,0.00038218193
-0.3555576221680096,1.0016735,0.00038588152
-0.3555467945512535,1.0011995,0.00038271796
-0.3545580704634964,0.9997786,0.0003821389
-0.35435816303700113,1.0001327,0.00038220605
-0.3541688219116727,1.0003823,0.0003856254
-0.3541579584494573,1.0005305,0.00038270114
-0.35316926089848255,1.0004601,0.00038222419
-0.3529693595269476,1.0002801,0.0003821694
-0.35278002165533845,1.0004948,0.00038571074
-0.3527691223476611,1.0007406,0.00038265946
-0.35178045133392144,1.0004619,0.00038220512
-0.35158055601689403,0.9997985,0.00038224662
-0.3513912213967271,1.0004593,0.0003857164
-0.3513802862467744,0.99989796,0.000382532
-0.3503916413041572,1.0004519,0.00038226848
-0.35019175250592965,0.99994147,0.0003822028
-0.35000242113902663,1.0000967,0.00038560052
-0.34999145014497823,1.0003225,0.00038265335
-0.3490028317400514,0.99955904,0.00038210428
-0.34880294899542064,1.0009629,0.00038236115
-0.34861362088132614,1.000082,0.0003856287
-0.34860261404318205,1.0004623,0.0003827094
-0.34761402171073985,1.0001242,0.00038222194
-0.34741414548400357,1.0003982,0.00038218682
-0.34722482062362564,1.0006618,0.00038565445
-0.34721377794229535,1.0003785,0.00038263694
-0.34622521214663415,1.0006723,0.00038232378
-0.34602534197258644,0.99942535,0.00038210847
-0.345836020366836,1.0004673,0.00038574496
-0.34582494184140866,1.0003337,0.00038255678
-0.3448364021168699,1.0007619,0.00038233024
-0.3446365384620775,1.0004324,0.00038221758
-0.34444722011004364,1.0011302,0.00038583772
-0.34443610574052197,1.0001683,0.00038256217
-0.3434475925513979,0.9996396,0.0003821041
-0.34324773495202393,0.9993503,0.00038208024
-0.343058419851435,1.0000671,0.0003856765
-0.3430472696387258,1.0003654,0.00038265466
-0.34205878252117816,1.0008096,0.00038235067
-0.3418589314419704,1.0002941,0.0003821919
-0.3416696195937345,1.0002335,0.00038568303
-0.3416584335369296,1.0018991,0.0003828387
-0.34066997295661977,0.99971884,0.0003820958
-0.34047012839666724,1.0000228,0.00038218312
-0.3402808188703727,1.0009112,0.0003857526
-0.3402695974355875,1.0009258,0.00038267366
-0.3392811633920586,1.0000741,0.0003821644
-0.3390813248857056,1.0004435,0.00038225044
-0.33889201861358037,1.0007116,0.00038569595
-0.3388807613342467,1.0005953,0.00038265836
-0.3378923533622916,0.99957645,0.00038213687
-0.33769252137519656,0.9993885,0.00038201097
-0.3375032183549717,1.0006156,0.00038573128
-0.3374919256990213,1.0014241,0.00038275358
-0.33650354379864134,1.0002642,0.00038226903
-0.3363037178637795,1.0003121,0.0003822898
-0.3361144180981794,1.0004352,0.00038568862
-0.3361030895990441,0.99964046,0.00038248367
-0.33511473376932976,1.0007956,0.00038227244
-0.33491491435190696,0.9999174,0.00038213315
-0.3347256178404789,1.0001887,0.0003856917
-0.3347142534981574,1.0003967,0.00038257576
-0.33372592420522407,1.0005502,0.00038218437
-0.3335261108418534,0.9999505,0.00038217378
-0.3333368175827784,1.000553,0.0003857186
-0.33332541739636123,1.000771,0.00038266007
-0.3323371146397575,0.9994899,0.0003820654
-0.33213730733179986,1.0002073,0.00038214962
-0.3319480173250779,1.000554,0.00038579362
-0.33193658129456505,1.000011,0.00038258542
-0.33094830460907965,0.99983346,0.00038213868
-0.33074850382129084,0.9998544,0.00038217255
-0.3305592170682855,1.0002699,0.0003857053
-0.33054774519367836,1.0008911,0.00038271744
-0.32955949504497395,0.999828,0.00038215556
-0.3293597003107846,0.9998647,0.0003820601
-0.3291704168096769,1.0006827,0.0003858146
-0.32915890909188217,1.0004774,0.00038258065
-0.3281706854804155,1.0001005,0.00038222296
-0.3279708967998202,1.0001501,0.00038211606
-0.3277816165524318,1.0008322,0.00038582852
-0.3277700729909955,1.0003108,0.00038265303
-0.3267818754501958,1.000627,0.0003821846
-0.3265820937545171,0.9999702,0.0003820756
-0.326392816295184,1.0007662,0.00038582264
-0.32638123735577007,1.0008538,0.00038268275
-0.32539306588654554,1.0001141,0.00038222614
-0.3251932902435554,1.0010442,0.00038231738
-0.325004016037939,1.0004785,0.00038574653
-0.3249924012539739,1.0001526,0.00038256613
-0.32400425632289526,1.0004951,0.00038225064
-0.3238044867325937,0.99920654,0.00038199173
-0.3236152157806939,1.0008723,0.00038581472
-0.3236035651530872,1.0003619,0.0003826306
-0.32261544629312827,1.0001887,0.00038224
-0.32241568322254016,1.0002635,0.00038217675
-0.322226415522538,1.0008898,0.00038578964
-0.322214729051291,1.0013242,0.00038282396
-0.3212266367281117,1.0000674,0.0003821979
-0.3210268797115758,1.0004877,0.00038223053
-0.32083761526438204,1.0006227,0.00038574194
-0.3208258929494948,1.0005502,0.00038273045
-0.31983782716309783,1.0008572,0.00038225294
-0.31963807620106677,1.0001575,0.00038217523
-0.319448815007137,1.0005928,0.00038573996
-0.3194370568481527,1.0002602,0.00038252774
-0.31844901713333357,0.99925506,0.0003820621
-0.3182492726901051,1.000005,0.00038216487
-0.31806001475080276,1.0002098,0.00038571373
-0.3180482212129273,0.999727,0.0003825086
-0.3170602075687724,1.0002096,0.00038217913
-0.31686046964525744,1.0010567,0.0003823374
-0.31667121449310226,1.000259,0.00038579214
-0.31665938511249603,1.0007674,0.0003826908
-0.3156713980042113,0.99997324,0.0003821278
-0.3154716661342957,1.000458,0.00038216135
-0.31528241423540176,0.9998293,0.00038569843
-0.31527054901069984,1.0011588,0.00038272003
-0.314282588440561,1.0000829,0.00038218687
-0.3140828626228759,1.0003103,0.0003821334
-0.31389361397679044,0.9999479,0.00038573545
-0.31388171290890365,1.0006077,0.00038272352
-0.3128937788769107,1.0006768,0.00038227226
-0.3126940591123669,1.0000471,0.00038219348
-0.31250481371908995,1.0003862,0.00038570532
-0.31249287680756155,1.0005015,0.00038262844
-0.311504968846691,1.0001793,0.00038221583
-0.31130525560231337,1.0000393,0.0003821473
-0.31111601346184486,1.0004048,0.00038576292
-0.31110404117188206,0.9999064,0.000382524
-0.3101161592825853,1.0005021,0.00038223455
-0.3099164520913517,0.9998259,0.00038213975
-0.30972721320505253,1.0003086,0.00038574007
-0.30971520507099537,1.0000691,0.000382517
-0.30872734971757143,1.00073,0.00038225748
-0.3085276490460513,1.0013924,0.00038235073
-0.30833841294780745,1.001438,0.0003859515
-0.3083263689701087,1.0005457,0.00038256368
-0.3073385401525576,1.000272,0.00038214674
-0.3071388455355423,0.9998104,0.00038211854
-0.30694961269010695,1.0000325,0.0003856607
-0.306937532869222,0.9998647,0.00038243577
-0.3059497301227906,1.0003234,0.0003822311
-0.30575004202503336,1.0003666,0.0003821955
-0.3055608124314983,1.0011624,0.0003858752
-0.3055486972339966,1.0008337,0.00038260405
-0.3045609205582322,0.9998119,0.00038219994
-0.30436123851406893,1.0007962,0.00038217605
-0.30417201217470596,1.0001907,0.00038574007
-0.3041598611322004,1.0010331,0.00038268568
-0.3031721109945819,0.9996727,0.00038216048
-0.3029724350040154,1.0002927,0.00038219927
-0.30278321191700547,0.99964565,0.00038570096
-0.3027710250313137,1.0003761,0.0003825249
-0.3017833014309316,1.0000767,0.0003821371
-0.301583631958715,0.9998693,0.000382125
-0.3013944116597604,1.0003045,0.00038573923
-0.3013821889295175,1.0009726,0.00038275018
-0.30039449186637046,0.99996775,0.00038216275
-0.3001948284472979,1.000008,0.00038213807
-0.3000056114025126,1.0003289,0.00038574703
-0.2999933532933826,1.000399,0.00038270402
-0.29900568230226476,0.9998731,0.0003821266
-0.2988060249367889,0.9997105,0.0003821103
-0.2986168111443594,1.000885,0.00038583524
-0.2986045171920405,1.0003556,0.0003826613
-0.2976168727372509,0.99963385,0.00038209918
-0.2974172214258245,0.9997909,0.00038216333
-0.2972280108862035,1.0005593,0.00038573417
-0.2972156810911538,1.0003349,0.00038263662
-0.2962280627065758,1.0006846,0.00038224433
-0.29602841791486284,1.0001545,0.00038220076
-0.2958392106289584,0.99968284,0.00038560366
-0.2958268454563838,1.0006154,0.00038259587
-0.29483925314201465,1.0001408,0.0003821723
-0.2946396148700151,1.0001659,0.00038214962
-0.2944504103717106,1.000302,0.00038574912
-0.29443800935458764,1.0000056,0.0003825489
-0.29345044357790895,1.0007547,0.0003823158
-0.29325081135996156,0.99995434,0.00038214278
-0.2930616101140101,1.0001884,0.0003857939
-0.29304917325279145,1.000729,0.0003826604
-0.2920616340133505,1.0003818,0.000382204
-0.291862007849908,1.0004308,0.00038223225
-0.2916728098563096,1.0013808,0.00038587677
-0.29166033761711063,1.0008817,0.0003826472
-0.2906728244497002,1.0001289,0.00038213286
-0.29047320433849094,1.0002278,0.00038218763
-0.2902840095990646,1.0005226,0.00038585605
-0.29027150151576986,1.0006535,0.0003826524
-0.28928401488604993,0.9999233,0.00038210754
-0.2890844012927351,0.9995155,0.0003821305
-0.2888952093418195,1.0007108,0.0003858272
-0.28888266541397367,1.0003904,0.00038257492
-0.28789520532149154,1.0000309,0.00038216912
-0.28769559778222614,1.0003676,0.00038217552
-0.287506409084119,1.0004729,0.00038578946
-0.28749382977874827,1.0009608,0.00038275766
-0.2865063957569304,0.9996753,0.0003821093
-0.28630679427126443,0.9998097,0.0003820763
-0.2861176088264185,0.99967736,0.0003856866
-0.2861049936778616,1.0005604,0.00038266665
-0.2851175861914611,0.99963343,0.00038207255
-0.2849999999998545,0.998528,0.00038313709
-0.28491799076030005,0.9993168,0.0003820146
-0.2847288085682626,1.0004383,0.00038574054
-0.28471615757651947,1.0000479,0.000382532
-0.2837287766273554,1.0000234,0.0003821546
-0.2836111489968971,0.99967873,0.00038323842
-0.2835291877159078,1.000461,0.0003822547
-0.2833400083110175,1.0004054,0.00038574933
-0.28332732194129406,1.0008398,0.00038271144
-0.28233996706325243,0.9997999,0.00038213158
-0.28222229752827843,0.99900496,0.0003831215
-0.28214038420585424,1.0000935,0.00038217782
-0.28195120805422785,1.0002055,0.00038573297
-0.2819384858408628,0.999906,0.00038251164
-0.28095115749869126,0.9998573,0.00038215137
-0.2808334465257758,0.9992887,0.0003832293
-0.2807515806948898,1.0003967,0.00038215288
-0.2805624077969801,1.0008489,0.0003858176
-0.2805496497390666,1.0009823,0.00038270288
-0.279562347935041,0.9995786,0.00038206918
-0.2794445950576119,0.9990527,0.00038309154
-0.27936277718392816,1.0001674,0.00038217942
-0.27917360753882686,1.0003825,0.00038574034
-0.2791608141029317,0.9999046,0.00038266575
-0.2781735383713907,1.0007354,0.0003822822
-0.2780557435899027,0.9993353,0.00038306473
-0.2779739741377169,1.0002661,0.00038219918
-0.27778480728112637,1.0009428,0.00038589447
-0.277771978002045,1.0007951,0.00038270807
-0.2767847288068296,0.99974924,0.00038214325
-0.2766668925878548,0.9986272,0.0003829766
-0.2765851706272079,1.0000803,0.00038215055
-0.27639600702297046,1.0006089,0.0003858133
-0.2763831423668196,1.0003883,0.00038260542
-0.2753959192418157,1.0001915,0.00038229252
-0.27527804111923615,0.9986083,0.00038296235
-0.2751963671166989,0.9999807,0.0003821429
-0.2750072067657254,1.0000935,0.00038568853
-0.2749943062659329,0.9999745,0.0003824976
-0.27400710967680186,1.0005636,0.00038231342
-0.2738891901167335,0.99895823,0.0003830186
-0.2738075636066454,1.0005331,0.0003822202
-0.27361840650893304,1.0004131,0.00038575634
-0.2736054701641367,1.0004491,0.00038260367
-0.27261830011224075,0.9998894,0.00038221254
-0.2725003386485696,0.9993069,0.00038311692
-0.2724187605622531,0.9995997,0.00038201164
-0.27222960625123255,1.0001141,0.00038573987
-0.2722166345280018,1.0013342,0.0003827511
-0.2712294905481378,1.0000032,0.0003821547
-0.2711114876456122,1.0000566,0.00038316805
-0.27102995705129146,0.9997264,0.000382045
-0.27084080599353205,1.0005502,0.00038579473
-0.2708277984266597,1.0003134,0.00038265288
-0.269840680984032,0.9996582,0.00038212206
-0.2697226366431096,0.9993765,0.00038300184
-0.26964115354032975,1.0005755,0.0003822312
-0.26945200573583156,1.0004876,0.00038585335
-0.26943896279098023,1.0002987,0.00038261552
-0.26845187142038174,0.9998171,0.00038212189
-0.26833378517494566,1.0001119,0.00038311706
-0.26825235049502666,0.99995285,0.0003821611
-0.26806320547813106,0.9999456,0.00038570308
-0.26805012669009354,1.0000159,0.0003825315
-0.26706306185673145,0.9999267,0.00038225137
-0.2669449341728978,1.0000664,0.00038305708
-0.2668635469831541,1.0000316,0.00038211106
-0.266674405220886,1.0011183,0.0003858368
-0.26666129105486813,1.0004973,0.0003826349
-0.26567425229217306,0.99982494,0.00038217823
-0.2655560827051886,0.9995582,0.0003830529
-0.2654747434721924,0.999599,0.00038206214
-0.2652856049636382,0.99990016,0.000385714
-0.26527245495307195,1.0006797,0.00038264933
-0.2642854427271565,1.000486,0.0003822211
-0.2641672317022312,1.000251,0.00038306316
-0.26408594042780015,1.0004697,0.00038217555
-0.2638968047059377,1.0003812,0.00038577136
-0.26388361885172984,1.0003492,0.00038263318
-0.2628966331621426,1.0003748,0.00038224616
-0.2627783806997286,1.0004947,0.0003830589
-0.2626971369177466,1.0003716,0.00038216656
-0.2625080044482372,1.0013036,0.0003858903
-0.26249478321605035,1.0006604,0.00038268906
-0.26150782359758423,1.000365,0.00038217293
-0.26138952923156467,0.99984974,0.00038302544
-0.26130833340723764,1.0006158,0.00038219985
-0.26111920419099216,1.0007788,0.00038587948
-0.26110594711425417,1.0006655,0.0003827588
-0.26011901403302307,1.0003877,0.00038229444
-0.2600006782286073,0.99982834,0.00038293097
-0.2599195298967287,1.0001678,0.00038218053
-0.2597304039337471,1.0001069,0.0003858456
-0.25971711147857335,1.0001674,0.00038254846
-0.25873020446891737,1.000495,0.00038222998
-0.2586118272256499,1.000424,0.00038291406
-0.25853072685142553,0.9998998,0.0003822017
-0.2583416036751357,1.0003052,0.0003857843
-0.25832827537768666,1.0006839,0.00038267506
-0.2573413949052671,0.99984765,0.00038217043
-0.25722297622405677,1.0005507,0.0003830193
-0.2571419233404639,1.0004337,0.0003822002
-0.2569528034183461,1.0004021,0.0003858213
-0.25693943974246125,1.0007129,0.00038266944
-0.2559525858072781,0.99976915,0.00038213638
-0.2558341247563476,1.0004448,0.00038306467
-0.25575311982950216,1.0009713,0.00038226193
-0.2555640031606456,1.0003505,0.00038582037
-0.25555060364157456,1.0013591,0.00038278618
-0.2545637762431724,1.0005269,0.00038229805
-0.25444527375384496,1.0007415,0.00038309649
-0.2543643167832882,0.9998759,0.00038208213
-0.2541752029029451,0.9996753,0.00038566717
-0.25416176800680457,1.001051,0.00038274322
-0.25317496667861394,1.000664,0.00038226336
-0.2530564227508876,1.0004805,0.0003829861
-0.25297551327323464,1.0005966,0.0003822212
-0.2527864026452446,1.0009599,0.00038585413
-0.2527729319050084,1.0001137,0.00038261776
-0.25178615711360014,0.9998184,0.00038209654
-0.2516675717479302,1.0016268,0.00038314366
-0.2515867097631811,1.0005591,0.00038216275
-0.25139760238845493,1.0000194,0.00038573562
-0.2513840962688735,1.0005289,0.000382693
-0.25039734754858356,1.0000823,0.00038220457
-0.25027872074633706,1.0006534,0.00038299797
-0.25019790671833614,1.0007125,0.00038233193
-0.2500088021298436,1.000379,0.0003857413
-0.24999526016753137,1.000535,0.00038261974
-0.24900853798402514,1.0000374,0.0003820881
-0.24888986974428917,1.0002589,0.00038299244
-0.24880910320737173,0.9997658,0.00038202363
-0.24862000233780437,0.9998158,0.0003857309
-0.2486064245318519,1.0006642,0.00038272268
-0.24761972888558073,1.0003054,0.00038228347
-0.24750101827658,1.000676,0.00038293874
-0.24742029969686546,1.0004721,0.00038217468
-0.24723120208055932,1.0001377,0.00038568696
-0.2472175884309652,1.0000231,0.00038249302
-0.24623091932193045,1.000976,0.0003823
-0.2461121672745321,1.0009767,0.00038300242
-0.24603149665156235,1.0003153,0.00038213556
-0.24584240182376696,1.0003599,0.00038581784
-0.2458287527957398,1.0006576,0.00038268126
-0.24484210975828016,1.0000528,0.0003821793
-0.24472331627202948,1.0010568,0.00038298898
-0.24464269314014522,1.0001185,0.0003821662
-0.24445360156652188,1.000525,0.00038580253
-0.2444399171596049,1.0013664,0.00038280373
-0.24345330019372172,1.0000134,0.00038213836
-0.2433344652690721,1.001338,0.00038309122
-0.24325389009529755,0.9998494,0.00038220696
-0.24306480130836597,1.0010984,0.00038590175
-0.24305108105826279,1.0004706,0.0003826115
-0.24206449062961602,1.0007681,0.0003823011
-0.24194561426656946,1.0013138,0.00038304873
-0.241865086585244,1.0003507,0.00038218522
-0.24167600105021275,1.0006336,0.0003858189
-0.2416622454225833,1.0005502,0.0003827437
-0.24067568152980803,1.0009006,0.0003823447
-0.24055676326406683,1.0011922,0.00038297984
-0.24047628307428232,0.9994723,0.00038210073
-0.24028720079251226,1.0001469,0.00038582674
-0.2402734093207871,1.0006129,0.00038259124
-0.23928687196524961,1.0006241,0.00038225256
-0.23916791226110945,1.001501,0.0003830391
-0.2390874800289792,1.0001632,0.00038216717
-0.2388984005357199,1.0014,0.00038592413
-0.2388845736851063,1.0002706,0.00038267454
-0.23789806240068848,0.9995587,0.0003820883
-0.23777906125906156,1.0015668,0.00038302134
-0.23769867651847024,0.9999833,0.0003821708
-0.23750960027892756,1.0003037,0.00038580547
-0.2374957375842196,1.0009496,0.00038276054
-0.23650925283612734,1.0004905,0.00038219374
-0.23639021025701368,1.0012821,0.00038298467
-0.23630987300796127,0.9997943,0.00038210882
-0.23612080002122707,1.0006323,0.00038583355
-0.2361069019489942,1.0006472,0.00038270187
-0.23512044373813834,1.0005926,0.00038226534
-0.23500135925451104,1.0010778,0.00038286007
-0.23492106996266085,1.0005348,0.0003822974
-0.23473199976307385,1.0004146,0.00038577002
-0.2347180663133147,1.0003183,0.00038270734
-0.23373163417448806,1.0003247,0.00038220224
-0.2336125082520084,1.0013607,0.000382984
-0.23353226645169917,0.99972403,0.00038215888
-0.23334319950491791,1.0004302,0.00038584822
-0.23332923021151852,1.0005724,0.00038269738
-0.23234282461038505,1.0002704,0.00038219756
-0.23222365771471232,1.0014377,0.00038296002
-0.23214346340685146,1.0004896,0.0003822396
-0.23195439924767286,1.0002328,0.00038582602
-0.2319403945758377,0.99993867,0.0003825593
-0.23095401504627935,1.0010169,0.0003822988
-0.23083480671175494,1.0012678,0.0003828838
-0.2307546598958871,1.0005177,0.000382242
-0.23056559899042509,1.0002558,0.00038577474
-0.23055155894015822,1.0000346,0.00038263653
-0.22956520594647137,1.0007132,0.00038229616
-0.22944595570970705,1.0018861,0.0003830511
-0.22936585638537813,1.000014,0.00038215987
-0.22917679919838588,1.0004365,0.0003858195
-0.22916272283927153,1.0008996,0.00038277495
-0.2281763963814575,1.0002775,0.00038222058
-0.22805710470765916,1.0015689,0.00038301572
-0.2279770533400777,1.0002816,0.00038217838
-0.2277879989415962,1.0009595,0.0003858788
-0.22777388720495562,1.0007862,0.00038269832
-0.2267875868173518,0.9992764,0.00038207186
-0.22666825370561128,1.0015047,0.0003829211
-0.22658824982911602,1.0002217,0.00038223
-0.2263991986829849,1.0005625,0.0003858519
-0.22638505110406892,0.9999225,0.0003825329
-0.22539877771845468,0.9998223,0.00038219686
-0.2252794027026539,1.0015464,0.00038298595
-0.22519944678426831,0.99989957,0.00038209007
-0.22501039842619522,1.000123,0.0003857739
-0.22499621546793402,1.0004019,0.00038265952
-0.2240099681548044,0.99985,0.00038221336
-0.2238905521653578,1.0010968,0.00038299823
-0.22381064327421477,1.0000745,0.0003821316
-0.22362159816849472,1.0002768,0.00038586892
-0.22360737983179912,0.99991286,0.00038253918
-0.2226211585911541,1.0006412,0.0003822123
-0.22250170116330992,1.0015084,0.00038295006
-0.2224218397637058,1.000199,0.00038226097
-0.22223279791079423,1.0004833,0.00038589418
-0.22221854373091243,1.0001246,0.00038254375
-0.22123234949225426,1.0004629,0.00038221464
-0.22111285016035254,1.0024264,0.0003831155
-0.22103303671749455,1.000653,0.00038228105
-0.22084399765309373,1.0010152,0.0003859058
-0.22082970809477753,1.0005103,0.00038275728
-0.22056759162585438,0.99990624,0.0003897512
-0.21984353992814856,0.99965864,0.00038213513
-0.21972399915739516,1.0013098,0.00038290795
-0.2196442332069856,1.0007294,0.00038225172
-0.2194551973963041,1.0004011,0.00038584514
-0.21944087245864263,1.0014175,0.000382814
-0.21917876157765492,0.9999013,0.0003897914
-0.2184547303631347,0.99985844,0.00038216554
-0.21833514862100856,1.0012438,0.000382861
-0.2182554301621406,1.0001417,0.00038215693
-0.2180663971386036,1.0006152,0.00038585483
-0.21805203635775594,1.0004903,0.00038266525
-0.21778993106470368,1.0005018,0.00038986153
-0.21706592126378213,1.0006077,0.0003822225
-0.21694629761896067,1.0013698,0.00038289576
-0.2168666266511762,1.0005448,0.00038226962
-0.2166775968809031,1.0004811,0.00038584883
-0.21666320072253054,1.00048,0.00038267608
-0.21640110101741372,0.9993892,0.00038968326
-0.21567711169967643,1.0002478,0.00038223804
-0.21555744661691278,1.001813,0.00038296243
-0.21547782360587311,1.0003684,0.00038221438
-0.2152887966232026,1.0006896,0.00038590675
-0.21527436508730513,1.000265,0.00038260716
-0.21501227096921427,1.0008922,0.0003898086
-0.21428830260077658,1.0010347,0.00038224875
-0.2141685960796167,1.0016663,0.00038287835
-0.21408902009581957,1.0006028,0.00038237515
-0.2138999968311634,1.0006034,0.00038585134
-0.21388552945117023,1.000283,0.0003826368
-0.21362344045671847,1.0001038,0.00038976865
-0.21289949303621816,0.9999472,0.00038212154
-0.2127797450766593,1.0014927,0.0003829444
-0.2127002170514273,1.0007324,0.00038222622
-0.2125111965734629,1.0003613,0.00038596147
-0.21249669334937404,1.000004,0.0003825518
-0.2122346104094285,0.9990703,0.00038942654
-0.21151068347256788,1.0001738,0.00038213056
-0.21139089453981796,1.0013238,0.00038285847
-0.2113114135404656,0.9999383,0.00038210105
-0.21112239631621513,0.9995596,0.00038571766
-0.21110785771369323,1.0008337,0.00038277707
-0.2108457803616831,0.9988496,0.0003894032
-0.21012187437457888,1.0000181,0.0003821835
-0.21000204353731533,1.0017134,0.00038294995
-0.2099226100295039,0.99989426,0.00038216656
-0.20973359605897005,1.0005875,0.0003859318
-0.20971902207801374,1.000364,0.0003826241
-0.20945694984782237,0.99944437,0.00038959825
-0.20873306481002046,0.9997606,0.00038213056
-0.20861319253526744,1.0015528,0.000382847
-0.20853380698328997,1.0002635,0.00038215195
-0.20834479580126955,1.0008872,0.00038599575
-0.20833018597712705,1.0007514,0.00038268592
-0.20806811980053241,0.999982,0.00038962002
-0.20734425571157603,0.9999132,0.0003821485
-0.20722434199979034,1.0014448,0.00038297818
-0.20714500347278367,1.0000011,0.00038216764
-0.20695599554356905,1.0005159,0.00038595634
-0.20694135034190164,1.0007328,0.00038262058
-0.20667928975324246,1.0008541,0.00038977634
-0.20595544614655947,0.99992156,0.0003821798
-0.20583549099774245,1.0015577,0.00038296575
-0.205756200427936,1.0006155,0.00038223664
-0.20556719528586856,1.0003365,0.0003858604
-0.20555251470576674,1.0004251,0.00038266453
-0.20529045923983716,1.0006319,0.00038966097
-0.20456663704720693,0.9998765,0.0003821415
-0.20444664046044636,1.0015994,0.00038289957
-0.20436739691788244,1.0004698,0.00038214304
-0.20417839502725993,1.000415,0.0003859206
-0.20416367907008592,1.0004706,0.0003826033
-0.20390162919209176,1.0003197,0.00038964147
-0.20317782748310392,1.0007247,0.00038222683
-0.20305778945748898,1.0014144,0.00038285897
-0.20297859387349018,0.99958175,0.00038216054
-0.202789594770923,1.0007807,0.00038592995
-0.20277484296919923,0.9998973,0.00038264235
-0.2025127991438923,1.0001326,0.00038965436
-0.20178901791854278,0.9997858,0.00038210783
-0.20166893892110238,1.0007955,0.00038276296
-0.2015897903625285,1.0000356,0.0003820808
-0.20140079451458606,1.0007697,0.00038602497
-0.20138600733442924,1.0003444,0.00038265466
-0.20112396909569286,0.99963063,0.00038955026
-0.2004002088205538,1.0003262,0.0003821532
-0.200280087918145,1.0021957,0.0003830162
-0.20020098731722538,1.0006646,0.00038218475
-0.20001199472163603,1.0007216,0.00038590172
-0.19999717169829434,0.99948627,0.00038254348
-0.1997351385827416,0.9999466,0.0003895983
-0.1990113992569035,1.0002162,0.00038221
-0.1988912373808489,1.002679,0.00038308054
-0.198812183806261,0.9996039,0.0003820861
-0.19862319446393553,1.0001762,0.00038587482
-0.19860833606215944,1.0007602,0.00038270486
-0.19834630853545165,0.9998526,0.00038958117
-0.19762259015800365,1.0003713,0.0003822296
-0.1975023868444623,1.001589,0.00038299442
-0.19742338076005245,0.9995283,0.00038203585
-0.19723439420578232,1.0008683,0.00038599083
-0.19721950042693404,1.0008658,0.00038275562
-0.1969574784881617,0.999631,0.00038954665
-0.19623378059390065,1.0005536,0.00038230442
-0.19611353584241442,1.0020938,0.0003829545
-0.19603457724908804,0.99976695,0.00038216508
-0.19584559394853454,0.9997499,0.00038583274
-0.19583066432604734,1.0005254,0.00038268897
-0.19556864797430096,0.99836034,0.00038923093
-0.1948449714945481,1.0009875,0.0003822624
-0.19472468530602782,1.0010856,0.00038277078
-0.19464577420469578,1.0006008,0.00038221048
-0.19445679369174487,1.0010277,0.00038603874
-0.19444182869082194,1.0012763,0.00038278502
-0.194179817927011,0.9999523,0.00038957098
-0.1934561619290761,1.0001566,0.00038217037
-0.19333583476873173,1.0013177,0.0003828336
-0.19325697069464223,0.9996753,0.00038205687
-0.19306799343449982,0.99959874,0.00038574004
-0.19305299305468704,1.0010729,0.00038276016
-0.19279098787972104,0.9994946,0.00038942133
-0.1920673528306344,1.0007006,0.0003823122
-0.19194698376577435,1.0013441,0.00038290647
-0.19186816764979456,1.0004286,0.00038226403
-0.19167919317634388,1.0007813,0.0003860238
-0.19166415741855214,1.0000397,0.00038252014
-0.19140215783197703,1.0001736,0.00038976624
-0.19067854373218998,0.99962574,0.00038209738
-0.190558133228933,1.0019209,0.00038295088
-0.1904793641392856,1.0003024,0.00038225605
-0.1902903929186434,0.99967027,0.00038582348
-0.19027532178287132,0.99986404,0.00038259645
-0.19001332731857035,1.0003597,0.00038966257
-0.1892897341685397,1.0002964,0.00038221685
-0.18916928269209166,1.0007948,0.00038280402
-0.18909056109398517,1.0002091,0.00038215425
-0.18890159312660418,1.0007074,0.0003859872
-0.18888648568153055,1.0007309,0.00038273077
-0.1886244972712804,1.0006373,0.00038976024
-0.1879009250705507,1.0004385,0.00038220934
-0.18778043169004377,1.0013247,0.00038281208
-0.18770175758256805,0.9998631,0.00038205355
-0.18751279286981454,0.99949366,0.00038578318
-0.18749765004630514,1.0004747,0.00038271068
-0.18723566722399043,0.9997755,0.0003895954
-0.18651211550599228,0.9999745,0.0003822089
-0.18639158115365717,1.0023592,0.00038308822
-0.18631295453680954,1.0001862,0.0003821991
-0.1861239926112032,1.0008135,0.00038598973
-0.18610881441107974,1.0004927,0.00038258033
-0.18584683717579098,0.9997854,0.00038959298
-0.18512330640709243,0.99982655,0.00038218228
-0.18500273061636108,1.0016029,0.00038297317
-0.18492415102584783,0.9994781,0.00038214074
-0.18473519235395813,1.0010923,0.00038607907
-0.18471997877494484,1.0008389,0.00038278155
-0.18445800666238568,0.9999649,0.00038961883
-0.1837344968425313,1.0004743,0.0003822423
-0.18361388007951973,1.0015423,0.0003829494
-0.18353534798145557,1.000265,0.00038219182
-0.18334639209671305,0.9999083,0.00038590177
-0.18333114313926402,1.0004424,0.0003826524
-0.18306917661464028,1.0006815,0.00038974654
-0.18234568774272603,0.999706,0.00038206574
-0.18222502954267839,1.0018201,0.00038295033
-0.18214654447140202,1.0003915,0.00038218393
-0.18195759183946528,1.0006794,0.0003859666
-0.18194230750358453,1.0008556,0.0003827217
-0.18168034656644083,1.0001699,0.00038967314
-0.1809568786442816,1.0000266,0.00038214683
-0.180836178539721,1.0012347,0.00038296904
-0.18075774142655435,1.0001266,0.0003821267
-0.1805687915822202,1.0005893,0.0003860118
-0.18055347186744963,1.0003685,0.00038258024
-0.18029151651824138,1.0001897,0.00038973964
-0.1795680690801759,1.0001482,0.0003821599
-0.17944732800287966,1.0017407,0.000382915
-0.17936893838125392,1.000339,0.0003821648
-0.17917999178972557,1.0005838,0.00038608472
-0.17916463576610753,1.0002064,0.0003826176
-0.17890268647095142,1.0009971,0.0003897446
-0.1781792599821869,1.0000806,0.0003821652
-0.17805847746649306,1.0016614,0.0003829372
-0.17798013487074496,1.0011135,0.00038236773
-0.17779119153157236,1.0006917,0.0003860787
-0.17777580013088212,1.00131,0.00038283409
-0.17751385595800018,1.0002774,0.00038967517
-0.1767904504185366,0.99980813,0.000382162
-0.17666962693010646,1.0009118,0.0003828397
-0.1765913318245337,1.0003465,0.00038215888
-0.17640239127432458,1.0004951,0.00038592998
-0.17638696449611213,1.0008621,0.0003827965
-0.17612502591071022,1.0002068,0.0003896463
-0.17540164131963676,1.0002444,0.00038219243
-0.17528077639326511,1.0008452,0.00038278964
-0.17520252831357203,1.0002098,0.00038220864
-0.1750135910170795,1.0001621,0.00038586624
-0.17499812886088673,0.9998019,0.00038258173
-0.17473619586342026,1.0005562,0.00038981636
-0.17401283222073963,0.9999896,0.00038225154
-0.17389192585596902,1.001274,0.00038293036
-0.17381372526917976,1.0004259,0.0003822439
-0.173624790759379,1.000629,0.00038603102
-0.17360929322566132,1.0003039,0.0003826033
-0.1733473658161303,0.99989927,0.00038969243
-0.17262402265572577,0.99972945,0.00038210198
-0.17250307531912767,1.0011848,0.0003829494
-0.17242492175912622,1.0011518,0.00038234124
-0.17223599050258667,0.99985623,0.00038583984
-0.17222045758952642,1.0002501,0.00038265003
-0.17195853576793085,0.9986979,0.00038926024
-0.1712352135563705,1.0001742,0.00038215925
-0.17111422478228633,1.0011679,0.00038287375
-0.1710361187138231,1.000249,0.0003821689
-0.17084719024397801,1.0004166,0.00038601542
-0.17083162195339152,0.9996357,0.00038256927
-0.17056970525452556,1.0008051,0.00038971816
-0.16984640445747337,1.0001618,0.0003821206
-0.16972537424499023,1.0011476,0.0003828363
-0.16964731520285872,0.9998551,0.00038211633
-0.1694583904519388,1.0002877,0.00038604366
-0.1694427863177107,1.0005332,0.00038275524
-0.16918087520678016,1.0000811,0.0003896698
-0.16845759489336767,1.0001507,0.00038222407
-0.16833652370951313,1.0014726,0.00038292547
-0.1682585121580137,1.0008978,0.0003823261
-0.16806959019469375,1.0002941,0.00038590742
-0.1680539506824853,1.0005192,0.00038269674
-0.1677920451594902,0.9998007,0.00038954068
-0.16706878579537868,1.0001063,0.00038219383
-0.16694767317403603,1.0019771,0.00038299942
-0.16686970911316604,1.0004308,0.00038224907
-0.1666807899379014,1.0005491,0.00038612584
-0.1666651150477153,1.0001931,0.00038279436
-0.16640321511220024,1.0000752,0.0003896931
-0.16567997669738968,1.0001988,0.0003822781
-0.16555882263673993,1.0013682,0.00038295912
-0.16548090560220435,0.999632,0.00038208175
-0.1652919896806563,1.0005922,0.0003861437
-0.1652762794115804,1.0001113,0.0003826514
-0.1650143850640008,0.9988235,0.00038949805
-0.16429116713328668,1.0009938,0.00038229444
-0.16416997209944384,1.0011296,0.00038288697
-0.16409210255690124,0.9998432,0.0003821488
-0.16390318942295581,1.0003884,0.00038596726
-0.1638874437754455,1.00033,0.0003826578
-0.1636255545505955,0.9997888,0.00038952852
-0.16290235803438682,1.0012015,0.00038236205
-0.1627811215626025,1.0013787,0.00038286948
-0.16270329904593686,1.0001638,0.00038222387
-0.1625143891643445,1.0007616,0.00038612727
-0.1624986081397647,1.0000141,0.00038262576
-0.1622367245028501,0.99902385,0.00038942133
-0.16151354893548697,1.000753,0.00038229453
-0.16139227102576115,1.001844,0.00038295507
-0.16131449600109185,0.9993478,0.00038200468
-0.16112558937230528,1.0000741,0.00038599555
-0.16110977203842392,1.0013527,0.00038279901
-0.16084789445465064,1.0003359,0.0003896568
-0.16012473983658984,0.9999138,0.0003822274
-0.16000342095412634,1.0013242,0.00038282026
-0.15992569295624418,0.9995924,0.0003821207
-0.1597367891146048,0.99948967,0.00038596065
-0.15972093640228902,1.0006392,0.00038271086
-0.1594590644064512,1.000006,0.00038963827
-0.15873593027112057,1.000013,0.00038224968
-0.158614570417285,1.0015746,0.0003829717
-0.1585368894452825,1.0002475,0.00038218687
-0.15834798885827056,1.0016092,0.00038625652
-0.1583321007670636,1.0001926,0.00038274075
-0.15807023435961667,0.9988438,0.00038937933
-0.15734712117222072,0.99989146,0.00038212087
-0.1572257198808984,1.0012202,0.00038286642
-0.15714808639997938,0.9999939,0.00038210125
-0.15695918860102548,0.99973106,0.00038597826
-0.1569432651318382,1.0008953,0.00038279302
-0.15668140431232672,0.9993516,0.000389592
-0.15595831207423172,0.9990235,0.00038202995
-0.1558368693445118,1.0013947,0.00038290318
-0.1557592828894704,0.9999932,0.00038211612
-0.15557038834286957,0.99985814,0.00038609357
-0.1555544294961574,1.000152,0.0003826344
-0.15529257379892003,0.9999276,0.0003896796
-0.15456950297624272,1.0001646,0.00038214863
-0.15444801880767045,1.0007405,0.000382834
-0.15437047984507815,0.9999419,0.0003820763
-0.15418158808471363,1.0008765,0.0003861485
-0.1541655938604779,1.000341,0.00038257084
-0.15390374375163007,1.0001969,0.00038977334
-0.15318069341213972,1.0000896,0.00038216528
-0.15305916873603564,1.0015607,0.00038298074
-0.15298167680023048,1.0006745,0.00038222029
-0.15279278829312987,1.000005,0.0003860455
-0.152776758224343,1.0002134,0.00038267398
-0.15251491370434012,1.0008886,0.00038972351
-0.1517918843136953,1.0001571,0.00038216246
-0.1516703181991943,1.0012103,0.00038282742
-0.15159287328836063,0.99981284,0.00038211624
-0.15140398803588478,1.0008701,0.00038612448
-0.15138792258866218,1.0006244,0.0003827476
-0.15112608365614066,1.0009042,0.0003898369
-0.15040307521479818,1.0003877,0.00038215824
-0.15028146766235295,1.0012517,0.0003828924
-0.15020407024351293,1.0008581,0.00038224398
-0.150015187778637,1.0006375,0.00038616615
-0.14999908695343678,1.000611,0.00038278644
-0.14973725360839665,1.0003707,0.0003896709
-0.1490142661154429,1.0006003,0.0003823382
-0.14889261759071815,1.0015323,0.00038290577
-0.14881526673300396,0.9998854,0.0003821435
-0.14862638752139193,1.0002636,0.00038605416
-0.14861025131821137,1.000494,0.00038268266
-0.1483484235611067,1.0002315,0.00038973163
-0.14762545701609034,0.99941623,0.00038214723
-0.14750376705433155,1.0009605,0.00038286534
-0.14742646368770088,0.9997827,0.0003820783
-0.14723758726323602,0.99969345,0.000386037
-0.14722141568298597,1.0010711,0.00038282512
-0.14695959351381674,0.99955064,0.00038962957
-0.14623664745153192,1.0006838,0.0003822321
-0.14611491651794495,1.0008199,0.00038284672
-0.14603766064240045,0.99998844,0.00038211746
-0.14584878700599094,1.0000906,0.0003860956
-0.14583258051387726,1.0001638,0.0003827031
-0.14557076346607134,0.9991974,0.00038955192
-0.14484783835354292,0.9994395,0.00038200463
-0.1447260664467649,1.0012753,0.00038287698
-0.1446488571323469,0.99940515,0.00038210544
-0.14445998721395173,1.000611,0.00038617212
-0.14444374487774236,1.0000876,0.0003827314
-0.1441819329522106,0.9999246,0.0003896914
-0.14345902925555393,1.0006875,0.00038230722
-0.14333721590992354,1.0010824,0.0003828727
-0.14326005408795464,1.0001287,0.0003821772
-0.14307118695625123,1.0008537,0.00038623894
-0.14305490924160746,1.0002882,0.00038271365
-0.1427931029044666,0.9997149,0.00038979593
-0.1420702201571095,1.0009853,0.00038235783
-0.14194836537262745,1.0009178,0.0003828548
-0.1418712510421988,0.9989743,0.00038204665
-0.14168238669809533,1.0003009,0.00038620958
-0.14166607360592665,1.0003663,0.00038273775
-0.1414042728567212,0.9991076,0.00038951734
-0.14068141105820967,1.0007938,0.00038228687
-0.14055951530099264,1.0007143,0.00038285812
-0.14048244753077901,0.9995338,0.0003820416
-0.14029358644085024,1.0005001,0.00038619197
-0.14027723797024716,1.0009173,0.00038281168
-0.14001544280852174,1.0002444,0.00038970314
-0.13929260149410394,0.999771,0.0003821652
-0.13917066476460604,1.0011653,0.00038292195
-0.1390936444854786,1.0003585,0.00038221586
-0.1389047861840579,1.0006635,0.00038615888
-0.13888840233411226,1.0002367,0.00038266118
-0.13862661276123178,0.99943036,0.0003893758
-0.13790379239429867,1.0003948,0.00038222078
-0.13778181469388073,1.0002829,0.0003827534
-0.13770484144063092,0.9998445,0.00038210116
-0.13751598639247412,1.000599,0.0003862091
-0.13749956669888685,1.0006523,0.0003827267
-0.13723778271394182,0.99870586,0.0003894218
-0.13651498329539882,1.000247,0.00038224357
-0.13639296415749413,1.000325,0.00038283
-0.13631603793012464,1.000445,0.00038217133
-0.1361271861343182,1.000598,0.0003861894
-0.13611073106366145,1.0003818,0.00038274922
-0.13584895266619781,0.9997138,0.00038961103
-0.13512617419649897,0.99980325,0.00038210634
-0.13500411408585933,1.0010258,0.00038288967
-0.13492723488573238,1.000009,0.00038212613
-0.1347383858766177,1.0007608,0.00038622232
-0.13472189542798063,1.0006803,0.00038272707
-0.13446012261890786,0.9984842,0.00038956694
-0.13373736509850997,1.0007108,0.0003822924
-0.13361526354856323,1.000807,0.00038294014
-0.13353843184134012,0.999757,0.00038211464
-0.1333495856184645,1.0009339,0.0003861967
-0.13333305979230115,0.99984187,0.00038263976
-0.13307129257207195,0.9997102,0.00038977913
-0.13234855600052098,0.99960405,0.0003821007
-0.13222641347783792,1.001033,0.00038288187
-0.13214962833037572,1.0001806,0.00038221097
-0.13196078536121672,1.0010788,0.0003862807
-0.13194422415616625,1.0002749,0.00038272847
-0.1316824625238725,0.999809,0.0003895688
-0.13095974690162385,0.99957234,0.0003820636
-0.13083756340620312,1.0005578,0.0003827486
-0.13076082528461988,1.0002272,0.00038226423
-0.13057198557008565,1.000533,0.00038626775
-0.13055538852048543,1.0002329,0.0003827044
-0.13029363201001176,0.9998385,0.00038964534
-0.12957093780317944,0.99992156,0.00038215477
-0.12944871286890702,1.0011065,0.0003828572
-0.12937202223886407,0.99961525,0.00038213577
-0.12918318531238515,1.0002018,0.0003861341
-0.12916655288480594,1.000436,0.00038276534
-0.12890480196226775,0.9997864,0.00038980917
-0.12818212870473772,0.9999273,0.00038219107
-0.1280598627990912,1.0005934,0.00038279255
-0.12798321872789967,1.0003796,0.00038221697
-0.12779438505468466,1.0003482,0.0003862608
-0.12777771771524182,0.9997499,0.00038262058
-0.1275159719149778,0.99985856,0.00038973778
-0.126793319604927,0.99989676,0.00038217023
-0.1266710122636141,1.0011486,0.0003829654
-0.12659441568259658,1.0002594,0.00038215515
-0.12640558479698416,1.0011613,0.00038627646
-0.12638888208001642,1.0007284,0.0003827845
-0.1261271418681419,0.99992615,0.00038973903
-0.12540451003991318,1.0008427,0.00038228792
-0.1252821621919793,1.0003784,0.00038276138
-0.12520561263820432,0.99962264,0.00038209016
-0.12501678453837284,1.0004164,0.00038613455
-0.12500004644388152,1.0007433,0.00038272177
-0.12473831181994245,1.0002891,0.00038985265
-0.12401570094147145,1.0001165,0.00038214776
-0.12389331212079924,1.0001874,0.00038264
-0.12381680912815075,1.000059,0.0003821498
-0.12362798474770258,1.0007875,0.00038629537
-0.12361121080865613,1.0000596,0.00038260507
-0.123349481771743,1.0007244,0.00038988233
-0.12262689184348245,0.999885,0.00038211237
-0.12250446204961918,1.0007417,0.00038278458
-0.12242800608330577,1.0006855,0.00038224165
-0.12223918449136566,1.0007707,0.00038626615
-0.12222237517343072,1.0010436,0.00038276886
-0.12196065172399896,0.9997748,0.00038972963
-0.12123808274549346,1.0001018,0.00038213853
-0.12111561151232308,1.0004672,0.0003828304
-0.12103920303845808,0.9996401,0.00038209802
-0.12085038423275432,1.0004305,0.00038624802
-0.12083353953774989,1.0005507,0.00038273327
-0.12057182167625359,1.0007724,0.0003898995
-0.11984927364659362,0.99955547,0.00038209828
-0.11972676144068828,1.0012428,0.00038288755
-0.11965039952749638,1.0005596,0.00038219136
-0.11946158397505383,1.0000852,0.0003862529
-0.1194447043677317,1.0004399,0.00038260836
-0.11918299162805414,1.0008373,0.00038989156
-0.11846046454769378,1.0008011,0.00038233507
-0.11833791137041771,1.0010598,0.00038285746
-0.11826159648173787,0.99989927,0.00038215626
-0.11807278371735333,1.001139,0.00038633737
-0.1180558687325063,1.0006243,0.00038270894
-0.11779416158076418,1.0007942,0.00038994112
-0.11707165544925205,1.0000019,0.00038207884
-0.1169490612996924,1.0010461,0.00038289843
-0.11687279343598203,1.0006797,0.0003822478
-0.11668398392531412,1.0003637,0.00038622334
-0.1166670330972809,1.0002186,0.000382648
-0.11640533153347422,0.9994886,0.0003897165
-0.11568284635080764,1.0004194,0.0003822482
-0.11556021076285106,1.0009885,0.00038286115
-0.11548399039068162,0.9994709,0.00038203917
-0.11529518366761363,1.0003301,0.00038622055
-0.115278197461146,1.0001535,0.00038265373
-0.11501650148618427,0.99948573,0.00038957878
-0.11429403725099965,0.9998091,0.0003820872
-0.11417136069121625,1.0011396,0.00038291502
-0.11409518688062807,1.0003588,0.00038218396
-0.11390638341082397,1.0009406,0.000386342
-0.11388936182546516,0.9999253,0.00038258094
-0.11362767143889431,0.9997608,0.00038965783
-0.11290522815209982,1.0000378,0.00038222564
-0.11278251061958144,1.0009257,0.00038284183
-0.11270638383623581,0.9996188,0.00038209007
-0.11251758315312348,1.0008496,0.00038632352
-0.11250052618978569,1.0006963,0.00038281086
-0.11223884139160435,1.001037,0.00039000015
-0.11174020163102931,0.9995747,0.00039828735
-0.11151641905411082,1.0000498,0.0003822164
-0.11139366054885613,1.0000576,0.000382678
-0.11131758079138813,0.9999568,0.00038219578
-0.11112878289542298,1.000825,0.0003862929
-0.11111169101931208,0.9994793,0.0003826169
-0.1108500113434049,1.000485,0.00039000087
-0.11035137669691857,0.9991646,0.00039810152
-0.11012760995612182,0.99986804,0.00038216708
-0.11000481047722133,1.0008665,0.00038288502
-0.10992877774608503,1.0006449,0.00038224083
-0.10973998310338377,1.0005263,0.00038628155
-0.10972285538363125,1.0002772,0.00038270964
-0.10946118129520545,1.000144,0.00038988038
-0.10896255176280782,0.9992805,0.00039809468
-0.10873880085722468,1.0003337,0.00038225745
-0.10861596040558652,1.0003296,0.00038270402
-0.10853997423557606,0.99983466,0.00038215515
-0.10835118284658872,1.0000964,0.00038621464
-0.10833401974840584,0.9996552,0.00038261918
-0.10807235124791549,1.0000949,0.00038982273
-0.10757372636212495,0.9992101,0.00039810175
-0.10734999175832753,0.9997391,0.00038216796
-0.10722711033486121,1.0005208,0.000382788
-0.1071511711893675,1.0004057,0.0003822197
-0.10696238258798278,1.000231,0.00038624325
-0.10694518411318044,1.0003797,0.0003827353
-0.10668352120062553,0.9999613,0.00038976144
-0.10618490142846962,0.9995114,0.00039806444
-0.1059611826594277,1.0008798,0.00038230637
-0.1058382602641359,1.0005699,0.00038274657
-0.1057623681440644,0.99989223,0.00038215876
-0.10557358233118773,1.0004883,0.00038626647
-0.10555634894316225,1.0001304,0.00038263068
-0.10529469115333558,1.0004311,0.00038993318
-0.10479607649435888,0.99935484,0.0003980255
-0.10457237402664456,0.99971724,0.0003820987
-0.10444941019341059,1.001339,0.00038293406
-0.10437356463401085,0.9999887,0.00038215646
-0.10418478253914852,1.000624,0.00038629022
-0.10416751330702735,0.9992669,0.0003824539
-0.10390586110513612,0.99998707,0.0003898015
-0.10340725156070356,0.999258,0.0003980364
-0.103183564927292,0.99993736,0.0003822118
-0.10306056012177578,1.0009887,0.00038289046
-0.10298476158961858,0.99994254,0.00038217282
-0.10279598228190615,1.0002519,0.0003863386
-0.10277867767134652,1.0005977,0.0003827409
-0.10251703105693667,0.99961984,0.00038988364
-0.10201842662659281,0.9989383,0.00039797215
-0.10179475582793943,1.0004107,0.00038218248
-0.10167171005014097,1.0011224,0.00038283126
-0.10159595854431548,0.9999723,0.00038212992
-0.10140718202465837,0.99990505,0.00038617867
-0.10138984203566705,1.0009205,0.0003828042
-0.10112820100919263,1.0001891,0.0003897337
-0.10062960169248207,1.0000848,0.0003979885
-0.10040594672949502,0.9996789,0.00038216295
-0.10028285997896091,1.0010945,0.00038281648
-0.10020715549901507,1.0000885,0.00038217957
-0.10001838176650515,1.0006018,0.00038628958
-0.10000100639953215,1.0010651,0.00038278403
-0.09973937096144726,0.9993805,0.0003897647
-0.09924077675882405,0.99942535,0.00039789575
-0.09901713763150602,0.9998666,0.0003821338
-0.09889400990778086,1.0004159,0.0003827487
-0.0988183524541674,0.9999303,0.00038221214
-0.09862958197400783,1.0008917,0.000386314
-0.09861217123087752,1.0009815,0.00038276066
-0.0983505409141573,0.9992684,0.00038970538
-0.0978519518247133,0.99958634,0.00039780326
-0.09762832853351702,1.0006276,0.0003822489
-0.09750515983705554,1.0008969,0.00038284334
-0.09742954894366111,0.9996412,0.00038210605
-0.09724078171630733,1.0001225,0.00038622622
-0.09722333559656161,1.0000381,0.00038271272
-0.09696171086686735,0.99965864,0.00038971796
-0.09646312689105799,0.99866414,0.00039771822
-0.09623951943461719,0.9991995,0.00038206915
-0.09611630976633023,1.0009913,0.00038279474
-0.09604074589744717,0.9996428,0.00038208868
-0.09585198145951768,1.0006659,0.0003862914
-0.09583449996042671,1.0009712,0.0003828042
-0.09557288081957739,0.99990606,0.00038991257
-0.09507430195694724,0.99952835,0.00039781973
-0.09485071033572004,1.0001926,0.00038218015
-0.09472745969469543,1.0003405,0.0003827683
-0.09465194285214676,0.99938494,0.00038205372
-0.09446318120272804,0.9999012,0.00038619403
-0.0944456647899531,1.0001109,0.0003826847
-0.09418405077228743,0.9995717,0.00038977095
-0.0936854770228365,0.9990654,0.00039774305
-0.09346190123727562,1.0002259,0.00038223027
-0.09333860962351537,1.0003047,0.00038276034
-0.0932631398077545,0.9999502,0.00038214732
-0.09307438094502754,0.9996288,0.0003861736
-0.0930568291547277,1.0006205,0.00038272984
-0.09279522072408798,0.9991133,0.00038969668
-0.09229665208872576,0.9987815,0.00039763772
-0.09207309213792306,0.9996442,0.00038208414
-0.09194975955233531,1.0003729,0.0003826615
-0.09187433629724553,0.9999934,0.00038212186
-0.0916855811525356,0.99913317,0.00038604648
-0.0916679935185928,0.9995429,0.00038257573
-0.09140639067679802,0.9997331,0.00038965358
-0.09090782761936815,0.99947774,0.0003976513
-0.09068428350377636,1.0002471,0.0003821894
-0.09056090994636179,1.0011545,0.00038280865
-0.09048553325240054,0.99911124,0.00038199546
-0.09029678089437698,0.9993609,0.00038602191
-0.0902791578824579,1.0001793,0.0003827141
-0.09001756062859857,0.9997043,0.00038978548
-0.0895190026852574,0.9980709,0.00039746973
-0.08929547440533193,0.9987923,0.00038191763
-0.08917205987563648,1.0003594,0.00038270597
-0.08909673020709744,0.99854124,0.00038186865
-0.08890798063667649,0.9983178,0.00038586205
-0.08889032271243835,1.0001831,0.0003826564
-0.08862873058130862,0.9993778,0.00038984645
-0.08813017775205481,0.9986562,0.00039753586
-0.08790666530734294,0.9981975,0.00038176661
-0.08778320980582066,1.0011371,0.00038285757
-0.08770792716179433,0.9982988,0.0003818602
-0.08751918037988685,0.9978055,0.00038578903
-0.08750148707721295,1.0001793,0.0003826634
-0.08723990053401866,0.99916047,0.0003897827
-0.08674135281885222,0.99828804,0.00039742162
-0.08651785620935394,0.99789476,0.00038189424
-0.08639435973509535,1.0003893,0.00038274805
-0.08631912411694935,0.99816084,0.00038181333
-0.08613038058875848,0.99753004,0.00038577142
-0.08611265144244297,0.9995371,0.00038256112
-0.0858510704858192,0.9980507,0.00038951423
-0.08535252788474147,0.9968648,0.00039713344
-0.08512904711091222,0.99738544,0.00038177427
-0.08500550966391529,1.0000876,0.00038273397
-0.08493032060644037,0.99675685,0.00038161254
-0.08474158033105798,0.9968739,0.000385663
-0.08472381627196936,0.9996509,0.00038254372
-0.08396370295063073,0.99758184,0.00039734744
-0.08374023801201239,0.99685633,0.00038167072
-0.08361666005839652,0.9990099,0.00038251508
-0.08354151756113996,0.9961678,0.00038150488
-0.08335278007244665,0.9969497,0.00038566644
-0.08333498063583446,0.99837303,0.00038244124
-0.0830734103903298,0.9975451,0.00038958175
-0.08257487801561184,0.9957355,0.00039690407
-0.08235142937877384,0.99656045,0.00038163335
-0.08222780998676171,0.9992001,0.00038250958
-0.08215271451583686,0.9960843,0.00038157988
-0.08196397981474615,0.9954847,0.0003854352
-0.08194614500015363,0.9980025,0.00038233527
-0.08168458034213034,0.9974964,0.0003895918
-0.0811860530819565,0.9957171,0.00039695707
-0.08096262027987669,0.9962123,0.0003814998
-0.0808389599151269,0.9985816,0.00038237902
-0.08076391147098919,0.9953521,0.00038136612
-0.08057518002315966,0.99640644,0.00038563545
-0.08055730983013544,0.9975816,0.00038225064
-0.0802957502943863,0.99662006,0.00038942375
-0.07979722814784576,0.99664456,0.00039701996
-0.0795738111800687,0.99645185,0.000381517
-0.07945011031006288,0.99846876,0.00038236947
-0.0793751084261415,0.9961518,0.00038143925
-0.07918637976637001,0.99547976,0.00038545352
-0.07916847419400054,0.9962367,0.0003820391
-0.07890692024664094,0.99502873,0.0003891616
-0.07840840321418775,0.9951667,0.00039676187
-0.07818500208162428,0.99582344,0.00038148952
-0.07806126023933757,0.9970996,0.00038220207
-0.0779863049151798,0.9960727,0.0003814502
-0.07779757950912224,0.99630094,0.00038551865
-0.07777963902443642,0.9963869,0.00038209133
-0.07751809019935098,0.99906456,0.00038985873
-0.0770195787457383,0.99661314,0.00039689796
-0.07679619344929657,0.9963288,0.00038152983
-0.07667241063427355,0.9967334,0.00038209042
-0.07659750186987939,0.99512637,0.00038127633
-0.07640877925142174,0.996164,0.00038555585
-0.07639080338921102,0.99665684,0.0003820561
-0.07612926015297052,0.99409586,0.00038897654
-0.07563075381117482,0.9955382,0.0003967729
-0.07540738435130757,0.99613595,0.00038152345
-0.07528356056263874,0.99673295,0.00038207026
-0.07520869882548713,0.9957577,0.00038139647
-0.07501997945847709,0.9957597,0.00038550733
-0.07500196775353019,0.99713427,0.00038199424
-0.07474043010568056,0.99618423,0.00038937872
-0.07424192887751681,0.99593306,0.0003967886
-0.07401857525241043,0.99607646,0.00038154842
-0.07389471049100393,0.99687564,0.000382109
-0.07381989578018402,0.9955008,0.00038137453
-0.07363117920122932,0.99589324,0.00038555363
-0.073613132583512,0.9967091,0.00038213568
-0.0733516005231424,0.9952174,0.0003890782
-0.07285310394386148,0.9954155,0.00039675183
-0.07262976615396602,0.9957472,0.00038143696
-0.07250586088593991,0.9967277,0.00038200006
-0.07243109273488092,0.99576443,0.0003814233
-0.07224237894398154,0.99586415,0.00038553088
-0.0722242969482866,0.99535197,0.00038200998
-0.07196277047494294,0.9960151,0.00038938195
-0.07146427901020616,0.99539286,0.0003966244
-0.07124095752073016,0.9951831,0.00038137313
-0.0711170108143051,0.9962443,0.0003820026
-0.07104228968958051,0.9955327,0.0003813755
-0.07085357915194233,0.99571484,0.00038545244
-0.07083546131306119,0.99573684,0.00038190422
-0.07057394042765298,0.99620825,0.00038948018
-0.0700754545417567,0.99494404,0.00039651882
-0.06985214842183032,0.9957213,0.00038147543
-0.06972816120833158,0.99679893,0.00038198702
-0.06965348617861881,0.9953502,0.0003813236
-0.06946477889424184,0.9957476,0.00038545087
-0.06944662614258758,0.9962825,0.00038196493
-0.06918511037945353,0.99646664,0.00038956117
-0.06868662960764596,0.9948173,0.00039652456
-0.06846333932293049,0.99523526,0.0003813689
-0.06833931113760627,0.9971948,0.0003820882
-0.06826468313377114,0.99544704,0.00038129694
-0.06807597863699946,0.99613327,0.00038549988
-0.06805779050736217,0.9961693,0.0003819832
-0.06779628033216357,0.99508667,0.00038920212
-0.06729780467353522,0.9944921,0.0003965083
-0.06707453022312519,0.9953834,0.0003813637
-0.06695046153254225,0.99575573,0.00038191865
-0.06687588008892345,0.9947218,0.00038123055
-0.06668717837975169,0.99608666,0.0003855885
-0.06666895533779806,0.9960776,0.00038200498
-0.06640745028487362,0.99506474,0.00038924138
-0.06590897973851363,0.9950812,0.00039655712
-0.06568572159079748,0.99481666,0.00038118954
-0.06556161146181694,0.99593633,0.00038193152
-0.06548707704453119,0.99517286,0.0003812958
-0.06529837858771248,0.99592763,0.00038557293
-0.06528011970257265,0.9949609,0.00038178274
-0.06501862023667417,0.9960104,0.0003895048
-0.06452015480440289,0.9954874,0.00039655322
-0.06429691249280849,0.99510884,0.00038131193
-0.06417276185584342,0.9966315,0.0003820282
-0.06409827400013893,0.99544114,0.00038139644
-0.06390957833001198,0.9957544,0.0003855278
-0.06389128406643775,0.9958601,0.000381993
-0.06362979018938421,0.994225,0.00038905945
-0.06313133033640884,0.9948994,0.000396488
-0.06290810339436406,0.995364,0.00038139563
-0.0627839122498699,0.9963447,0.00038197933
-0.06270947095483582,0.9956749,0.0003815043
-0.06252077807231149,0.99627644,0.0003854798
-0.06250244889596414,0.9961587,0.0003820666
-0.062240960141184756,0.9948492,0.0003891689
-0.06174250540275352,0.99484104,0.00039644854
-0.06151929476158094,0.99573135,0.00038152642
-0.06139506217868984,0.9958634,0.00038186985
-0.061320667909079994,0.9946982,0.00038121108
-0.061131977814611,0.99646896,0.00038557375
-0.061113613260283306,0.99584407,0.00038190404
-0.060852130092985304,0.9953748,0.00038928722
-0.06035368046955362,0.9958452,0.00039652
-0.0601304856626811,0.99508524,0.00038123757
-0.06000621257317107,0.9960187,0.0003819167
-0.05993186439766288,0.99515224,0.00038127194
-0.05974317802348263,0.9957736,0.00038553227
-0.059724778090265114,0.99511397,0.00038171414
-0.05946330051090256,0.99539286,0.00038936446
-0.05896485600110416,0.99609387,0.00039661513
-0.05874167656378396,0.99514127,0.00038138195
-0.058617362968107045,0.9964829,0.00038190838
-0.058543061352359774,0.9945893,0.00038112164
-0.058354377766234866,0.99649143,0.00038555305
-0.05833594245503971,0.9952074,0.00038184487
-0.0580744704636126,0.99543184,0.0003893417
-0.05757603106608258,0.99525064,0.0003963638
-0.0573528679305481,0.9952367,0.00038138387
-0.057228512897381734,0.9962451,0.0003819499
-0.05715425830705937,0.9956181,0.00038141332
-0.05696557750808164,0.99655116,0.0003855908
-0.05694710728547559,0.9957777,0.0003818791
-0.056685640417230794,0.99428356,0.00038909318
-0.05618720613242725,0.9953859,0.00039643375
-0.05596405883073742,0.99547714,0.00038143006
-0.055839663291408215,0.9967004,0.00038205483
-0.05576545526266711,0.9950884,0.0003813243
-0.055576777716042434,0.9960994,0.00038546787
-0.05555827164934069,0.9955338,0.00038183894
-0.05529681036994084,0.9954841,0.00038934321
-0.05479838119831651,0.9954836,0.00039636565
-0.054575249732748424,0.9949255,0.00038136315
-0.05445081368588944,0.99587095,0.00038186315
-0.05437665221827485,0.99576926,0.00038147593
-0.05418797745788921,0.99563116,0.00038545203
-0.054169436479321154,0.9965917,0.0003820404
-0.053907980322196805,0.99375206,0.0003888453
-0.05340955673032247,0.9946827,0.00039626064
-0.053186441100420714,0.9957105,0.00038147293
-0.05306196408037067,0.99579173,0.00038182185
-0.05298784917342716,0.9951629,0.00038139202
-0.052799177200641444,0.9957772,0.0003854562
-0.052780600843641674,0.99574935,0.00038194316
-0.05251915027399735,0.99497974,0.00038913806
-0.05202073179621173,0.99402666,0.00039618896
-0.05179763200152357,0.9949971,0.00038135576
-0.051673114008735865,0.9964353,0.00038203385
-0.051599046128582175,0.99577624,0.00038140375
-0.05141037694385179,0.9963346,0.00038551126
-0.05139176567316806,0.99610525,0.00038204342
-0.0511303202257979,0.9956213,0.0003894347
-0.050631906861645565,0.99520266,0.0003962766
-0.05040882290307915,0.9947206,0.00038130934
-0.050284264403217094,0.9959588,0.00038183838
-0.050210243082368225,0.9952204,0.00038131647
-0.05002157715226531,0.9959465,0.00038544214
-0.050002930037487237,0.9962907,0.00038203725
-0.04974149064416923,0.9952924,0.00038933018
-0.04924308239365153,0.9954027,0.00039631414
-0.049020014270298715,0.9944308,0.0003812621
-0.04889541479815307,0.9954574,0.000381803
-0.04882144003706782,0.99518317,0.00038133358
-0.048632776894112086,0.99536484,0.00038543454
-0.04861409486792312,0.9949633,0.00038180454
-0.048352660596879274,0.99462,0.00038908477
-0.04785425745999351,0.9953089,0.00039627138
-0.04763120517139888,0.9957073,0.00038149508
-0.04750656519354379,0.9965301,0.00038197788
-0.047432636526106124,0.99422354,0.00038121728
-0.04724397663641159,0.99666184,0.0003855168
-0.047225259232697714,0.9957038,0.00038187898
-0.04696383054958932,0.994527,0.00038933952
-0.04646543252633819,0.9947486,0.00039609693
-0.0462423965377076,0.9950644,0.00038131935
-0.04611771558847977,0.99658513,0.00038198853
-0.04604383348171386,0.9954912,0.00038133637
-0.04585517684346154,0.9958139,0.00038545593
-0.045836424063133596,0.99516267,0.00038185855
-0.045575000501389865,0.99494636,0.00038927587
-0.04507660805788873,0.99490815,0.00039622886
-0.04485358743835503,0.9949146,0.0003813174
-0.04472886551775446,0.9953423,0.00038184025
-0.0446550304373216,0.9949675,0.00038129065
-0.04446637658667189,0.9947961,0.00038533978
-0.04444758842836361,0.9950295,0.00038177907
-0.04418617045319041,0.994455,0.00038911402
-0.04368778312377799,0.9946147,0.00039615977
-0.043464778340366036,0.99554217,0.0003814159
-0.04334001591178094,0.9963872,0.00038195163
-0.0432662273920185,0.9948772,0.00038128337
-0.04307757632987685,0.9961735,0.00038557054
-0.04305875325789,0.9953947,0.0003818433
-0.042797340405900455,0.99372035,0.00038892843
-0.04229895865532853,0.9943513,0.00039603334
-0.04207596970803833,0.994867,0.00038135398
-0.04195116630580742,0.9960374,0.00038183396
-0.04187742434717081,0.99477005,0.0003813057
-0.04168877607217635,0.99578774,0.00038555436
-0.0416699176217551,0.99564,0.00038192858
-0.04140851082336229,0.99523693,0.00038939842
-0.04091013372030964,0.99528354,0.00039614385
-0.04068716060913849,0.99474674,0.00038132313
-0.04056231670028865,0.9955112,0.0003818879
-0.040488621301870406,0.99454284,0.00038120185
-0.040299976280137144,0.9957101,0.0003854815
-0.04028108245173556,0.9947016,0.00038181065
-0.04001968077516284,0.99444044,0.0003892606
-0.039521308786198896,0.99488723,0.00039611312
-0.03929835197635536,0.99536437,0.00038133707
-0.039173467094769876,0.99541426,0.000381785
-0.039099818256114575,0.9945189,0.00038118818
-0.03891117602243665,0.9954761,0.00038539607
-0.03889224681605608,0.9940355,0.00038165005
-0.03863085072787288,0.99565125,0.0003894158
-0.03813248431820217,0.99458444,0.00039607368
-0.037909542877458215,0.99462855,0.00038123663
-0.03778461748970585,0.99547905,0.00038184837
-0.037711015210356046,0.99476945,0.00038127194
-0.03752237576473615,0.99557185,0.0003854777
-0.037503411646491965,0.99595386,0.0003819613
-0.03724202068149242,0.99318683,0.0003888233
-0.03674365938409142,0.994305,0.00039587397
-0.036520734244675085,0.9956273,0.00038146248
-0.03639576788464183,0.9962964,0.00038187948
-0.036322212165963784,0.9942545,0.00038122316
-0.03613357597315506,0.9955648,0.0003853718
-0.03611457601126656,0.9949393,0.0003818518
-0.03585319063420246,0.9954861,0.00038943588
-0.03535483491655281,0.9943554,0.00039588162
-0.0351319251448671,0.9950646,0.00038126053
-0.03500691827866831,0.9957702,0.00038186662
-0.03493340912157152,0.9949193,0.00038125293
-0.03474477571590729,0.9955828,0.0003854171
-0.03472574084079295,0.9951724,0.0003817805
-0.034464360586457084,0.99555296,0.0003894577
-0.03396600998289479,0.99562943,0.00039615613
-0.03374311651162855,0.99535894,0.0003813416
-0.03361806867314954,0.99563265,0.00038187354
-0.03354460607672384,0.99390113,0.00038114245
-0.033355975458206795,0.9952665,0.00038542875
-0.03333690567077341,0.99488163,0.00038172276
-0.03307553100437434,0.9950581,0.00038918713
-0.03257718551353719,0.9945508,0.0003959604
-0.03235430741363955,0.99481946,0.0003812478
-0.032229219067630765,0.9957107,0.00038183975
-0.03215580303142344,0.9945346,0.0003812207
-0.03196717566616759,0.9954406,0.00038535113
-0.03194807003509393,0.9951949,0.00038178533
-0.03168670095617489,0.9945065,0.00038933745
-0.031188360579881867,0.9940837,0.00039583578
-0.03096549878131184,0.9943781,0.0003811794
-0.030840369461657247,0.9954808,0.00038181295
-0.030766999986123023,0.9941614,0.00038113326
-0.03057837540846709,0.99509645,0.00038538742
-0.030559234864620317,0.99442285,0.0003817474
-0.03029787090842951,0.9943013,0.00038920157
-0.02979953611143241,0.99434495,0.00039580386
-0.029576689682414697,0.9952817,0.0003812998
-0.029451520321799762,0.9955639,0.0003818224
-0.02937819694127534,0.994506,0.00038121804
-0.029189575151677437,0.9952512,0.00038542488
-0.029170399228939492,0.9946105,0.00038181953
-0.028909040861139552,0.9952672,0.0003893915
-0.02841071117777439,0.99500495,0.00039595654
-0.02818788104917884,0.99490786,0.0003811865
-0.028062670716735738,0.99629444,0.00038191536
-0.027989393895516818,0.99436677,0.000381151
-0.027800775358727388,0.9954951,0.00038538463
-0.027781564059375374,0.9954275,0.00038184767
-0.027520211279510882,0.99521065,0.0003894761
-0.027021886709324934,0.99504274,0.0003958623
-0.026799071950734422,0.9942479,0.00038116644
-0.026673821111671714,0.9960293,0.00038190768
-0.0266005903840997,0.99442655,0.00038126047
-0.026411975101026892,0.99577093,0.00038542793
-0.026392728889811257,0.9958793,0.000381966
-0.02613138123176685,0.9931783,0.000389039
-0.02563306177521419,0.99457717,0.00039578526
-0.025410263317951293,0.9951301,0.00038140616
-0.025284971506152942,0.99557394,0.00038184025
-0.02521178733925471,0.9949244,0.00038128582
-0.025023174843784513,0.9953402,0.00038535788
-0.025003893254131777,0.9944185,0.0003816647
-0.0247425511835674,0.9950561,0.00038934013
-0.024244237306764733,0.9944821,0.00039578977
-0.024021454218143307,0.99531555,0.00038139534
-0.023896121900179423,0.99555266,0.00038188614
-0.02382298429486245,0.9947412,0.00038132165
-0.023634374586989467,0.99565196,0.00038548792
-0.023615058083658165,0.9946912,0.00038181222
-0.02335372113582202,0.9942172,0.00038920212
-0.02285541237265399,0.9935198,0.00039555132
-0.02263264558445203,0.9943663,0.0003812873
-0.022507272294660652,0.99572843,0.00038180148
-0.022434181250014767,0.9946247,0.00038124062
-0.022245574795408375,0.9952156,0.00038527983
-0.02222622244797734,0.9953173,0.00038180867
-0.02196489108807799,0.99492574,0.00038921344
-0.021466587905115374,0.99490464,0.00039574853
-0.02124383648646303,0.9944059,0.00038123655
-0.021118423154803168,0.99547786,0.0003817939
-0.021045378205167085,0.9950916,0.00038128646
-0.02085677453770788,0.99549264,0.00038539796
-0.020837387278413222,0.99511933,0.0003818372
-0.020576061505539825,0.9934852,0.00038899248
-0.02007776297100463,0.99468994,0.00039577793
-0.019855027854135322,0.9944108,0.00038117875
-0.01972957354882965,0.99640036,0.0003819468
-0.019656575159863982,0.9950684,0.00038127613
-0.019467974279096543,0.9956671,0.00038536586
-0.019448552108849104,0.9948388,0.00038179258
-0.018688938502555173,0.99504244,0.00039570333
-0.018466218755690905,0.9947224,0.00038122397
-0.018340723943765624,0.9956145,0.00038179252
-0.018267772114563572,0.9952826,0.00038139563
-0.018079174487057335,0.9950727,0.00038534714
-0.0180597164736237,0.99478084,0.00038177732
-0.01730011403456114,0.9950923,0.00039575057
-0.01707741012245235,0.99471325,0.00038131935
-0.016951874804362888,0.9959569,0.00038187287
-0.01687896906971589,0.994934,0.00038132924
-0.01669037423026768,0.99523765,0.0003853333
-0.016670881304515002,0.99563336,0.0003819219
-0.015911289099994973,0.995085,0.00039575022
-0.015688601489216497,0.99462354,0.0003812943
-0.015563025198844116,0.9958719,0.00038179522
-0.015490166024870902,0.9944921,0.0003811728
-0.01530157397347264,0.9946964,0.00038521862
-0.015282046134041391,0.9951097,0.00038190154
-0.015020741782041281,0.9950816,0.00038939645
-0.014522464630634675,0.99507815,0.00039564446
-0.014299792390772078,0.9957469,0.00038145203
-0.014174175593325344,0.9955919,0.0003817343
-0.014101362979567798,0.99350756,0.0003810261
-0.013912774181433432,0.99402636,0.00038515098
-0.013893210497906492,0.9954467,0.00038189604
-0.013631911734295904,0.9947049,0.00038934412
-0.013133639696979352,0.99456906,0.00039564644
-0.012910983757991643,0.9941332,0.0003811852
-0.012785326453013113,0.9958213,0.00038180582
-0.012712559934264693,0.9945367,0.00038125392
-0.01252397392328021,0.9949928,0.00038527697
-0.012504375327886952,0.9948746,0.00038173218
-0.012243081686551872,0.99334556,0.00038889874
-0.011744815228529895,0.995785,0.00039564597
-0.011522174658180962,0.9945067,0.0003812532
-0.011396476847039594,0.99516267,0.0003816943
-0.011323756889419705,0.99495524,0.00038130913
-0.011135173665126988,0.9956284,0.00038538454
-0.011115540157868762,0.99512535,0.0003819051
-0.01085425163835242,0.9941077,0.00038905756
-0.010355990760991281,0.9947562,0.00039550735
-0.010133366025400527,0.9945635,0.00038118934
-0.010007627242430317,0.995913,0.00038185567
-0.009934953844572023,0.9946516,0.0003812764
-0.00974637387308778,0.9954648,0.00038534557
-0.009726704521733862,0.9950349,0.00038175838
-0.00946542205626833,0.9943942,0.00038911094
-0.008967165827788684,0.99562186,0.00039561422
-0.008744557393072817,0.9949526,0.00038134318
-0.008618778103482327,0.99622977,0.00038186574
-0.008546150799271615,0.9938789,0.0003812275
-0.008357573616292737,0.9957646,0.00038544464
-0.008337869352169744,0.99495864,0.0003818159
-0.008076592008978372,0.9946263,0.00038922057
-0.007578341358886502,0.99524087,0.00039555304
-0.007355748294628399,0.9943415,0.00038118224
-0.007229928498418303,0.99577665,0.00038183256
-0.0071573477539685106,0.99462324,0.00038128512
-0.006968773359503084,0.99530745,0.00038533544
-0.006949034182605627,0.9952632,0.00038190986
-0.006687761961688415,0.99533945,0.00038930684
-0.006189516889981624,0.99524295,0.00039553482
-0.005966939661392542,0.99510205,0.00038132266
-0.005841079358560819,0.996167,0.00038184357
-0.005768544709576249,0.9944732,0.00038123986
-0.005579973567463876,0.99502873,0.0003852394
-0.0055601985469248,0.9954121,0.0003818279
-0.005298931913944384,0.9954038,0.00038930323
-0.00480069195587088,0.9950075,0.00039545813
-0.004578130562492704,0.9947771,0.00038126612
-0.004452229753042047,0.99569345,0.00038179648
-0.0043797416642731455,0.9944249,0.00038120308
-0.004191173308852538,0.99512345,0.0003853152
-0.004171363376906609,0.9948992,0.00038176007
-0.00391010233140622,0.99513376,0.00038931353
-0.0034118674878768447,0.9949194,0.00039535898
-0.0031893219292541525,0.9948231,0.00038126585
-0.0030633806127298158,0.99518794,0.00038176618
-0.002990938618972736,0.99474335,0.00038119993
-0.002802373051152042,0.9950392,0.00038537785
-0.0027825282064329964,0.99495417,0.00038184924
-0.0025212722836608415,0.9950379,0.00038922584
-0.002023043019427388,0.9944014,0.00039539894
-0.001800513296473717,0.99464065,0.0003812456
-0.0016745310072110442,0.9960624,0.0003819051
-0.0016021355736723275,0.9948305,0.0003813649
-0.00141357325957095,0.9954535,0.00038530395
-0.0013936925707521705,0.9949644,0.00038177913
-0.0011324422359168104,0.99494725,0.00038921795
-0.0006342180853166441,0.995097,0.0003953809
-0.0004117041971211519,0.9947647,0.00038127357
-0.00028568186735355994,0.99487823,0.00038166775
-0.00021333252836922367,0.99534506,0.00038134598
-2.4773002323180898e-05,0.9952722,0.00038535363
-4.857400733979173e-06,0.9952862,0.00038199004
0.0002563873466213543,0.9951534,0.00038924883
0.0007546063831328125,0.9942632,0.00039526747
0.0009771044361173995,0.99442846,0.0003812629
0.001103167738619959,0.9958615,0.00038181714
0.001175470516478459,0.99496895,0.00038122394
0.0013640272553773144,0.99552834,0.0003853233
0.0013839777688301384,0.99510354,0.00038186926
0.0016452173930018169,0.99459916,0.00038918256
0.0021434308524931112,0.99493325,0.0003954495
0.002365913068445109,0.9947384,0.0003813564
0.002492016878022696,0.99573606,0.00038176903
0.0025642730956648542,0.99468327,0.00038124635
0.0027528270465056806,0.99580014,0.00038538105
0.0027728129383942563,0.9942358,0.00038173777
0.0030340474393822795,0.99530435,0.00038928096
0.003532255785693013,0.9946471,0.0003952455
0.0037547217012282395,0.99436545,0.00038124068
0.003880866017425433,0.99496,0.00038172267
0.003953076140057116,0.9943239,0.0003812149
0.004141627305117018,0.9958958,0.00038540675
0.004161648574529156,0.99504584,0.0003818899
0.0044228774875817315,0.9950994,0.00038937537
0.004921080253234322,0.99481165,0.0003953066
0.005143530799672657,0.99502283,0.00038132304
0.005269715622944204,0.9955658,0.0003817201
0.0053418791844493775,0.9943512,0.00038119926
0.0055304275619066715,0.99623483,0.00038548905
0.005550483744093273,0.9947488,0.00038178937
0.005811707070119896,0.9946469,0.00038909502
0.006309904721683779,0.99561083,0.00039536832
0.006532339432908514,0.9949244,0.00038125654
0.006658564762801689,0.9951868,0.00038170104
0.006730682230657934,0.994625,0.00038124755
0.0069192273539458796,0.99575675,0.00038538952
0.006939318913657391,0.9949354,0.00038184022
0.007200537117865275,0.99465424,0.00038920177
0.007698729189677815,0.99520546,0.00039535592
0.00792114806614437,0.99437624,0.00038118789
0.00804741390311392,0.99501306,0.00038163623
0.008119485275961038,0.9949556,0.000381295
0.008308027611646375,0.99552524,0.00038539176
0.00832815408367693,0.9948572,0.0003818322
0.008589367165609306,0.9953011,0.00038920614
0.009087553658582692,0.9954645,0.00039531602
0.009309957164588788,0.9952343,0.00038133643
0.00943626350908744,0.9946937,0.00038171862
0.009508288321264142,0.9944783,0.00038118777
0.009696827403685583,0.99557394,0.0003853637
0.009716989719356408,0.9946636,0.00038179092
0.009978196748147471,0.99493825,0.0003890969
0.010476378593601583,0.994497,0.000395134
0.01069876579828276,0.9951424,0.00038133503
0.010825112648490176,0.99524117,0.00038166257
0.01089709136656455,0.9948757,0.00038129842
0.011085627660475236,0.9954919,0.00038542124
0.011105824888920526,0.99437296,0.00038178105
0.011865203061598315,0.9947738,0.0003952411
0.012087574431518618,0.994921,0.00038126585
0.012213961787892913,0.9952012,0.0003817029
0.01228589441186496,0.9947552,0.00038130433
0.012474427918175731,0.99547714,0.00038538178
0.012494660058484644,0.9947033,0.00038176816
0.012755856842727386,0.99368703,0.00038875442
0.013254027530047771,0.9947079,0.00039522533
0.013476383063846327,0.99441886,0.0003812504
0.01360281092729565,0.9953392,0.00038173358
0.01367469745625722,0.9938987,0.0003810954
0.01386322771021494,0.9955808,0.00038539886
0.013883495228958256,0.99555314,0.00038188518
0.014144686424811476,0.99409324,0.0003889072
0.014642851998041806,0.9939829,0.0003949721
0.01486519216274347,0.9943968,0.0003812383
0.014991660533269169,0.9958452,0.00038178486
0.015063500500649482,0.9958323,0.00038138026
0.015252027967915435,0.9947753,0.00038526882
0.015272330398977796,0.9951942,0.00038190986
0.015533516472555508,0.9946395,0.00038909676
0.016031676465583115,0.99423957,0.0003949777
0.0162540007955266,0.99511045,0.0003813949
0.0163805096735814,0.9956533,0.00038171952
0.016452303545497166,0.9951093,0.00038129
0.016640828225615932,0.99552524,0.0003854057
0.016661166034657275,0.99526757,0.0003818674
0.016922346520754958,0.99518555,0.0003890796
0.01742050139969386,0.99479413,0.00039509617
0.01764280942830973,0.9945269,0.00038126597
0.017769358812984137,0.9954388,0.00038169735
0.01784110659125569,0.99482757,0.00038130727
0.01802962801765514,0.99599373,0.00038551172
0.018050001205130888,0.99491704,0.00038187564
0.018311176102839048,0.9945429,0.0003889046
0.01880932586859604,0.9942834,0.0003949828
0.019031618061548284,0.99460524,0.00038126594
0.01915820795329637,0.9950308,0.00038172636
0.01922990963701152,0.9944084,0.00038123014
0.019418428274450183,0.99573916,0.00038544953
0.019438836375150426,0.9947117,0.00038179115
0.019700006150129006,0.994939,0.0003891177
0.020198150337045497,0.99477947,0.00039498022
0.020420427160445426,0.9954105,0.00038127825
0.0205470570936086,0.9955245,0.00038173518
0.02061871268185651,0.9943362,0.00038120555
0.020807228531239834,0.9949968,0.00038535122
0.020827671545168618,0.9947493,0.00038181417
0.02158697480504223,0.99493957,0.00039504023
0.021809235793681284,0.9939926,0.0003811229
0.021935906233011337,0.99558586,0.0003817099
0.022007515727159612,0.9949041,0.00038132726
0.022196028324189886,0.99500996,0.00038529333
0.022216506714732735,0.99501073,0.0003818725
0.022477665778592212,0.9944841,0.0003889169
0.022975799273491686,0.99661463,0.0003953869
0.023198044426919834,0.9948746,0.0003812369
0.023324755372414074,0.9961259,0.00038195227
0.023396318305890586,0.9948543,0.00038123506
0.023584828581890382,0.99647856,0.00038558253
0.023605341884296853,0.9951566,0.00038193836
0.02386649582588217,0.9943288,0.00038889932
0.024364623741941142,0.99489176,0.0003950515
0.024586853059247543,0.9947711,0.00038129822
0.02471360451181681,0.99595356,0.00038184837
0.024785121350282848,0.9940402,0.00038120465
0.02497362837392959,0.9957651,0.0003854544
0.024994177520431753,0.9944274,0.00038174496
0.02525532587408162,0.9943652,0.0003889559
0.0257534482103906,0.9952417,0.00039509693
0.025975661692486097,0.9948443,0.00038124376
0.026102453652129043,0.9955247,0.00038178393
0.02617392439558595,0.9948586,0.00038128355
0.026362428631630085,0.9961104,0.00038553122
0.02638301269045129,0.99577266,0.00038205454
0.026644155456619786,0.99554896,0.0003892605
0.027142272679748204,0.9958128,0.0003950974
0.02736447032526653,0.99445766,0.00038123268
0.027491302792441275,0.9955544,0.00038169604
0.02756272744043094,0.994612,0.00038123995
0.027751228888419736,0.9959867,0.0003854949
0.027771847860469483,0.99509406,0.00038180168
0.028531097147289512,0.9947643,0.0003949027
0.02875327942416637,0.9949974,0.00038122895
0.02888015193184401,0.9960505,0.00038180174
0.028951530485734043,0.9946991,0.00038129915
0.02914002868000083,0.9955419,0.0003854796
0.029160683030943095,0.99468464,0.00038178297
0.02942181508644791,0.9949536,0.00038904094
0.029919921614828128,0.99494314,0.00039501835
0.030142088056946806,0.99461275,0.00038129147
0.03026900107124675,0.99497306,0.00038156487
0.030340333531489874,0.99463326,0.000381329
0.03052882893815944,0.9953314,0.0003853839
0.030549518201416707,0.99508446,0.00038184208
0.03081064513464736,0.99397874,0.00038889656
0.031308746083277585,0.9955017,0.0003950333
0.031530896690185356,0.9953748,0.00038136102
0.03165785021019474,0.9958698,0.0003817851
0.0317291365772457,0.99457115,0.00038118262
0.031917629195859935,0.99562293,0.0003854969
0.03193835337007133,0.9955061,0.00038191065
0.03219947518193732,0.9945158,0.00038891946
0.03269757101693291,0.99534214,0.00039495045
0.032919705323423906,0.99487555,0.0003812859
0.033046699349597475,0.995493,0.00038173894
0.03311793962163796,0.99480426,0.00038129068
0.03330642898835187,0.99519277,0.0003853935
0.03332718853872595,0.99538714,0.00038193914
0.03358830476356599,0.99408525,0.00038888934
0.034086395485837785,0.9945573,0.00039494978
0.034308513956204344,0.99470586,0.0003813109
0.03443554848945496,0.995383,0.00038165832
0.034506742666030224,0.9945505,0.00038119731
0.03469522924559964,0.99537694,0.00038547613
0.03471602417486085,0.9954868,0.00038194383
0.034977134811311365,0.99420786,0.00038879065
0.03547521995519808,0.99494225,0.00039497204
0.03569732258898747,0.9949686,0.00038128824
0.03582439762976719,0.9952946,0.0003817018
0.03589554524521662,0.9947335,0.0003812369
0.036084029036728006,0.9952366,0.00038540782
0.03610485934442497,0.99499506,0.00038184033
0.0363659648590554,0.9954908,0.0003890545
0.03686404442319212,0.99569726,0.00039508715
0.03708613122222333,0.9947231,0.00038130025
0.03721324677007942,0.9956486,0.00038179453
0.03728434829051703,0.9943237,0.00038115968
0.03747282929397577,0.9947164,0.00038539158
0.03749369451489858,0.99521327,0.00038190387
0.03775479444159356,0.99534774,0.00038914895
0.038252868891641575,0.99526954,0.00039508287
0.03847494032112317,0.9950068,0.0003812974
0.03860209590948216,0.9951811,0.00038157287
0.03867315133582013,0.99466646,0.00038124516
0.038861629552129,0.9956109,0.0003855572
0.038882529685372196,0.99474996,0.00038178262
0.03914362448888352,0.99413115,0.00038894103
0.03964169335963561,0.99506545,0.00039489847
0.0398637489539063,0.99494,0.0003812879
0.03999094504979439,0.99536467,0.00038166938
0.04006195438066782,0.99417067,0.00038116312
0.040250429344168205,0.99616,0.00038560902
0.040271364855391734,0.99479824,0.00038180331
0.04053245407051219,0.9952417,0.00038899828
0.04103051736242378,0.9952845,0.0003949618
0.04125255758668943,0.99525213,0.000381378
0.04137979372353584,0.995315,0.0003816852
0.041450757426423644,0.9949433,0.00038125136
0.0416392296018687,0.9954454,0.00038547552
0.04166020002495585,0.9948198,0.00038181842
0.041921284117802146,0.9951275,0.0003890378
0.04241934183087324,0.9951727,0.00039498226
0.042641366219925286,0.9954105,0.00038143495
0.04276864286293858,0.9954777,0.00038168402
0.042839560471724054,0.9943806,0.00038122805
0.04302802985911647,0.9951399,0.000385519
0.04304903519406455,0.9951568,0.00038194162
0.0433101141650921,0.99469316,0.00038892275
0.043808166298867274,0.99543864,0.00039492868
0.044030174853161144,0.9948065,0.00038132933
0.04415749200325081,0.996231,0.00038176542
0.044228363516116316,0.9947577,0.00038126123
0.044416829651608404,0.9954777,0.00038552922
0.04443787036453816,0.99435,0.00038181918
0.04469894374672077,0.9952243,0.00038900514
0.04519699076731673,0.9955428,0.00039495356
0.045418983485944274,0.9947086,0.00038128276
0.045546341142653546,0.99491906,0.0003816646
0.04561716609575813,0.9942551,0.00038113876
0.04580562990885617,0.99525535,0.00038556664
0.04582670553501177,0.99529475,0.00038191266
0.046087773794920225,0.9947823,0.00038883756
0.04658581523531077,0.9954767,0.00039490842
0.046807792119182824,0.99515724,0.0003813393
0.04693518981730449,0.9955898,0.0003817324
0.04700596914060582,0.9945364,0.00038128026
0.04719442970043727,0.9952714,0.00038556007
0.04721554070503131,0.99494773,0.00038179706
0.04747660337745839,0.99483675,0.00038891812
0.04797463970376022,0.995466,0.00039483418
0.048196600751965954,0.9954013,0.00038136798
0.04832403895761672,0.9951642,0.00038165727
0.0483947721854535,0.99468225,0.0003812201
0.048583229957685034,0.99601495,0.000385699
0.0486043758750495,0.99539876,0.00038193836
0.04886543342520377,0.99506944,0.00038893567
0.04936346417220968,0.99543476,0.0003948533
0.04958540938520181,0.99556214,0.00038135427
0.049712888097474206,0.9961776,0.00038180317
0.049783575230753906,0.995543,0.00038134668
0.0499720302149328,0.9955923,0.00038559674
0.049993211045523116,0.9951515,0.00038190524
0.05025426300728651,0.9938653,0.0003887345
0.050752288640659136,0.9959448,0.00039501386
0.05097421801843767,0.994717,0.00038130584
0.0511017367716704,0.9954754,0.00038170363
0.051172378276054316,0.99419224,0.00038113305
0.05136083000742474,0.9961062,0.00038573972
0.05138204621508723,0.9956091,0.00038198527
0.05164309305457647,0.9960103,0.00038911428
0.052141113110019434,0.99633497,0.00039501482
0.0523630266512208,0.9948651,0.00038127875
0.05249058591107314,0.9959053,0.0003817683
0.052561181320902,0.9947414,0.00038130404
0.05274963026557796,0.9952083,0.00038548952
0.05277088138465135,0.9952627,0.00038187383
0.05303192310186643,0.99503297,0.0003889863
0.05352993757846889,0.99550915,0.00039487853
0.05375183528400393,0.9954616,0.00038137953
0.05387943505047588,0.99573517,0.00038180797
0.05394998390008839,0.9952471,0.00038137243
0.05413843005716444,0.99549156,0.00038561283
0.05415971655467089,0.9953312,0.00038186918
0.05442075268440459,0.99453855,0.0003888723
0.05491876158034622,0.99592394,0.00039490825
0.05514064391724248,0.9948359,0.00038124932
0.05526828372512682,0.9965762,0.00038187703
0.0553387869453915,0.9956821,0.00038141682
0.055527230313954096,0.9958205,0.00038570203
0.05554855172468908,0.9948752,0.00038189397
0.05630758604788753,0.9956192,0.00039476738
0.05652945255047834,0.9947131,0.00038126874
0.056657132864984305,0.99583477,0.00038181857
0.056727589990691905,0.9944128,0.00038117997
0.05691603057120186,0.9959807,0.00038557468
0.0569373868942532,0.9955682,0.00038193061
0.05719841231423271,0.9946083,0.00038875817
0.05769641051588156,0.9956882,0.00039475795
0.05791826118326147,0.9955089,0.00038142785
0.0580459815391805,0.995758,0.00038169272
0.058116393035539594,0.99555635,0.0003813851
0.05830483036324107,0.99574786,0.00038571187
0.058326222063817316,0.994881,0.0003818779
0.05858724236152267,0.9953852,0.00038898757
0.05908523498478644,0.99544686,0.00039482964
0.059307069816041905,0.9951782,0.00038127686
0.059434830679492734,0.9954622,0.00038169717
0.05950519608038458,0.9944226,0.0003811722
0.05969363062185241,0.9956633,0.00038566111
0.05971505723429093,0.9952243,0.0003819109
0.05997607194315134,0.9951316,0.00038882918
0.060474059454144045,0.99474317,0.00039468837
0.060695878449280455,0.9959145,0.00038150276
0.06082367935368893,0.9958215,0.0003817264
0.06089399866002639,0.9951323,0.00038140756
0.061082430413891615,0.99558717,0.00038571123
0.06110389240385505,0.9951663,0.00038192762
0.061862883922140774,0.99518466,0.00039458286
0.062084687082519005,0.99545497,0.00038133678
0.06221252849309167,0.9952078,0.0003816401
0.062282801704418654,0.99486566,0.00038126865
0.06247123067068127,0.99587905,0.00038577538
0.062492727573419164,0.9960492,0.00038209726
0.06325170792492894,0.99574363,0.0003946812
0.06347349571575486,0.99653256,0.00038156248
0.06360137716683312,0.99598974,0.0003818518
0.06367160474972176,0.99632746,0.0003815166
0.06386003092747092,0.996016,0.00038575171
0.06388156274298327,0.9952693,0.00038180148
0.06464053239292297,0.99529225,0.00039469174
0.064862304348538,0.99551004,0.00038135992
0.0649902263066906,0.99507004,0.00038169854
0.06506040779547759,0.99531084,0.0003812937
0.06524883071951013,0.99594235,0.00038567683
0.06527039791345689,0.9955207,0.0003818898
0.06553139120189809,0.9949356,0.00038873366
0.06602935686137243,0.9941513,0.00039443563
0.06625111298131843,0.9958046,0.00038144467
0.06637907498134155,0.9957678,0.00038175544
0.06644921084032258,0.9946571,0.00038123786
0.06663763097721062,0.99594504,0.0003857616
0.0666592330839305,0.9957906,0.0003819218
0.06692022125009754,0.9954264,0.00038885712
0.06741818132891374,0.9951971,0.00039463528
0.06763992161455698,0.9950882,0.00038132162
0.06776792412074428,0.99588406,0.00038174403
0.0678380134199644,0.9951133,0.0003812865
0.06802643077016068,0.99597555,0.0003858275
0.06804806825395004,0.99555814,0.0003820046
0.0683090508326357,0.9930726,0.0003882908
0.0688070053317019,0.9951537,0.0003945712
0.06902873024779553,0.9951835,0.00038133276
0.06915677279448573,0.9957183,0.00038171836
0.0692268164652675,0.99537176,0.00038141088
0.06941523102740306,0.99659467,0.00038592494
0.06943690342396823,0.99454004,0.00038182444
0.06969788088038109,0.9950275,0.00038894688
0.0701958298006041,0.9954718,0.00039457038
0.07041753888057597,0.9957776,0.0003814551
0.07054562146868193,0.9963967,0.00038183035
0.07061561951011248,0.99590915,0.00038150034
0.07080403081898953,0.996518,0.00038589427
0.07082573859444184,0.995702,0.00038197712
0.07108671046200976,0.99538046,0.00038898873
0.07158465426860082,0.99566424,0.00039457905
0.0718063475133591,0.9951579,0.00038126245
0.07193447060808467,0.9960174,0.00038183332
0.07200442255450475,0.99521804,0.0003813327
0.07219283107623731,0.99612427,0.00038585707
0.07221457376400596,0.99543995,0.00038192747
0.07247554050884429,0.99568677,0.00038901708
0.07297347873705028,0.9954152,0.0003945686
0.07319515614659496,0.99477744,0.00038123887
0.07332331928137137,0.99586654,0.0003817479
0.07339322559889701,0.9952038,0.00038129435
0.07358163133347968,0.99696386,0.0003859823
0.07360340893357008,0.9954315,0.00038195215
0.07386437009138246,0.9951958,0.00038893
0.07436230273983845,0.99599993,0.00039466712
0.0745839647798335,0.99560595,0.0003813808
0.07471216795602231,0.9960462,0.00038177345
0.07478202817808341,0.9956311,0.00038137287
0.07497043112597701,0.99665856,0.00038592558
0.07499224410358962,0.995576,0.00038196004
0.07575112720783249,0.99626267,0.0003947069
0.07597277294695536,0.995649,0.00038140913
0.07610101663067326,0.9959212,0.00038179426
0.07617083122429466,0.99546355,0.00038139042
0.07635923138413023,0.99646825,0.0003860245
0.07638107927360781,0.9964932,0.00038208155
0.07713995167673736,0.9961824,0.00039467702
0.07736158157973848,0.9960322,0.00038150174
0.07748986577053074,0.99648803,0.00038190972
0.07755963426959776,0.995397,0.00038143477
0.07774803117571671,0.9962658,0.0003859281
0.07776991444408142,0.9960658,0.0003820294
0.07803085976850054,0.99557275,0.00038884135
0.07852877568043368,0.9963012,0.00039461162
0.07875039021206619,0.99625355,0.00038149988
0.07887871444472694,0.9958505,0.00038177223
0.07894843731489817,0.99580866,0.00038144135
0.07913683143295909,0.99692184,0.0003859774
0.07915874961410096,0.99578613,0.00038192913
0.0794196893501292,0.99455655,0.0003886577
0.07991760014842772,0.99601513,0.00039453458
0.08013919884530205,0.996093,0.00038151385
0.08026756311937788,0.9954514,0.0003817578
0.0803372398945373,0.9957304,0.00038144458
0.08052563169020686,0.99769545,0.00038615617
0.08054758478411915,0.99631,0.00038199592
0.08080851939832866,0.9954237,0.00038894254
0.08130642415030774,0.9958529,0.00039449136
0.08152800747944874,0.9961227,0.00038149688
0.08165641179311933,0.9964589,0.0003818834
0.0817260429398404,0.99617046,0.00038143995
0.08191443148179335,0.99767166,0.00038616458
0.08193641995368327,0.99633765,0.00038200896
0.08219734897995733,0.994743,0.00038884598
0.08269524861784636,0.99682623,0.0003946194
0.08291681611223188,0.99686086,0.00038172922
0.08304526046686078,0.99651295,0.000381884
0.08311484598423266,0.99714524,0.00038169
0.08330323174039929,0.99858713,0.00038636403
0.08332525465713203,0.99664664,0.00038213577
0.08358617902724728,0.9939629,0.00038848884
0.08408407308629581,0.997503,0.00039480347
0.084305624745015,0.9979014,0.0003818516
0.08443410960671827,0.99569154,0.000381741
0.08450364902862492,0.99758804,0.00038176228
0.08469203153153305,0.99915284,0.00038645003
0.08471408982624072,0.9968885,0.000382192
0.08497500860933004,0.994989,0.00038866486
0.0854728970895394,0.99783814,0.00039473208
0.08569443337825086,0.99763536,0.00038176717
0.08582295828091446,0.9969831,0.00038196123
0.08589245160781131,0.99850285,0.00038190692
0.08608083178923355,0.99957097,0.00038648612
0.08610292499671433,0.99625325,0.00038205308
0.08686172155844428,0.99841845,0.00039478517
0.08708324154582543,0.9976491,0.0003817358
0.08721180695556541,0.9969234,0.00038198227
0.08728125465356715,0.99839514,0.00038188457
0.08746963158127276,0.9998094,0.00038660166
0.08749176016718795,0.9970658,0.0003821982
0.08825054556123245,0.999033,0.0003949857
0.08847205017860857,0.9992723,0.00038200791
0.0886006556297616,0.9968315,0.0003819082
0.08867005769932297,0.9989123,0.0003818884
0.08885843183897325,1.0006186,0.00038677303
0.08888059533720749,0.9985921,0.00038242422
0.08914149828781302,0.99808925,0.00038938175
0.08963937002922648,0.9993579,0.00039492222
0.08986085881093628,1.0000752,0.00038219945
0.0899895043039578,0.9983959,0.00038223946
0.09005886027850937,0.9993785,0.00038201327
0.09024723209576291,1.0007055,0.00038666677
0.09026943050722568,0.99837214,0.0003824883
0.09053032786944169,0.9996208,0.00038968725
0.09102819449767593,0.9995918,0.00039493936
0.0912496674437194,0.9996997,0.00038211385
0.09137835297769925,0.9985759,0.00038228792
0.09144766332381248,0.9997446,0.00038212686
0.09163603188780212,1.0004076,0.00038680003
0.0916582656767898,0.9992453,0.00038255245
0.09191915791673165,0.9986761,0.0003893689
0.0924170185004641,1.0007858,0.0003950356
0.0926384760778661,0.9996254,0.0003820479
0.0927672016514407,0.9989193,0.00038223996
0.09283646636820474,0.9997952,0.00038210876
0.09302483214504449,1.0005742,0.00038674445
0.09304710084635391,0.9993218,0.0003825592
0.09330798749836032,0.99956125,0.00038961958
0.09380584296845815,1.0012497,0.00039515583
0.09402728424498795,1.0004033,0.00038227052
0.09415605032609164,0.9997928,0.00038236848
0.094225269412597,1.0001948,0.00038212028
0.09441363193754182,1.0006195,0.00038682713
0.09443593555116624,1.0003105,0.00038273045
0.09469681754655977,0.9998814,0.00038938344
0.09519466697124632,1.000951,0.00039502027
0.09541609287776838,1.0003077,0.0003822285
0.09554489900028784,0.9996759,0.00038238734
0.09561407199223612,1.0002687,0.0003822961
0.09580243219524232,1.0005581,0.0003867741
0.09582477072118578,1.0004516,0.0003827611
0.09608564712909794,0.9982671,0.00038915497
0.09658349143924035,1.000406,0.00039498447
0.09680490151100693,1.0006092,0.00038223894
0.09693374767448404,0.9996965,0.00038241292
0.0970028750370838,0.99978334,0.00038211732
0.09719123198819236,1.0003649,0.00038678548
0.09721360589120397,0.9998299,0.00038265454
0.09797231544202852,1.0002862,0.0003949487
0.09819371014424548,0.9997002,0.00038212523
0.09832259634913498,1.0006292,0.00038258065
0.09839167808283963,1.000392,0.00038220885
0.0985800322445239,1.0004438,0.00038673935
0.09860244106167758,1.0003158,0.0003827957
0.09886330675756115,0.99973285,0.00038975448
0.09936113991047797,1.0008003,0.0003949103
0.09958251877748134,1.0000974,0.00038218437
0.09971144502378593,0.99974805,0.00038243784
0.0997804806633896,0.9997553,0.00038220227
0.09996883203519953,1.0007709,0.000386863
0.09999127623169712,1.0005075,0.00038282675
0.10074996391281342,1.0008177,0.0003949455
0.10097132694414776,1.0006125,0.00038224185
0.10110029323141134,1.0003382,0.0003825068
0.10116928370823727,0.9997465,0.00038207063
0.10135763229381087,1.0004525,0.00038677637
0.10138011093559995,0.9999013,0.0003828168
0.10164096638693519,0.9998235,0.0003896954
0.1021387883817156,1.0003339,0.00039485656
0.1023601355769309,0.9995493,0.00038201275
0.10248914190515279,1.0004404,0.00038261086
0.10255808675262953,1.000718,0.00038226775
0.10274643255151136,1.0002733,0.00038686497
0.10276894610516407,1.0006021,0.0003827585
0.10302979596856386,1.0004025,0.00038968495
0.10352761238541461,1.0005867,0.0003948708
0.10374894421062217,1.0003856,0.00038222419
0.10387799057934899,1.0006771,0.0003825559
0.1039468897970218,0.99965644,0.00038203935
0.10413523234355057,1.001008,0.0003869214
0.10415778127518226,1.000395,0.0003828027
0.10491643638774736,1.0001647,0.0003947561
0.10513775284386072,1.0004098,0.0003822506
0.10526683925399993,0.99997854,0.00038241144
0.1053356923762055,1.0003055,0.00038216083
0.10552403260125107,1.0011882,0.00038700804
0.10554661644565587,1.0003693,0.0003828282
0.10580745559884606,0.999653,0.0003897081
0.10630526085528867,1.001202,0.00039488636
0.10652656101097988,1.000112,0.000382163
0.10665568792774138,0.99929976,0.00038230832
0.10672449542150861,0.9989552,0.00038200503
0.10691283239237943,1.001249,0.0003869669
0.10693545161567541,1.0015436,0.00038298214
0.10719628518093015,1.0004632,0.00038980128
0.107694084857166,1.000978,0.00039480225
0.107915369643763,1.000478,0.00038221557
0.10804453660148283,1.0008556,0.00038255824
0.10811329846681171,1.0001585,0.00038215556
0.10830163264917449,0.9998618,0.00038683214
0.10832428631957824,1.000287,0.00038281566
0.1085851152291296,1.0007025,0.00038983245
0.10908290932561546,1.0005938,0.00039462946
0.10930417827699886,0.99985266,0.00038211385
0.10943338481001774,0.99991274,0.00038240073
0.10950210104645083,1.0002044,0.00038217098
0.10969043244211914,1.0004878,0.00038696048
0.10971312148914236,1.0007569,0.0003827872
0.10997394481166776,0.99965096,0.0003895169
0.11047173332885904,1.0003068,0.00039456176
0.11069298644457612,0.99988294,0.0003822482
0.11082223348421394,1.0001388,0.00038244494
0.11089090409266208,1.0008886,0.00038233746
0.11107923269981963,1.0008013,0.00038702763
0.11110195665870648,1.0011396,0.0003828839
0.11136277485850231,0.9997317,0.00038963484
0.11186055733210264,1.0007675,0.00039459232
0.11208179507690383,0.9994653,0.0003821422
0.11221108215795539,1.0005826,0.00038256947
0.11227970713705435,0.99980056,0.0003820747
0.11246803249231696,1.0007694,0.0003869504
0.11249079182781517,1.0002288,0.00038277206
0.11275160444013098,0.9993815,0.00038934275
0.11324938180055209,1.0003572,0.00039445225
0.11347060371014238,1.0007348,0.00038220125
0.11359993036603555,1.0002315,0.00038257567
0.11366850971578532,1.0001881,0.00038210477
0.11385683274955934,1.0002745,0.0003869852
0.1138796265326275,1.0001787,0.00038273956
0.11414043402221506,0.99966997,0.00038954415
0.11463820580288483,0.99986476,0.0003943791
0.11485941187771695,1.0001966,0.00038218303
0.1149887790406865,1.0005711,0.00038254907
0.11505731276108842,1.0002924,0.00038213262
0.1152456325406931,1.000522,0.00038700222
0.11526846170310111,1.0002028,0.0003827845
0.11552926407041451,0.9997587,0.0003896152
0.116027029805673,1.0006074,0.00039442218
0.11624822051095281,0.9991836,0.00038213003
0.11637762771488269,1.0005883,0.00038256482
0.1164461158059334,1.000499,0.00038221132
0.11663443279793548,1.0004549,0.00038697335
0.11665729687312065,1.0001706,0.00038270466
0.11691809365204318,1.001357,0.00038997887
0.11741585427412246,1.0004505,0.00039440018
0.11763702914419136,0.9992697,0.00038203364
0.1177664759234176,0.9998816,0.00038246642
0.11783491838511981,1.0002395,0.0003821649
0.1180232325904328,1.0007962,0.00038704215
0.11804613204313884,1.0005857,0.00038277588
0.11830692369933314,1.0001671,0.0003897067
0.11880467827645522,1.0004643,0.00039431418
0.1190258373113132,0.9997892,0.00038215113
0.11915532459806855,0.99999624,0.00038241048
0.11922372143042022,1.0000405,0.00038212893
0.1194120328481333,1.0007875,0.00038711735
0.11943496674795116,1.0002595,0.00038276144
0.11969575328141589,1.0003468,0.00038980442
0.12019350227924339,1.0002623,0.0003943125
0.12041464594409633,0.9987339,0.00038194496
0.12054417280660346,1.0002716,0.0003824448
0.12061252447572332,1.0000333,0.0003821292
0.1208008331058338,1.0009437,0.000387058
0.12082380191797071,1.0008669,0.00038281872
0.12108458286304456,0.99995327,0.00038967218
0.12158232674724011,1.0006839,0.0003943498
0.12180345457733219,0.999934,0.00038214686
0.1219330214803449,1.000536,0.00038253734
0.12200132705490971,0.9992824,0.00038207453
0.12218963289696216,1.0005382,0.00038703045
0.12221263708753483,1.0007739,0.0003828864
0.12247341291033452,0.9992559,0.0003895435
0.12297115075002828,1.0007873,0.00039429695
0.12319226274399861,1.0004894,0.0003822425
0.12332187015408635,1.000431,0.0003824664
0.1233901300997574,0.999952,0.000382199
0.1235784331555735,1.000089,0.000387021
0.12360147225709894,1.0003585,0.00038282928
0.1238622424924186,0.9988468,0.00038937587
0.12435997475281645,1.0002477,0.00039419523
0.12458107137632632,1.0003685,0.00038217494
0.12471071836262126,1.0000284,0.00038244747
0.12477893267939652,0.99932617,0.0003820007
0.12496723294715459,1.000364,0.00038702643
0.12499030696145584,1.0006809,0.0003828865
0.12525107207495678,1.000471,0.00038980035
0.1257487987551492,1.0001342,0.00039406124
0.1259698800100176,1.0008036,0.0003823595
0.1260995670372722,1.0005375,0.00038245233
0.12616773572469692,0.9994336,0.00038211493
0.12635603320440236,1.0008324,0.00038710758
0.12637914213192947,1.0001358,0.00038281796
0.1266399021227008,1.0003587,0.00038985265
0.12713762322405409,1.0000076,0.00039407786
0.1273586881780503,0.99938893,0.0003820547
0.12748841524580712,1.0004363,0.00038250082
0.12755653876954462,0.9993421,0.00038202252
0.12774483299598344,1.0001506,0.00038708252
0.127767977301949,1.0002894,0.00038281194
0.1280287317047849,0.9990792,0.0003894931
0.1285264472277504,1.0005873,0.00039401854
0.12874749681128614,1.0000134,0.0003820985
0.12887726345434203,1.0004483,0.00038246834
0.128945341348731,0.9999087,0.00038214534
0.1291336332532312,1.0015843,0.00038732603
0.1291568120063059,1.0001912,0.00038275917
0.12941756175298436,0.9996299,0.00038949025
0.12991527123008315,0.99984866,0.00039394642
0.13013630497840797,1.000018,0.0003821696
0.13026611212899297,1.0003836,0.00038251656
0.1303341443940341,0.999957,0.00038218172
0.13052243304572314,1.0006974,0.00038718717
0.13054564717677952,0.9998611,0.00038273493
0.13080639133461303,1.0001236,0.00038959496
0.1313040952324186,0.9995026,0.00039382098
0.13152511361164385,0.9999307,0.00038211737
0.13165496033707313,1.0003619,0.00038248405
0.13172294743842636,1.0006534,0.00038220687
0.13191123330388177,1.0008415,0.0003871271
0.13193448234634364,1.0002904,0.0003827485
0.1321952209162417,0.9998686,0.00038963577
0.1326929192342959,0.9998039,0.00039383708
0.13291392224442697,0.9995304,0.00038211863
0.13304380901081458,1.0004193,0.00038252646
0.1331117500180655,1.0003535,0.00038219834
0.13330003309546284,1.0007653,0.00038719832
0.13332331704933698,1.0006582,0.00038285874
0.1335840509639857,1.0000871,0.00038964552
0.13408174370228995,1.000561,0.0003938336
0.1343027304110934,1.0000309,0.00038218123
0.1344326572193495,1.000925,0.00038270283
0.13450055306382133,0.9995587,0.0003821058
0.1346888333517998,1.0009304,0.0003872602
0.1347121522189011,1.0006858,0.0003829027
0.13497288054561438,1.0002062,0.00038969773
0.13547056770553353,1.000388,0.00039383813
0.1356915390434211,1.0012827,0.00038235256
0.1358215054278844,1.0005369,0.00038257675
0.13588935564300772,0.99985796,0.00038214843
0.136077633143839,1.0010252,0.00038731555
0.1361009873893747,1.000295,0.00038274686
0.13636171012724305,0.99939233,0.00038952255
0.13685939170877712,0.9992713,0.0003935293
0.1370803472119065,1.0000863,0.00038214118
0.13721035410253535,1.0005002,0.0003825814
0.1372781586883108,1.0006849,0.00038232977
0.1374664334015395,1.0011429,0.00038730737
0.13748982209373295,1.0003364,0.00038282355
0.13775054017498845,0.99997616,0.00038953475
0.1382482157115653,1.000569,0.00039381752
0.13846915584514236,0.9996151,0.00038210215
0.138599202311525,1.0001922,0.0003824838
0.13866696173361123,0.99979657,0.0003821339
0.13885523319448953,1.0008289,0.00038725205
0.13887865726375115,1.0004785,0.00038273924
0.1391393697575266,0.9994868,0.00038948626
0.13963703971389804,1.0001452,0.00039361065
0.13985796401271963,0.99941397,0.0003820702
0.13998805051960517,1.0009576,0.00038256374
0.14005576431279762,0.9998468,0.00038216708
0.14024403345219003,1.0006082,0.000387265
0.14026749243422476,1.0007534,0.00038292166
0.14052819933960933,0.99812967,0.0003891387
0.1410258637166862,1.0010117,0.00039365803
0.1412467726459582,0.9994986,0.0003820367
0.14137689919334662,1.0008392,0.00038256563
0.14144456735718988,1.0001087,0.00038215664
0.1416328332433184,1.0010483,0.0003873819
0.1416563271381276,1.0006233,0.0003827262
0.141917028921238,0.9997282,0.00038950698
0.14241468771947438,1.0001414,0.00039348332
0.14263558127873863,0.99968135,0.00038208952
0.14276574740142678,0.9997918,0.00038243303
0.14283336993592086,1.0006272,0.0003821602
0.14302163350011343,1.0010237,0.0003873364
0.1430451623076917,1.0004089,0.00038272343
0.14380351172226255,1.0001099,0.0003934751
0.14402438944586046,0.9995971,0.00038211132
0.14415459561041644,1.0005538,0.000382507
0.1442221729816767,1.0002035,0.00038218955
0.14441043329215264,1.0007799,0.0003873106
0.14443399701204995,1.0006628,0.0003828074
0.14469468855061207,0.99971867,0.00038933632
0.14519233572505072,1.0000877,0.00039336662
0.14541319807818817,0.9992993,0.00038209447
0.1455434438184966,1.0003779,0.000382507
0.14561097602743253,1.0000179,0.00038210847
0.14579923354985314,1.001054,0.00038742137
0.14582283218206815,1.000207,0.00038272818
0.14608351813315024,0.99936146,0.00038937014
0.14658115972692806,1.0001602,0.0003932765
0.1468020062448546,0.9999115,0.00038214732
0.14693229202657676,0.9997875,0.00038244118
0.14699977860661892,0.9998165,0.00038217867
0.1471880333427978,1.0008067,0.00038743686
0.14721166735254176,0.9996477,0.0003826993
0.14747234818089425,0.99937165,0.00038949514
0.14796998419537752,1.000856,0.0003935041
0.1481908148790013,1.0002975,0.00038222785
0.14832114070077296,0.99977857,0.000382349
0.14838858165191932,1.0004299,0.0003822421
0.14857683359959284,1.0000533,0.0003872997
0.1486005020569,1.0002496,0.00038276348
0.14886117776297836,0.9991472,0.00038947395
0.1493588081981657,1.0006955,0.00039333772
0.1495796230470313,0.99944293,0.00038204796
0.14970998890930787,1.0010141,0.000382608
0.14977738423156114,0.9996588,0.00038213382
0.14996563339163205,0.99998206,0.00038726066
0.1499893372269182,1.0004305,0.0003828385
0.15025000734551652,1.0004257,0.0003897433
0.1507476322005011,1.0010896,0.0003933341
0.1509684316798144,1.0005484,0.0003821932
0.15109883711738803,1.0007371,0.00038258822
0.1511661872759534,0.99994653,0.0003821441
0.15135443364887444,1.0012174,0.00038750368
0.15137817193082104,0.999831,0.0003826787
0.15163883739280648,1.0012457,0.0003898066
0.15213645620328928,1.0002407,0.0003931537
0.15235723984738897,1.0006125,0.00038228155
0.1524876853254682,1.000144,0.00038242256
0.15255498985468438,0.99963915,0.00038210012
0.15274323344046092,1.0006973,0.0003874955
0.15276700710038515,1.0007012,0.00038278967
0.15302766697443515,1.000198,0.00038951414
0.1535252802065302,1.0004672,0.0003931952
0.15374604848062753,0.99972993,0.00038205695
0.15387653353445785,0.9995308,0.00038237678
0.15394379289998747,0.9997023,0.00038208376
0.15413203369861414,1.0004,0.00038744052
0.15415584227085877,1.0006701,0.00038275044
0.15441649655606382,0.9998309,0.00038950623
0.15491410420977378,1.0003073,0.0003930684
0.15513485664774937,1.0002192,0.0003821623
0.15526538174299276,1.0004463,0.00038247526
0.1553325959452879,0.99955314,0.0003821301
0.15552083349111145,1.0008196,0.00038746363
0.155544676975217,1.0002171,0.00038277783
0.1558053261376925,0.9999547,0.00038921373
0.15630292821210653,0.9995439,0.00039300983
0.1565236648144158,1.0000821,0.00038216184
0.15665422995152767,0.9999739,0.0003823863
0.15672139852583786,0.9990301,0.00038207165
0.15690963374835384,1.0000637,0.000387313
0.1569335121452352,1.0008416,0.00038287058
0.1571941561854365,1.0006588,0.00038955003
0.15769175174832525,1.0000049,0.0003929192
0.1579124734467435,0.9996884,0.00038204953
0.15804307816051733,1.0000206,0.00038241857
0.15811020157068553,1.0002954,0.00038224785
0.15829843353994033,1.0011132,0.0003875454
0.15832234685004754,1.0004944,0.00038279578
0.1585829857675206,0.99994475,0.00038949616
0.159080575750658,0.99967325,0.00039284522
0.1593012816147735,0.99994993,0.00038215722
0.15943192636950698,1.000373,0.000382473
0.15949900414987192,0.99964064,0.00038215303
0.1596872337971827,1.0006437,0.0003874803
0.15971118201961165,1.0004723,0.0003828273
0.15997181535005878,0.9996473,0.00038947182
0.16046939975299346,1.0004833,0.00039300372
0.16069009024846478,1.0004573,0.000382214
0.16082077457758714,0.999957,0.00038244625
0.16088780719426418,1.0000833,0.00038217823
0.16107603358876918,1.0007402,0.00038751616
0.161100016722605,1.0004295,0.00038280844
0.16136064539734873,0.9999894,0.0003895316
0.16185822375668976,1.0008125,0.0003929409
0.16207889841558662,0.99941546,0.00038216304
0.1622096227856673,1.0001886,0.00038245623
0.16227660977299516,0.9997375,0.00038213568
0.1624648338469224,1.0007333,0.00038751055
0.1624888518921691,1.0002944,0.0003828118
0.1627494749789774,1.0007162,0.0003895069
0.16324704775993334,1.0003192,0.0003928821
0.16346770704882518,0.99974936,0.00038205992
0.16359847099374747,1.0002954,0.00038249785
0.16366541281829558,0.99967736,0.00038215224
0.16385363363850888,1.000793,0.0003875707
0.16387768659698143,1.0004413,0.00038277617
0.16413830456106013,1.000035,0.00038937785
0.1646358717622661,1.0004377,0.00039271414
0.16485651521639974,0.99998564,0.00038208245
0.16498731920273713,1.0002701,0.0003824594
0.1650542153979347,1.0004903,0.00038220125
0.16524243389620938,1.0002246,0.0003874435
0.16526652176654555,1.0008919,0.00038290318
0.16552713414314424,0.99955904,0.00038928207
0.16602469576505427,0.999924,0.00039267936
0.1662453233839743,0.9996204,0.0003820463
0.1663761669460655,1.0004747,0.00038245844
0.1664430184427824,1.0002202,0.00038213926
0.1666312336882486,0.999889,0.00038742734
0.16665535647135787,1.0005854,0.00038285356
0.1669159641913437,1.0014708,0.0003896523
0.16741351976784244,1.0002372,0.00039272898
0.167634132016302,0.99982953,0.0003821602
0.16776501515414566,0.9998972,0.000382454
0.1678318210228796,1.0000995,0.0003821944
0.16802003394594908,1.0007213,0.0003875603
0.1680441916418315,1.0004488,0.00038282867
0.1688023437701752,1.0003066,0.00039259225
0.16902294018296843,0.9993715,0.00038209857
0.16915386336313532,0.9999687,0.0003824317
0.16922062406908817,1.000152,0.0003821703
0.16940883373707746,1.0010839,0.0003875791
0.16943302634618973,1.0000601,0.0003827551
0.16969362335551053,0.9994241,0.00038906414
0.17019116730730208,1.0000628,0.0003925759
0.17041174881575158,1.0006042,0.00038222122
0.17054271157212497,1.0000881,0.00038237814
0.17060942664781914,1.0002278,0.00038215885
0.17079763399477796,1.0008026,0.00038751526
0.17082186151575385,1.0009266,0.00038287867
0.1710824529371392,0.99985737,0.00038929092
0.17157999130963753,0.9997777,0.00039255657
0.17180055698378427,0.9998333,0.00038205824
0.17193155978020513,1.0000508,0.00038241962
0.1719982296922114,0.9997833,0.0003821807
0.17218643378636445,1.0008693,0.00038761695
0.17221069621920126,1.0007762,0.00038291796
0.17247128251876787,0.9993934,0.00038909377
0.1729688153124257,1.000215,0.0003926139
0.17318936515181424,1.0000181,0.00038211985
0.1733204079882853,1.000398,0.00038248108
0.17338703227139782,1.0000786,0.00038216184
0.17357523404451766,1.0012577,0.00038769562
0.17359953138967488,0.9996412,0.00038273813
0.17386011256605782,0.9998468,0.00038935043
0.17435763931521386,1.0000151,0.0003924644
0.17457817378459467,0.99912405,0.00038199092
0.17470925573070417,1.0003492,0.00038246115
0.1747758353162455,0.99992704,0.00038207302
0.17496403383655687,1.0006108,0.00038765502
0.1749883660944872,1.0006126,0.0003828643
0.1752489421476865,1.0000721,0.0003891077
0.1757464633175466,1.0008559,0.00039245136
0.17596698195217195,0.9998507,0.00038216205
0.17609810393969383,1.0005103,0.00038249284
0.1761646378958873,0.9999115,0.0003821067
0.17635283409471547,1.0014975,0.00038776267
0.17637720126450673,1.0005707,0.00038286918
0.17663777173022466,1.000009,0.00038925835
0.17713528685467347,1.0004047,0.00039233096
0.17735579011974922,0.99973077,0.00038212593
0.17748695214868349,1.0010302,0.00038261156
0.17755344094118772,0.99983674,0.00038219578
0.1777416338853911,1.000191,0.0003875616
0.17776603596886364,1.0001904,0.00038290332
0.17802660131185333,0.9985865,0.00038875773
0.17852411085791708,1.0007061,0.00039238026
0.17874459875207693,0.9999748,0.00038218024
0.1788757998915571,1.0004193,0.00038250934
0.17894224352082683,0.99979633,0.00038215838
0.17913043414218077,1.0005575,0.00038757577
0.17915487113933726,1.0006727,0.0003829617
0.17991293486115797,1.0008293,0.00039241186
0.18013340691874336,0.9994147,0.00038204138
0.18026464810009202,1.0010859,0.0003826308
0.18033104656612994,0.9992683,0.0003819895
0.1805192339346727,1.0005729,0.0003876739
0.1805437058436955,1.0004743,0.00038280085
0.18080426094168145,0.9997882,0.00038900002
0.18130175886349342,1.0004376,0.0003922724
0.1815222150858625,0.99996585,0.0003821391
0.18165349630817218,1.0006818,0.00038249747
0.18171984914486092,0.9996018,0.00038208294
0.1819080341928313,1.0009712,0.00038773136
0.18193254101325962,1.0008107,0.0003830433
0.18219309052331012,0.9995717,0.00038875983
0.1826905824006203,1.0009375,0.00039227595
0.18291102371955376,0.9997034,0.0003821134
0.18304234404968156,1.0003517,0.00038245253
0.183108652190164,0.999883,0.00038220917
0.1832968339848705,1.0009861,0.0003877411
0.18332137571716245,1.0006138,0.0003828548
0.18407940640249762,1.0015422,0.00039228646
0.1842998318880419,1.0000203,0.00038216833
0.18443119225776172,1.0002886,0.00038246537
0.18449745476980314,0.99961853,0.0003820969
0.184685634242571,1.0010432,0.00038782338
0.18471021088672657,1.00052,0.00038292186
0.18497074968747695,0.9986064,0.0003888887
0.18546823040437496,0.9999394,0.000391931
0.18568864005516103,1.0000545,0.000382154
0.1858200400010901,1.000674,0.00038250952
0.18588625781465082,0.9994446,0.0003820834
0.1860744340336994,1.0011314,0.0003878295
0.18609904559017398,1.0003109,0.00038285207
0.1863595797356764,0.9995408,0.00038894915
0.18685705394241267,1.0006449,0.0003920731
0.18707744868794415,0.9996627,0.0003821517
0.18720888821007975,1.0000184,0.0003824637
0.1872750603938345,1.0000728,0.0003821819
0.18746323429048903,1.0004618,0.00038778703
0.1874878802949863,1.0010173,0.00038289966
0.18774840931821457,1.0003586,0.0003889201
0.18824587794520084,1.0004958,0.0003920913
0.1884662568555187,0.99993634,0.00038214453
0.18859773595249862,1.0002272,0.00038250248
0.18866386343913763,1.0002482,0.0003821808
0.1888520340834391,1.000796,0.0003877873
0.18887671546545992,1.0000603,0.00038290824
0.1891372389002973,0.9986905,0.0003884744
0.189634701947989,1.0006429,0.00039206966
0.18985506502218513,1.0002965,0.00038224622
0.18998658416148828,0.9998466,0.00038239593
0.19005266601877943,0.99979883,0.0003820736
0.1902408343411396,1.0006105,0.0003877605
0.19026555016981817,1.0003369,0.00038283732
0.1905260684823814,0.9984371,0.0003883358
0.1910235254851159,1.0019528,0.0003921766
0.19124387318885155,0.9999684,0.00038215372
0.19137543190390716,1.0004177,0.00038245792
0.19144146906362444,1.0001593,0.0003821675
0.19162963413272066,1.0011483,0.0003878423
0.19165438533938228,1.0002751,0.0003828717
0.19191489806401008,0.99977654,0.0003887015
0.19241234948790406,0.9999576,0.00039179553
0.19263268182209012,0.99984765,0.0003821119
0.19276428011198732,1.0003101,0.00038242785
0.19283027164281083,0.9998564,0.00038208324
0.19301843392430715,1.0011263,0.00038784897
0.1930432200428297,1.0007527,0.00038293118
0.19330372764472925,0.999323,0.0003884798
0.19380117349023682,1.0007864,0.00039182408
0.1940214899896674,0.99979347,0.0003821277
0.1941531278553157,1.0006497,0.0003824639
0.19421907468811123,0.9991654,0.00038204656
0.19440723418200764,1.0009284,0.00038788022
0.19443205474764202,0.99985963,0.00038279514
0.1946925576920192,0.9993677,0.00038856265
0.1951899970278191,1.0009505,0.00039176573
0.1954102981581501,0.99950045,0.0003821236
0.19554197606339585,1.0003742,0.00038245218
0.19560787726775306,1.0003427,0.00038213897
0.19579603397313602,1.000484,0.00038784544
0.19582088991811564,1.0003897,0.00038292538
0.19608138727455737,0.99973977,0.0003886833
0.19657882103060728,1.0005416,0.00039174012
0.19679910632527195,1.0007062,0.00038223324
0.19693082380672422,1.0007244,0.00038252736
0.19699667984693944,1.0003208,0.00038220402
0.19718483423174735,1.0007106,0.00038785406
0.19720972462247388,1.0003715,0.00038288144
0.19747021685709554,1.0006677,0.00038881673
0.19796764456682334,1.001237,0.0003917388
0.19818791495805507,1.0001699,0.00038220713
0.1983196715500526,1.0008504,0.00038247975
0.19838548289178712,0.9993764,0.0003820604
0.19857363402378655,1.0004954,0.00038791058
0.19859855979249208,1.000996,0.00038299913
0.1988590464387242,0.9992845,0.00038836888
0.1993564685696115,1.0014942,0.00039175843
0.19957672312563235,0.999982,0.0003821539
0.1997085197585875,1.0004379,0.00038246502
0.1997742854705181,0.99994123,0.00038212788
0.19996243428148705,1.0007876,0.00038785575
0.1999873944973044,1.0009387,0.00038302434
0.20024787602126237,0.99951464,0.00038838858
0.20074529210628564,1.0010673,0.0003915312
0.20096553129229877,0.99997216,0.0003821525
0.20109736750100637,1.0013672,0.00038260137
0.20116308851581852,0.9997395,0.00038206571
0.20135123407261543,1.0003394,0.0003879095
0.20137622920120724,1.000389,0.0003828758
0.2021341161090738,1.0011846,0.000391574
0.2023543394589652,0.99991137,0.00038212124
0.2024862152429705,1.0005282,0.0003824381
0.20255189109636848,1.000043,0.0003821397
0.20274003433122675,1.0006791,0.00038801852
0.20276506437077135,1.0007534,0.000382947
0.203025535650181,1.0005456,0.00038857345
0.20352293964665344,0.9997051,0.00039130577
0.20374314762653975,0.9986305,0.00038196146
0.20387506345196016,1.0004964,0.0003825611
0.20394069414121616,1.0001773,0.00038215492
0.20412883412235514,1.0007585,0.0003880227
0.2041538990751296,1.0000215,0.00038286523
0.20441436523271916,0.9997568,0.00038852563
0.20491176364989702,1.0005616,0.00039136034
0.20513195626023104,0.99980354,0.00038212046
0.20526391119528853,1.0004538,0.0003824685
0.20532949672040254,0.9991875,0.00038204383
0.20551763438005563,1.001177,0.00038800554
0.2055427337794865,1.000696,0.00038287634
0.20580319481434783,0.99969923,0.0003880689
0.20630058765222978,1.0003539,0.00039130886
0.20652076442826373,1.0001242,0.0003822613
0.20665275893816215,1.0001185,0.0003824544
0.20671829976570297,1.000416,0.00038222456
0.20690643417164212,1.0007923,0.00038800944
0.20693156894996012,1.0004475,0.00038297038
0.207192024396886,1.0000871,0.0003884102
0.20768941118935666,1.0009892,0.0003912745
0.20790957259583828,1.0003804,0.00038217625
0.20804160714669706,1.0000824,0.00038242515
0.20810710234534208,1.000253,0.00038221318
0.20829523396322858,1.0005852,0.00038800985
0.20832040365431836,1.000262,0.00038293283
0.20907823472557538,1.0007609,0.00039130403
0.20929838076296012,0.9998195,0.00038216135
0.20943045489002543,1.0010856,0.0003825446
0.20949590492407305,1.0004423,0.00038220474
0.20968403422092907,1.0004985,0.0003879668
0.2097092383582212,1.0003215,0.00038293249
0.2099696835615069,0.99949896,0.0003881443
0.21046705872745541,1.0013351,0.00039130327
0.21068718893007926,1.0001117,0.00038219104
0.21081930263289905,1.0001448,0.00038242753
0.2108847079684653,0.9993417,0.00038207154
0.21107283401387375,1.0010406,0.00038802304
0.2110980735273299,0.9999297,0.0003828977
0.2113585131426815,1.0001377,0.00038824437
0.21185588226549043,1.0013096,0.00039115513
0.21207599756240697,1.0002766,0.0003821783
0.21220815037531793,1.0008757,0.00038251624
0.21227351054810714,1.0006056,0.00038226193
0.21246163427112152,1.0005983,0.00038806326
0.21248690823123273,1.0003492,0.00038302047
0.21274734318906197,0.99986005,0.00038817077
0.2132447062682786,1.0006025,0.00039106281
0.2134648057290734,1.0000836,0.0003821576
0.2135969981177368,0.9998473,0.00038245058
0.2136623135943184,1.0000921,0.0003821508
0.21385043406179716,1.0002635,0.00038802944
0.21387574293513556,1.0000292,0.00038298577
0.21413617277114605,0.99931353,0.00038806224
0.21463352980540548,1.0005484,0.00039099017
0.21485361389665067,0.9998918,0.00038219301
0.21498584586061043,1.0006349,0.00038249794
0.21505111617350478,0.999749,0.000382003
0.21523923431949765,1.000764,0.0003880913
0.21526457810560917,1.0001109,0.00038296485
0.2155250023532288,0.99884415,0.0003877562
0.21602235380819365,1.0002432,0.00039084454
0.21624242206422795,0.9998112,0.0003820835
0.2163746936039388,1.0006871,0.00038245006
0.21643991875268848,1.0004017,0.00038217026
0.21662803411153686,1.000755,0.00038806844
0.2166534128104215,1.0001097,0.00038292867
0.21691383193576697,0.99916327,0.00038796876
0.21741117734532053,0.99997896,0.0003907196
0.2176312302318025,0.99958575,0.0003820674
0.21776354134681242,1.0002637,0.00038245783
0.2178287217979916,1.0003637,0.00038220407
0.21801683436969008,1.0005404,0.00038803523
0.21804224751477974,0.9995233,0.00038286558
0.21830266151830513,0.9997574,0.00038785418
0.218800000881992,1.000833,0.00039090842
0.21902003840028791,0.9995969,0.00038207325
0.21915238955534733,1.0003723,0.00038245297
0.21921752437672257,1.0002193,0.00038214916
0.2194056341621874,1.0007344,0.00038816305
0.21943108221913665,1.0004301,0.00038307073
0.2196914910999338,0.9998202,0.0003879893
0.22018882488523558,1.000198,0.00039068717
0.2204088465678652,0.99929667,0.0003820303
0.2205412372986757,1.0010811,0.00038248778
0.22060632742111483,0.9997698,0.0003821398
0.22079443395331577,1.0007955,0.0003881233
0.22081991738870077,1.000872,0.00038320886
0.22108032068156247,0.99981946,0.00038795773
0.22157764842236247,1.0001001,0.00039057608
0.22179765473498433,0.9997892,0.00038213807
0.22193008504018508,1.0004289,0.00038240972
0.22199513000075663,1.0004377,0.0003822164
0.2221832342096527,1.0012562,0.00038816538
0.2222087520926036,1.0009705,0.0003832611
0.2229664719585812,1.0003811,0.00039063528
0.22318646336731204,0.9996142,0.00038211315
0.22331893278169446,1.0005058,0.00038250702
0.22338393258039577,1.0002584,0.00038218524
0.22357203400214462,1.0012972,0.00038821026
0.22359758679741593,1.0002855,0.0003831563
0.2238579798457293,0.9997587,0.00038787222
0.22435529596136938,1.0009503,0.00039076476
0.22457527153397847,1.0001013,0.000382108
0.22470778052502283,1.0000819,0.00038239022
0.22477273562569616,0.9999959,0.00038215335
0.22496083425984512,1.0013341,0.00038830383
0.22498642150177417,1.0004315,0.00038319555
0.22524680942826747,0.99946886,0.0003879692
0.22574411949804082,1.0013995,0.00039063816
0.2259640797011003,0.99985087,0.00038210215
0.2260966278026899,1.0007634,0.00038250204
0.22616153820624882,1.0003105,0.00038219974
0.22634963405279518,1.0008701,0.00038815112
0.22637525667179237,1.0014145,0.00038339602
0.22663563947555743,1.0000052,0.00038784297
0.2271329430351677,1.0002822,0.00039047198
0.22735288786867486,1.0001682,0.0003821607
0.22748547554556353,1.0008798,0.00038256287
0.22755034078543254,0.99959636,0.0003821267
0.22773843430958482,0.99973136,0.0003880751
0.2277640913766047,1.0002915,0.00038319305
0.2280244690580956,0.99814767,0.00038719777
0.22852176657275003,0.999985,0.00039014022
0.22874169603670755,0.9996622,0.00038207293
0.22887432328843715,1.0007038,0.0003824953
0.2289391438298248,0.9997962,0.0003821144
0.22912723410162403,1.0007199,0.00038820916
0.22915292608096294,1.0005842,0.0003833925
0.22941329864063376,0.9991576,0.00038754276
0.22991059057599092,0.9997624,0.0003901108
0.23013050420473755,1.0004343,0.0003823123
0.23026317103176552,1.0005084,0.00038245763
0.23032794640855578,1.000219,0.00038213225
0.2305160343588718,1.0010098,0.0003883071
0.23054176078531985,1.0010974,0.00038348528
0.23080212822135293,0.99932617,0.00038760473
0.23129941411266508,1.0011467,0.00039023013
0.2315193123723121,0.99975073,0.0003821473
0.2316520187741844,1.0003076,0.00038243504
0.23171674898774217,1.0000286,0.0003822036
0.2319048341504529,1.0004923,0.00038823113
0.23193059595488397,1.0001734,0.0003832757
0.23268823764979196,1.0004507,0.0003901402
0.23290812053943397,0.99952096,0.00038212485
0.23304086651660327,1.000579,0.00038247288
0.23310555203304256,1.0000969,0.00038221144
0.2332936339424921,1.0007082,0.00038831614
0.2333194306587868,1.0004641,0.00038337274
0.23407706118691884,1.0006298,0.0003900406
0.2342969287065558,0.9995518,0.0003820858
0.2344297142594769,1.0007161,0.00038244785
0.2344943546126844,0.9999797,0.00038213254
0.2346824342001926,1.0002578,0.00038821294
0.23470826536268963,1.0002221,0.00038335432
0.23546588518879616,1.0006534,0.0003900607
0.23568573687322222,0.99993765,0.0003820499
0.23581856200235052,1.0001758,0.00038244808
0.23588315765798748,0.9999719,0.00038212046
0.2360712339917791,1.0012273,0.00038843686
0.23609710006659246,1.0010297,0.0003835156
0.23685470872501221,1.0006588,0.00038995713
0.23707454504034406,1.0000572,0.0003821052
0.2372074092800176,1.0001923,0.00038239907
0.23727196023853475,1.0005574,0.00038226912
0.2374600342499323,1.000189,0.00038822257
0.23748593477140478,1.0005524,0.00038356558
0.2382435322625945,0.9997411,0.0003897258
0.23846335320746592,0.99897146,0.00038203568
0.23859625702289122,0.99959517,0.00038233414
0.23866076281726573,1.0001287,0.00038215242
0.2388488340415188,1.0011308,0.00038837275
0.23887476994142431,1.0004739,0.00038355775
0.2396323558001768,1.0008051,0.00038981283
0.2398521613759486,1.0004406,0.00038222544
0.23998510476576485,0.99978447,0.00038242608
0.240049565861658,0.99978197,0.0003821156
0.24023763383310526,1.0015005,0.00038848745
0.24026360464578123,1.0004588,0.00038363636
0.2410211793373037,1.0002911,0.00038961243
0.2412409695435259,1.0000398,0.00038214138
0.24137395204252243,1.000372,0.0003824605
0.24143836844129982,1.0001965,0.00038216563
0.2416264340912585,1.0006595,0.000388386
0.24165243934968406,1.0001229,0.00038362364
0.24241000287443057,1.0005456,0.0003896142
0.24262977771110317,0.9996814,0.0003821055
0.2427627997849413,1.0000978,0.00038241598
0.2428271710204862,1.0003289,0.00038214878
0.24301523388284496,1.0001266,0.00038832237
0.2430412740535869,0.9999549,0.00038358092
0.24379882641110204,1.0010581,0.00038967366
0.24401858587867772,0.99967456,0.0003820804
0.24415164752826968,1.0009229,0.00038248426
0.24421597406533388,1.000295,0.00038219732
0.24440403414054546,1.0014168,0.00038844987
0.2444301087583992,1.0001972,0.00038364468
0.2451876504138902,1.0005879,0.00038945788
0.24540739404534415,0.99939597,0.00038198434
0.245540494805482,1.0009019,0.00038256298
0.24560477664497302,1.0006778,0.00038226228
0.24579283393258466,1.0012982,0.0003885112
0.24581894392841874,1.0000424,0.00038368747
0.2465764739514725,1.0020155,0.00038966516
0.24679620221201057,0.9996293,0.00038208175
0.24692934254835563,0.9999473,0.0003824336
0.24699357922506757,1.0001351,0.00038219392
0.24718163418982705,1.0009376,0.0003884749
0.24720777863277565,1.0002407,0.00038371191
0.24796529748859938,1.0004251,0.00038927104
0.2481850103791324,1.0001734,0.00038223804
0.248318190291684,0.99958384,0.00038231732
0.24838238180425395,1.0001984,0.00038219753
0.24857043398141354,1.0009481,0.00038857025
0.24859661333758798,1.0004131,0.0003837339
0.24935412102481544,1.0002269,0.0003892797
0.24957381854625155,1.0001736,0.00038209034
0.2497070375693511,1.0005957,0.00038247785
0.24977118484864622,1.0000333,0.00038218327
0.24995923377345275,1.0007899,0.0003885137
0.24998544804194622,1.0001128,0.0003837392
0.2507429445614896,1.0005945,0.0003892405
0.2509626267147397,0.9995313,0.00038207302
0.2510958853113152,0.9998253,0.00038232977
0.25115998742828805,0.9996134,0.00038214825
0.2513480340302424,1.0006311,0.00038846303
0.25137428274584905,1.0001314,0.00038381355
0.2521317680986165,1.0001918,0.0003890593
0.2523514348827697,1.0000302,0.0003821644
0.2524847325880728,0.9997926,0.00038240178
0.2525487900079271,1.0000508,0.00038217116
0.25273683382319245,1.0004683,0.00038844303
0.2527631174497519,1.0001305,0.00038378985
0.25352059163528795,1.0000693,0.00038891623
0.2537402430498888,1.0002024,0.00038222715
0.2538735803309464,1.000151,0.00038235428
0.25393759305322755,0.9995635,0.00038204915
0.25412563408089295,1.001291,0.00038861184
0.2541519521541088,1.0008845,0.0003839191
0.25490941517332294,1.0005318,0.00038901373
0.2551290512174661,0.99970603,0.00038206516
0.2552624276086135,1.000142,0.00038239392
0.25532639563241394,0.9995193,0.00038202057
0.25551443387338485,1.0015228,0.0003886671
0.2555407873245824,1.0008258,0.00038393168
0.2562982387104498,1.0001572,0.00038889505
0.2565178593841325,0.9997163,0.00038218152
0.2566512753519419,1.0004966,0.00038249875
0.2567151982116003,1.0000063,0.00038212872
0.25690323366406054,1.0008622,0.0003886049
0.25692962202894065,1.0005734,0.00038388665
0.2576870622475767,1.0008364,0.00038891743
0.25790666755079894,0.99998844,0.00038208519
0.25804012262869946,1.0005047,0.00038242352
0.25810400125690347,0.9998253,0.00038214834
0.25829203392085015,1.0003678,0.00038854868
0.25831845673329756,1.0001951,0.00038386293
0.2590758857847036,1.000031,0.00038875124
0.2592954757183762,0.9995399,0.00038211106
0.25942897037111834,1.000017,0.00038236377
0.25949280383654255,1.0004343,0.0003822842
0.2596808337133475,1.0009,0.00038865762
0.2597072914381099,1.0006781,0.0003838997
0.26046470932092236,0.9999647,0.0003886214
0.260684283419834,0.9995304,0.00038211234
0.2608178176474212,1.000187,0.00038240047
0.260881606415729,0.9996285,0.0003821158
0.26106963397150074,1.0003839,0.00038851722
0.2610961261411032,1.0009604,0.00038392184
0.2618535328571411,1.0004469,0.00038863823
0.262073091587864,1.0000391,0.0003822041
0.2622066653893853,1.0006996,0.00038247815
0.26227040899491266,0.9997771,0.0003821154
0.26245843376353994,1.0005931,0.00038864822
0.26248496084409656,0.9999316,0.00038385048
0.26324235639472066,1.0001539,0.00038855255
0.26346189975589673,1.000506,0.00038224066
0.2635955126670524,0.9992967,0.00038229983
0.26365921204021575,1.0003825,0.00038225748
0.26384723355557915,1.0003433,0.0003885272
0.2638737955489089,1.0003726,0.00038378497
0.2646311794666417,1.0004008,0.00038856734
0.26485070792301857,0.9994501,0.00038211196
0.26498435994471947,1.0003319,0.0003824742
0.2650480146198576,0.99972516,0.00038213056
0.26523603381191607,1.0008065,0.0003887317
0.2652626302537212,1.000087,0.00038380947
0.2660200030037686,1.000198,0.0003884709
0.26623951609059315,0.9992737,0.00038207544
0.2663732076875931,1.0000432,0.00038241333
0.2664368171990413,1.0002285,0.00038220262
0.26662483360350253,1.000325,0.00038859717
0.26665146495807945,1.0005642,0.00038392332
0.2674088265408955,1.0002337,0.00038853934
0.2676283242572596,0.99999815,0.00038214665
0.26776205496480543,1.0002835,0.00038240018
0.26782561977777225,1.0002165,0.0003822263
0.26801363386210847,1.0004007,0.00038867153
0.26804029966243637,1.0005817,0.00038399218
0.2687976500775669,1.0005682,0.0003884144
0.269017132423926,0.9998433,0.00038214645
0.2691509022424725,1.0004641,0.00038243734
0.2692144228221645,0.99911827,0.00038203006
0.2694024336541477,1.0006211,0.00038870762
0.2694291343672487,1.0003532,0.0003839433
0.2701864736146938,1.0008303,0.00038841547
0.2704059405915005,0.99974936,0.0003821418
0.2705397499858009,1.0005119,0.00038239785
0.27060322540225906,0.9998664,0.00038217093
0.2707912334457342,1.0005697,0.00038874146
0.2708179690711515,1.0004508,0.000383838
0.27157529715227613,1.0001237,0.0003882253
0.27179474829341654,1.00007,0.0003822189
0.2719285972621037,0.9995598,0.0003823572
0.27199202798281175,0.9997163,0.00038212878
0.27218003370298194,1.0002178,0.00038867735
0.27220680424071564,1.0000211,0.00038380336
0.272964120689403,1.0000294,0.00038824516
0.2731835564605384,0.99967366,0.00038212162
0.2733174445388613,1.0005289,0.00038241257
0.2733808310276567,0.99970794,0.00038212445
0.27356883349502115,1.0007657,0.00038879536
0.2735956389450739,1.0005862,0.0003839262
0.27435294375996044,1.0000631,0.0003881055
0.2745723646285684,1.0002593,0.00038221717
0.27470629181607364,0.99989754,0.0003823656
0.2747696336068431,1.0007595,0.0003822644
0.2749576337518108,1.0015494,0.00038892898
0.2749844736494308,0.99982876,0.00038376046
0.2757417672966319,1.0004545,0.00038812193
0.2759611727965983,0.99962837,0.00038212287
0.2760951390937407,1.0007449,0.00038243624
0.2761584361864822,0.99993765,0.0003822361
0.27634643354476085,1.0011882,0.0003889135
0.2763733083542431,1.0003937,0.0003839757
0.2771305908337588,1.0008695,0.00038816436
0.2773499809637202,1.0000283,0.0003821967
0.27748398683661435,0.9990245,0.00038217203
0.277547238766124,1.0002319,0.00038222055
0.27773523333680006,1.0009332,0.00038887796
0.27776214305860136,1.0003151,0.00038390947
0.27851941437043026,1.0003667,0.0003879423
0.27873878866472535,0.99985284,0.00038216737
0.2788728341138267,1.0005475,0.00038244383
0.278936041344855,1.0003116,0.00038219293
0.2791240335940424,1.0015261,0.00038899513
0.2791509777629583,1.0005529,0.0003838566
0.2799082374428067,1.0004598,0.0003878835
0.28012759683139177,1.0005839,0.00038223036
0.28026168139149377,1.0000699,0.0003824261
0.28032484438924726,1.0002615,0.00038215914
0.28051283338562893,1.0005594,0.0003888993
0.2805398124677706,1.000865,0.00038401707
0.28129706097993357,1.0007237,0.00038793776
0.281516404998969,0.9994392,0.0003820849
0.28165052866825135,0.9997655,0.00038222826
0.2817136469688891,0.99990475,0.00038213888
0.28190163364332943,1.0004541,0.00038889164
0.28192864717167343,1.0004134,0.00038390685
0.28268588451706045,1.0002975,0.00038787432
0.2829052131665436,1.0001333,0.00038216694
0.28303937594500894,1.0000778,0.00038240178
0.28310244954943636,1.0003086,0.00038215547
0.2832904334349105,1.0009569,0.00038895186
0.28331748187557626,1.0001498,0.00038389798
0.28407470805418733,1.000122,0.00038783567
0.28429402133366544,0.9994011,0.00038204945
0.2844282232222213,1.0003911,0.0003823552
0.28449125212862275,1.0005937,0.00038224054
0.28467923322740785,1.0011488,0.0003890666
0.2847063165799345,1.0003693,0.00038397053
0.2854635311256529,1.0005032,0.00038771416
0.28568282903603415,0.9994598,0.00038208463
0.2858170704994336,1.000247,0.00038235812
0.2858800551734704,0.9996661,0.0003821083
0.2860680334846502,1.0008456,0.00038895322
0.28609515128383733,0.9999152,0.0003838648
0.286852354661869,1.00041,0.0003876669
0.28707163720451956,1.0001255,0.00038218457
0.2872059177771007,0.99974763,0.0003823369
0.2872688577531123,1.0000447,0.000382134
0.2874568332762367,1.0012219,0.0003890207
0.28748398598728475,1.0005572,0.00038398255
0.2882411781985404,1.000415,0.0003877008
0.2884604453716414,1.0002137,0.00038212974
0.2885947650547678,1.0005208,0.00038244337
0.28865766033184326,1.000133,0.00038216304
0.28884563306827593,1.0007858,0.00038895334
0.2888728206920971,1.0006756,0.0003840125
0.28963000127046146,1.0001833,0.0003875442
0.2898492535383078,0.9998178,0.00038211912
0.2899836123319801,1.0000033,0.00038231825
0.29004646291057423,1.0001634,0.0003821996
0.29023443332688725,1.0013103,0.00038908183
0.2902616553969094,1.0009518,0.000383994
0.29101882480758834,1.000565,0.00038754859
0.29123806123931295,0.99978733,0.00038214852
0.2913724596087377,1.0006146,0.00038243496
0.2914352654902133,1.0000753,0.00038218772
0.29162323311801563,1.0007368,0.00038904493
0.29165049010081223,0.99990475,0.00038389734
0.29240764787905393,1.000011,0.00038735793
0.29262686940643207,0.99996775,0.0003821744
0.29276130688504054,0.9999866,0.00038239313
0.29282406853596915,1.0000308,0.00038215076
0.29301203337480525,1.0007536,0.00038898666
0.29303932480471506,1.000284,0.00038397955
0.29379647141572535,1.0000786,0.00038746154
0.29401567757400937,0.9994094,0.0003820392
0.2941501541627076,1.000023,0.0003824298
0.2942128711160664,1.0001909,0.00038221458
0.29440083316684446,1.0006034,0.00038905925
0.2944281595086179,1.0003101,0.0003839092
0.29518529495285223,1.0007315,0.0003873614
0.2954044857415866,0.9999152,0.0003821103
0.2955390014403747,1.0002488,0.00038237852
0.2956016736957055,1.0009084,0.00038229855
0.29578963295888366,1.0012914,0.00038917884
0.29581699374776893,1.000654,0.0003840718
0.2965741180247733,1.0004797,0.00038732955
0.2967932934434999,0.9992694,0.00038201507
0.29692784825101626,0.9999742,0.0003822844
0.29699047627489195,1.0006298,0.00038220827
0.2971784332170423,1.0006331,0.00038908827
0.29720582845258126,1.0002468,0.00038393927
0.2979629415623556,1.0007088,0.000387308
0.29818210161198533,1.0004109,0.00038225757
0.29831669552777385,1.0000542,0.0003824016
0.2983792788536229,1.0005386,0.0003823012
0.29856723300953425,1.0014228,0.00038912665
0.2985946631569395,1.0002521,0.00038403404
0.2993517646329103,1.0010921,0.0003873743
0.29957090977910716,0.9997776,0.00038211845
0.2997055428049862,1.000326,0.00038245466
0.2997680818980152,1.0006566,0.00038222387
0.2999560328006626,1.000687,0.00038912796
0.2999834978612964,1.0007755,0.0003840421
0.3007405881691291,1.0002728,0.00038709145
0.3009597174801123,0.99973553,0.0003821388
0.30109439008174377,1.000117,0.00038240565
0.30115688447719885,1.0002645,0.0003822101
0.3013448330569995,1.0003822,0.00038910605
0.30137233256519924,1.0011026,0.00038407117
0.30212941124059467,1.0004424,0.0003870652
0.3023485256467787,0.9991414,0.000382018
0.30248323735850136,1.0005146,0.000382431
0.30254568705684065,1.0006728,0.00038223123
0.30273363284949684,1.0005151,0.00038913314
0.30276116726910207,0.9997129,0.0003839698
0.30351823477726614,0.99999696,0.00038699593
0.30373733381435325,1.0003022,0.00038224363
0.30387208417050715,1.0001539,0.00038239447
0.3039344896373906,1.0006167,0.00038224968
0.30412243310719733,1.0008334,0.0003891888
0.3041500019739144,1.0004586,0.00038406238
0.30490705784963984,1.0011415,0.0003871623
0.30512614151581385,0.9995791,0.0003820618
0.3052609314477195,1.000051,0.00038237602
0.30532329221702975,0.9999385,0.00038214636
0.3055112328996893,1.0006044,0.00038910084
0.30553883667827264,1.0009542,0.0003841801
0.3062958813867667,1.0006332,0.0003869444
0.3065149496833884,0.9998851,0.00038212902
0.3066497787249318,0.999504,0.00038225867
0.30671209479667155,0.9999464,0.0003821205
0.30690003269127575,1.0006773,0.00038918652
0.30692767138262955,1.0010532,0.00038426623
0.3076847044582323,1.0005031,0.00038698444
0.3079037578514211,0.999824,0.0003821091
0.3080386260025989,1.0002773,0.0003823787
0.3081008978410638,1.0000535,0.000382161
0.3082888329480654,1.0011014,0.00038922546
0.3083165060874419,1.0005544,0.000384062
0.3090735279953592,1.0011653,0.00038707096
0.3092925655537898,1.0000323,0.00038213175
0.3094274728146047,1.000367,0.00038236816
0.3094897004197948,0.9999695,0.0003821652
0.3096776327396465,1.0004424,0.00038919764
0.3097053407918001,1.0009435,0.00038417935
0.3104623510668248,1.0004812,0.00038678516
0.31068137372136434,0.9992397,0.0003820406
0.31081632009090754,1.0005434,0.00038244063
0.31087850299943665,1.0001758,0.000382092
0.31106643253214383,1.0011966,0.0003892262
0.31109417502958625,1.0005382,0.0003841891
0.3118511741373823,1.0002841,0.00038676523
0.31207018188803076,1.0000262,0.00038221065
0.3122051673676651,1.0011151,0.00038248702
0.3122673055786203,1.00082,0.000382208
0.31245523278984433,1.0001748,0.00038928186
0.3124830097325796,1.0009085,0.00038428037
0.3132399976740537,0.9998625,0.0003865689
0.3134589895890359,0.9993122,0.00038208385
0.3135940141792162,1.0004934,0.0003823362
0.3136561081578067,0.99966913,0.00038204723
0.31384403258188354,1.0008667,0.00038933428
0.3138718444373919,1.0010332,0.00038420394
0.31462882074597476,1.0008639,0.00038665973
0.31484779775615773,1.0000027,0.0003821535
0.31498286145688326,1.0001322,0.0003824233
0.31504491073744584,1.0003028,0.0003821931
0.3152328323734646,1.0001224,0.00038923204
0.31526067914129474,1.0002235,0.00038413322
0.31601764381744035,1.0010301,0.00038674244
0.3162366059232796,0.9998248,0.00038216045
0.31637170826888905,0.99950916,0.00038227116
0.3164337133175431,1.0004507,0.00038217692
0.31662163263162324,1.000736,0.0003892911
0.31664951384610707,1.0004804,0.0003841954
0.31740646735456723,1.0003989,0.0003865851
0.3176254136251956,0.999245,0.00038205835
0.31776055554564664,0.99990743,0.00038237168
0.3178225163623908,1.0005494,0.00038221624
0.3180104324232043,1.0012505,0.00038948766
0.3180383485509194,1.0005555,0.000384227
0.31879529042557736,1.0000433,0.00038645382
0.31901422179277017,0.99992484,0.00038210885
0.31914940235765243,1.0003009,0.00038237163
0.31921131894112176,0.9999445,0.00038213347
0.31939923221479083,1.0004439,0.00038927884
0.31942718325527764,1.000209,0.00038418343
0.32018411349704295,0.9995661,0.0003863741
0.3204030294951388,1.0001893,0.00038225405
0.3205382496353195,1.0002738,0.00038236447
0.32060012152076084,0.9995743,0.0003821053
0.3207880324724913,1.0009094,0.00038938056
0.3208160174935192,1.0005789,0.00038439716
0.3215729370346253,1.0008087,0.00038645658
0.32179183766317154,0.9997084,0.00038212375
0.3219270964464158,1.0000776,0.00038235678
0.3219889241004,0.999344,0.00038208935
0.32217683226453053,1.0001714,0.0003893442
0.3222048521969666,0.9996682,0.0003841802
0.3229617601065463,1.0007917,0.000386401
0.32318064582983796,0.9996753,0.00038213973
0.3233159437231734,0.9995008,0.00038222046
0.3233777266800418,1.0001115,0.00038215952
0.32356563252223103,1.0008142,0.0003893468
0.3235936869017789,0.99979925,0.00038416355
0.324350583177101,1.0001698,0.00038617753
0.3245694535308431,1.0002564,0.0003822607
0.3247047905342697,1.0006373,0.00038237104
0.3247665292592282,0.99958384,0.00038208597
0.32495443231427024,1.0008641,0.00038942922
0.32498252160659125,1.0006205,0.00038428968
0.3257394067133198,1.000337,0.0003861582
0.3259582616984177,1.0001172,0.00038214595
0.3260936378119368,0.999714,0.00038230754
0.3261553318384146,1.0001771,0.0003821842
0.3263432321058567,1.0009559,0.0003894347
0.3263713563109495,1.0001899,0.00038426768
0.3271282297847854,1.0005649,0.00038617957
0.32734706939987823,0.9997666,0.00038213504
0.3274824846239426,1.0005953,0.0003824279
0.3275441344180537,0.99983865,0.0003821483
0.32773203236309906,1.0006528,0.00038944837
0.3277601910153064,1.000749,0.00038432513
0.3285170528557956,0.999971,0.0003860418
0.32873587756699735,1.0000458,0.0003821794
0.3288713319011549,1.0001287,0.00038238982
0.3289329374633541,0.99972385,0.00038220474
0.32912083215513827,1.0000297,0.00038931376
0.32914902525445744,1.0011381,0.00038440886
0.32990587592726117,0.99979526,0.000385955
0.33012468526891336,0.9998811,0.00038214953
0.33026017871270597,1.0003752,0.00038241342
0.3303217400425405,1.0002228,0.00038215905
0.33050963194627203,1.0008626,0.00038944947
0.33053785995836027,1.0002816,0.00038435473
0.3312946989991822,1.0007144,0.00038605637
0.3315134934369433,0.99903584,0.00038199412
0.33164902552380227,1.0005336,0.0003824295
0.3317105426217269,0.99998885,0.00038213696
0.33189843220487797,1.0004001,0.00038948972
0.3319266946622631,0.99974793,0.0003842223
0.3326835225367645,1.0006292,0.00038597104
0.332902301139312,0.999535,0.00038208134
0.33303787280055985,0.9987625,0.00038216397
0.33309934520136875,1.0001054,0.00038222558
0.3332872319969172,1.0008292,0.0003895673
0.33331552936662134,1.0004078,0.00038441562
0.33407234560823007,0.9997397,0.000385842
0.33429110930597844,0.9995874,0.00038207477
0.33442671961165615,0.999883,0.0003823137
0.3344881477810078,1.0008719,0.00038229272
0.3346760317885037,1.0008804,0.00038959755
0.33470436407097826,1.0003588,0.00038432292
0.33546116867969566,0.9999776,0.0003857435
0.3356799170069836,1.0000012,0.00038216615
0.33581556642275245,1.0003325,0.00038234398
0.33587695036019427,1.0001252,0.00038220966
0.3360648320452933,1.0001769,0.0003894985
0.3360931983092198,0.99997365,0.0003843005
0.33684999175025043,1.0014944,0.00038593033
0.3370687251745609,0.99999464,0.0003821957
0.33720441323475825,0.9994567,0.00038228586
0.33726575293892525,1.00013,0.00038220754
0.3374536318368798,1.0003103,0.0003894711
0.33748203301312263,1.00052,0.0003844471
0.33823881482080514,1.0002915,0.0003855627
0.33845753287647684,1.0002148,0.00038217276
0.33859326051151584,1.0005654,0.00038245262
0.3386545555181089,1.0001214,0.00038223687
0.338842431628919,1.0009291,0.00038967197
0.33887086771793495,1.000626,0.0003846179
0.33962763789227074,1.0001444,0.00038565282
0.33984634104359596,1.0001996,0.00038218783
0.33998210732352163,1.0005928,0.0003824338
0.3400433580986616,1.0002445,0.00038215806
0.34023123188753035,1.0006958,0.00038963952
0.3402597024222932,0.9998394,0.00038442935
0.3410164609646472,1.0004572,0.00038555876
0.34123514874505656,0.9998871,0.00038210256
0.34137095413461793,1.0003276,0.00038235993
0.3414321606783007,1.0005395,0.00038226292
0.34162003167956956,1.0009921,0.00038973117
0.34164853666053474,1.0004301,0.00038452307
0.3424052840361128,1.0005083,0.00038552232
0.34262395691354197,0.9998777,0.00038213926
0.34275980094571423,1.0003709,0.00038244293
0.3428209632574871,1.0000066,0.00038218856
0.34300883147160877,1.0012524,0.00038974278
0.34303737136398216,1.0014303,0.0003846136
0.34379410710712294,1.000146,0.00038535686
0.34401276461545793,0.99937457,0.0003820735
0.34414864775772,1.0000622,0.0003823707
0.3442097658366708,1.0006846,0.00038218623
0.3443976317279403,1.0011466,0.0003897681
0.3444262060687945,1.0000952,0.0003844141
0.34518293017858853,1.0007267,0.00038549618
0.34540157278212436,0.9999312,0.00038216737
0.34553749456881633,1.0003481,0.00038243254
0.3455985688819739,0.9995535,0.00038208606
0.3457864315195268,1.0008445,0.00038971798
0.3458150407736068,1.0004208,0.00038452286
0.3465717532495987,1.0008777,0.0003854476
0.3467903804831295,0.99977463,0.0003821389
0.3469263418464834,1.0005767,0.0003824175
0.34698737146070485,0.99988407,0.00038209243
0.3471752313120187,1.0010322,0.00038969095
0.34720387501230376,0.9999773,0.0003843781
0.3479605763219752,1.0005271,0.00038522284
0.3481791886507041,0.99907243,0.00038202884
0.3483151886584892,1.0002761,0.00038240987
0.3483761740394358,0.99991536,0.00038205946
0.34856403157017735,1.0009207,0.0003897077
0.3485927097166607,1.000263,0.00038451806
0.3493493993929853,0.99907,0.00038500354
0.3495679963526173,0.9994554,0.00038219357
0.34970403547004025,1.0001806,0.00038236
0.3497649766195304,1.0003306,0.00038231222
0.3499528313617584,1.0004717,0.00038967966
0.349981544421473,1.0004984,0.00038453858
0.3507382224635428,1.0006864,0.00038504123
0.35095680451973915,0.9998309,0.00038210023
0.35109288228113655,1.0000532,0.00038237928
0.3511537791996249,1.0005054,0.00038223673
0.35134163115334494,1.0004914,0.00038977023
0.35137037865971454,1.0002306,0.00038451678
0.3521270455350084,1.0013938,0.00038511676
0.35234561222119976,0.999466,0.00038204863
0.3524817290917781,1.0000002,0.00038228827
0.35254258177926673,1.000552,0.00038222992
0.3527304314105927,1.000106,0.00038965722
0.3527592133636174,1.0003285,0.00038462036
0.3535158686060186,1.0005916,0.00038501088
0.35373442038968517,0.9993601,0.00038206312
0.3538705759037839,1.0001189,0.00038234508
0.35393138435845317,0.9994206,0.0003820227
0.35411923120217376,1.0007775,0.00038982008
0.3541480480679756,1.0003105,0.00038450994
0.3549046916774842,1.0005959,0.00038486085
0.3551232280920538,0.9999742,0.00038216074
0.3552594227157897,0.99997485,0.00038229473
0.35532018693763956,1.0003128,0.00038216135
0.35550803099512385,1.00121,0.00038991193
0.35553688230667124,1.0005294,0.00038463893
0.3562935147494052,1.0004035,0.00038461288
0.35651203579305896,1.0002117,0.000382154
0.35664826952734074,1.0008171,0.0003824862
0.35670898951637053,0.99959064,0.00038213586
0.35689683125191346,1.0006782,0.00038978778
0.35692571701148357,1.0010333,0.0003847575
0.35768233782132347,1.0006899,0.0003846309
0.3579008439597254,1.0005746,0.00038221836
0.3580371163388918,1.0002215,0.00038235993
0.3580977920955542,1.0004246,0.00038216545
0.35828563104395267,1.000234,0.0003897656
0.3583145517158418,1.0006701,0.00038468157
0.35907116089278907,1.000783,0.00038458826
0.359289651661186,0.9991207,0.00038198117
0.3594259631508976,0.9999968,0.0003823491
0.3594865946747406,1.0001491,0.00038227072
0.3596744308359919,1.0005159,0.00038983254
0.35970338595453744,1.0007745,0.00038473055
0.36045998396425466,1.0009242,0.0003844922
0.36067845982876323,0.9987424,0.00038196924
0.3608148094963326,1.0002985,0.00038238455
0.3608753972543797,1.000284,0.0003821626
0.36106323109369237,1.0010183,0.00038996676
0.3610922206579862,1.0010823,0.00038484446
0.36184880703526756,1.0008793,0.00038441172
0.36206726753067653,0.9998928,0.00038216342
0.3622036563074289,1.0003268,0.00038242753
0.362264199834477,0.999705,0.00038215285
0.36245203088482614,1.0004444,0.00038982302
0.3624810553614336,1.0006447,0.00038465645
0.363237629640161,1.0003873,0.0003842561
0.3634560752321371,0.9997045,0.00038211828
0.36359250311897995,1.0001738,0.0003823618
0.3636530024145715,1.0002257,0.0003821167
0.3638408306777708,1.0008793,0.0003899346
0.36386988959967514,1.0002793,0.00038469664
0.3646264527111739,1.0009296,0.00038420386
0.3648448833992562,0.9996399,0.0003821228
0.364981349930531,1.0000021,0.00038235792
0.36504180499421063,1.0002153,0.00038215838
0.36522963046890455,0.9999547,0.00038985605
0.36525872430448747,1.0004961,0.0003846997
0.36601527578354764,1.0004663,0.00038403933
0.36623369110208304,0.9996122,0.00038207488
0.3663701967425368,0.9999451,0.00038230748
0.3664306075729416,1.0009627,0.0003823017
0.36661843072660505,1.0005299,0.0003899481
0.3666475590092998,1.0001425,0.00038471786
0.36740409885501324,1.0005234,0.00038403497
0.36762249880354086,1.000698,0.0003822723
0.36775904355408784,0.999756,0.00038228015
0.3678194101516726,1.0004078,0.0003822114
0.36800723051864426,1.0006769,0.00038993402
0.36803639324799675,1.0012503,0.0003848787
0.36879292192602336,0.9996517,0.0003838145
0.3690113069702073,0.99987656,0.0003821027
0.3691478898999776,0.9999327,0.0003823641
0.36920821273085896,1.0003829,0.00038230038
0.36939603031068347,1.0008953,0.00039002192
0.36942522795235366,1.0006073,0.00038480805
0.370181744531375,0.9998466,0.00038375548
0.3704001146721233,0.99954313,0.00038212046
0.37053673671061915,1.0000867,0.0003823997
0.37059701531004535,1.0001088,0.00038211732
0.3707848305679258,0.9997909,0.0003898284
0.3708140626562565,1.0006697,0.0003848236
0.3715705676028406,1.0005608,0.00038368732
0.37178892237358113,1.000206,0.00038220975
0.3719255835212607,0.9996402,0.0003822599
0.3719858178896872,0.9998657,0.00038209461
0.37217363035951234,1.0007956,0.00039006636
0.37220289689449804,1.0003219,0.00038483608
0.37295939067521433,1.0006051,0.00038366168
0.37317773054115844,1.0002104,0.000382209
0.373314430332357,1.0002589,0.00038230614
0.37337462047023445,1.0002714,0.00038216176
0.37356243015155155,0.99945337,0.00038987483
0.37359173159931036,1.0000868,0.0003847801
0.37434821328101864,1.0000337,0.00038343552
0.3745665382430744,0.99933004,0.0003820504
0.3747032766787015,1.0008516,0.00038242515
0.37476342304987625,1.000324,0.00038217765
0.37495123040925205,1.0004402,0.00039000018
0.3749805658380073,1.0004134,0.0003847944
0.37573703635157607,0.99964064,0.0003833557
0.3759553459445322,1.0003474,0.00038221624
0.3760921234907073,1.000728,0.00038243906
0.37615222562860723,0.99955195,0.00038214354
0.37634003020129125,0.99968266,0.0003899595
0.37636940054236423,1.0001805,0.00038485075
0.37712585942258625,1.0000701,0.000383383
0.3773441541125622,0.9998705,0.00038209726
0.37748097030225836,0.9996479,0.00038236612
0.3775410282073382,1.0002692,0.00038215163
0.3777288299942413,1.0004553,0.00039007436
0.37775823524717655,1.000747,0.00038496792
0.37851468202793515,1.0003524,0.0003832269
0.37873296181447824,0.99949557,0.00038207552
0.3788698166481481,1.0004917,0.00038240728
0.37892983078698006,1.0005872,0.00038220262
0.3791176302505728,1.0007973,0.00039005102
0.3791470694858735,1.0005805,0.00038495508
0.37990350509940074,1.0000465,0.00038319515
0.3801217695154834,0.9999915,0.00038217413
0.3802586634601539,1.0003585,0.0003824554
0.38031863336661914,1.0001667,0.00038215358
0.38050643004124846,1.0014123,0.00039028068
0.38053590418977634,1.0005447,0.00038494813
0.38129232817132175,1.0002365,0.00038319596
0.3815105776826052,1.000533,0.00038224575
0.3816475098055889,0.99967766,0.00038227238
0.3817074359458056,1.000818,0.00038219854
0.38189522983419855,1.0009747,0.00039024194
0.3819247384280179,1.0006133,0.000384953
0.38268115077758147,1.000396,0.0003832151
0.38289938538406576,0.9991483,0.00038200748
0.3830363566166852,1.0001354,0.00038237742
0.38309623852498925,0.9993866,0.00038202136
0.38328402962623775,1.0005795,0.00039022972
0.3833135731323748,1.0010794,0.00038509408
0.38406997384904706,1.0004225,0.0003831318
0.38428819308597906,0.99926907,0.00038206702
0.384425202962575,1.0002582,0.0003823373
0.38448504110554194,0.99981374,0.0003820955
0.38467282988439094,1.0011473,0.0003902077
0.3847024078371871,1.000335,0.00038500718
0.38545879692051266,1.0005437,0.0003831232
0.3856770007878923,0.99917907,0.00038207264
0.38581404977412603,0.99980867,0.00038237177
0.3858738436847256,1.0002509,0.00038219808
0.38606162967597746,0.9996179,0.00039003076
0.38609124207542866,1.0015585,0.00038514368
0.38684761952586155,1.0005358,0.00038305504
0.38706580895501413,0.9998739,0.0003821804
0.38720289612047054,1.0000927,0.00038236196
0.3872626462634566,1.0009698,0.000382369
0.3874504294671058,0.99994224,0.00039009747
0.3874800767793315,1.0006244,0.00038502688
0.38823644259641626,1.0001869,0.00038287908
0.38845461665738557,0.9989847,0.0003820354
0.3885917429320216,1.0001179,0.00038225297
0.38865144884264297,1.0004706,0.00038224112
0.3888392297243536,0.9998951,0.00039010486
0.38886891101802845,1.000947,0.00038505514
0.38962526520176516,1.0003494,0.00038290207
0.38984342435929886,0.9999525,0.00038216563
0.38998058927791135,0.9997777,0.00038223696
0.3900402514222821,1.0005082,0.00038219226
0.3902280295168455,1.001083,0.00039029808
0.39025774572238536,1.0008173,0.00038511437
0.39101408827414164,0.9998931,0.0003827243
0.391232232060304,0.9996024,0.00038206676
0.39136943608900765,0.9999827,0.00038231054
0.3914290540019239,0.99966586,0.0003821178
0.3916168293088847,1.0006495,0.0003902405
0.3916465799606269,0.9995033,0.0003848368
0.39240291087994594,1.0006495,0.00038286627
0.3926210402278785,0.99995035,0.0003821199
0.39275828243444266,1.0001723,0.00038236237
0.39281785658156576,1.0001646,0.00038212124
0.3930056295665852,1.0001037,0.0003901805
0.39303541466452974,1.0011243,0.000385134
0.39379173395095607,0.9999814,0.00038265914
0.3940098479293391,0.9993647,0.0003820493
0.39414712924644846,0.99995,0.00038236938
0.39420665916074943,1.0002134,0.0003822264
0.39439442935771896,1.0008694,0.0003903259
0.3944242489036808,0.99965,0.00038501457
0.39518055655630496,0.9996719,0.0003825471
0.3953986556307997,0.9995833,0.0003821464
0.3955359755923382,0.99999994,0.0003822819
0.3955954617399358,1.0010604,0.00038224194
0.39578322914975816,1.0012252,0.0003904803
0.395813083608039,1.000463,0.00038511655
0.39656937962777056,1.0001556,0.00038266508
0.39678746333271564,0.99976814,0.0003821436
0.396924821938228,0.9997066,0.00038229002
0.39698426385391367,1.0008303,0.00038227893
0.3971720289417974,1.000516,0.00039029625
0.39720191784673464,1.0007886,0.00038521586
0.39795820223448575,1.0002903,0.000382571
0.39817627103462894,0.99933153,0.00038206414
0.3983136687502338,1.000207,0.00038238254
0.39837306643355547,0.99985623,0.00038206778
0.39856082919949787,1.0011064,0.0003903842
0.39859075255154697,0.99954563,0.0003849573
0.39934702484029005,1.0001566,0.00038252058
0.3995650792017508,1.0007163,0.00038222462
0.3997025150965783,1.0003208,0.00038227596
0.3997618690127419,1.0008849,0.00038234598
0.3999496289915371,1.0004095,0.00039025943
0.3999795867902439,1.0003747,0.0003851283
0.40073584791084477,0.9994969,0.000382538
0.4009538869032086,0.9998678,0.0003820742
0.40109136144155855,0.9999731,0.00038233542
0.4011506715919283,1.0001607,0.00038212203
0.4013384287835763,1.000772,0.0003904348
0.40136842149414675,1.0002617,0.0003851556
0.4021246705161964,1.000932,0.0003825942
0.4023426946051246,1.0009599,0.00038225387
0.40248020825265485,1.000293,0.00038229252
0.4025394741715674,1.0002633,0.00038211237
0.40272722904081865,1.0010035,0.00039049066
0.4027572557323883,1.0004721,0.00038519612
0.40351349358720656,0.999756,0.00038243804
0.4037315023070406,0.99948233,0.00038209793
0.4038690545985446,1.0005248,0.00038238347
0.4039282767512065,1.0004861,0.00038228033
0.404116028833316,1.0000303,0.000390292
0.4041460904367452,1.0005968,0.00038526737
0.40490231619301087,1.0004698,0.00038248507
0.4051203100084984,0.9999597,0.0003822416
0.4052579009448891,1.0003513,0.00038241275
0.4053170793299375,1.0003029,0.00038220754
0.40550482862489706,1.0004069,0.0003904371
0.40553492467589625,1.0011097,0.00038534243
0.4062911387992706,1.0006346,0.00038257294
0.4065091177104144,0.9986736,0.00038190736
0.4066467472912336,1.0003392,0.00038240888
0.40670588190866847,1.0002891,0.00038224182
0.4068936284164836,1.0009586,0.0003905221
0.4069237593802545,1.0001436,0.0003851902
0.4076799618711889,1.0002936,0.00038239046
0.40789792587753354,1.0009174,0.0003823891
0.4080355941018752,1.0003034,0.0003823684
0.40809468448831027,1.0000914,0.00038217462
0.40828242867372594,1.0009254,0.00039053313
0.4083125936189501,1.0002083,0.0003853207
0.4090687844769932,1.0005102,0.00038242305
0.40928673357944956,0.9992518,0.00038205073
0.4094244404473102,0.99939424,0.00038213716
0.40948348706886023,0.999953,0.00038214345
0.40967122846531245,1.001156,0.00039055495
0.40970142832285295,1.0003372,0.00038525104
0.4104576070827975,1.0000982,0.00038224677
0.4106755412804547,0.99949354,0.00038203722
0.4108132867927452,1.0003346,0.00038236522
0.41087228964849937,1.0004369,0.0003822301
0.4110600282582625,1.0009558,0.00039057177
0.4110902625606404,1.0005549,0.0003853526
0.4118464296881491,0.9999629,0.0003821188
0.41206434898237065,1.0004337,0.00038225256
0.4122021331381802,1.0004606,0.0003823788
0.41226109222768575,0.99949616,0.00038211409
0.412448828515963,1.0010158,0.00039063624
0.4124790972640878,0.9995719,0.00038520753
0.4132352527587038,0.999227,0.00038213344
0.41345315668428395,0.9992099,0.00038208324
0.41359097948407,1.000215,0.00038236863
0.41364989434121086,1.000343,0.0003821523
0.41383762830754406,1.0005652,0.00039049945
0.41386793150323886,1.0005692,0.00038533952
0.4146240753636,0.9992646,0.0003820379
0.4148419643861972,0.9996513,0.00038211912
0.4149798258304145,1.0000216,0.0003823767
0.41503869691994183,1.0001421,0.0003821723
0.4152264280986778,1.0001609,0.00039055586
0.4152567657423899,1.0007257,0.00038535814
0.41601289796985974,0.9999121,0.00038225015
0.4162307720881132,0.9992802,0.0003820736
0.41636867217630424,0.99938565,0.0003822149
0.4164274994986728,1.0001029,0.00038216257
0.4166152278902589,1.0001296,0.00039064235
0.41664560044629273,0.99969393,0.00038525363
0.4174017205765722,1.000544,0.0003823128
0.41761957978957376,0.9994624,0.00038206848
0.417757518522194,1.0003201,0.00038240885
0.41781630207831466,1.0004407,0.00038225306
0.4180040281479594,1.0007356,0.00039069165
0.41803443468544377,1.0006818,0.0003854314
0.41879054364758234,1.000461,0.00038224997
0.4190083879566956,0.9994405,0.00038212465
0.4191463648685385,1.0004098,0.00038232192
0.4192051046584092,1.0004444,0.00038223795
0.4193928279409095,0.9999348,0.0003906122
0.4194232693902561,1.0005872,0.00038537855
0.42017936625293395,0.99954766,0.00038203422
0.4203971956586089,0.99996173,0.0003821526
0.4205352112139735,1.000419,0.00038244238
0.4205939072385037,1.000281,0.00038231123
0.4207816277329487,1.0008646,0.00039073898
0.42081210362849764,1.0006788,0.00038549997
0.42156818885873826,1.0014971,0.00038237218
0.421786003359614,0.99910396,0.00038209977
0.42192405755940854,0.9996,0.00038215722
0.42198270981814556,0.9999205,0.00038209313
0.422170427524077,1.0005682,0.00039070615
0.42220093833240047,1.0000314,0.0003853753
0.42295701146454256,1.0006572,0.0003821718
0.42317481106152727,0.99965644,0.00038204232
0.4233129039052983,0.999965,0.00038226432
0.42337151239732923,1.0002047,0.00038212142
0.42355922778087207,1.0002356,0.00039072946
0.423589772570642,1.0004964,0.00038546204
0.42434583407079957,1.0007205,0.00038227465
0.4245636187638987,0.9993442,0.00038208227
0.42470175025118806,0.9998405,0.00038232972
0.4247603145103989,1.0004543,0.00038218207
0.4249480275729113,1.0001401,0.00039067343
0.42497860680979305,1.0002725,0.00038550497
0.4257346566761512,0.99947,0.00038206583
0.42595242646535925,0.9997661,0.00038208943
0.42609059659753257,0.99977493,0.0003822755
0.4261491170891299,0.9990864,0.00038204555
0.42633682736540324,1.0008926,0.00039084768
0.42636744151460537,0.9999104,0.00038544973
0.4271234792815001,1.0001211,0.00038214665
0.42734123416727254,0.9997337,0.0003822152
0.4274794429438771,0.9998178,0.00038223213
0.42753791966877175,1.0004778,0.0003822712
0.42772562715789514,1.0009515,0.00039079107
0.42775627575330233,1.0006511,0.00038561644
0.42851230188684897,1.0000014,0.00038209138
0.4287300418691858,0.99987346,0.0003821806
0.4288682892893121,1.0011238,0.00038254348
0.4289267222479554,0.99954367,0.00038199953
0.42911442741514294,1.001,0.00039085018
0.42914510999199795,1.0001638,0.00038548338
0.4299011244926533,1.0002204,0.0003821038
0.43011884957064633,0.99969786,0.0003821031
0.4302571356356566,1.0003198,0.0003823227
0.4303155248285081,1.0002232,0.00038213178
0.4305032272058186,1.0008962,0.00039087285
0.4305339446959008,0.9999451,0.0003855702
0.43128994756411887,1.0004331,0.0003821523
0.43150765727210694,0.9997598,0.000382075
0.4316459819810916,1.000279,0.00038235693
0.4317043274081472,1.0009798,0.0003822175
0.4318920269978578,1.0001295,0.0003908039
0.4319227789341423,1.0002395,0.0003856656
0.4326787701699232,1.000681,0.00038222596
0.43289646497311207,0.9998612,0.00038212983
0.43303482786086533,0.9999621,0.00038230955
0.4330931299877863,0.99981284,0.00038211772
0.4332808272555583,1.0007237,0.0003909261
0.43331161363895465,1.0000405,0.0003856382
0.4340675927766383,1.0002683,0.00038216636
0.43428527267502803,0.9997375,0.00038217515
0.43442367420720984,1.0001228,0.0003823079
0.434481932100856,1.0007284,0.0003821721
0.4346696270480502,1.0008216,0.0003910073
0.4347004478771962,1.000099,0.00038562831
0.4354564153824426,1.0004677,0.00038213716
0.43567408037739674,1.0003374,0.00038216996
0.43581252055264486,0.9999219,0.00038228717
0.435870734679587,1.0000526,0.00038218126
0.4360584268396367,1.000544,0.0003910145
0.43608928211543774,1.000156,0.000385725
0.4368452379877915,0.9996257,0.00038198294
0.4370628880788546,1.0001489,0.00038216228
0.43720136689898936,1.0001088,0.00038230492
0.4372595372592288,0.999656,0.0003820871
0.4374472266316759,1.0009581,0.00039108502
0.43747811681934057,1.001083,0.0003858834
0.4382340601274791,1.0002638,0.0003821855
0.4384516957807706,0.9993149,0.000382109
0.43859021324533387,1.000629,0.00038245734
0.4386483398384152,1.0002096,0.0003822388
0.4388360268893764,1.0011576,0.00039109183
0.4388669510584916,1.0007802,0.00038590768
0.43962288273237254,1.0003008,0.00038219994
0.43984050348268655,0.99953556,0.00038213612
0.43997905912556234,0.99940467,0.0003822847
0.4400371424176016,1.0003471,0.00038221845
0.4402248266814156,1.0004249,0.0003911294
0.44025578529764264,0.9996784,0.00038586484
0.44101170533817685,1.0005488,0.00038209165
0.44122931118459985,0.9993868,0.0003820405
0.44136790547099736,0.9999326,0.0003823002
0.44142594499814886,0.9999346,0.00038215437
0.441613626472544,1.0007186,0.00039114724
0.4416446200015455,1.0004706,0.0003859851
0.44240052794489204,0.9997278,0.0003820753
0.4426181188860604,0.99973285,0.00038210198
0.4427567518159776,1.0006146,0.0003824236
0.44281474711258484,0.9999699,0.000382128
0.443002426265494,1.0009675,0.00039127693
0.443033454239787,0.99940485,0.000385889
0.4437893505502409,1.000782,0.00038226641
0.44400692658706553,1.0000228,0.0003821238
0.44414559769575135,1.0002694,0.00038233958
0.4442035496913158,1.0002681,0.00038219264
0.4443912265222837,1.0008578,0.0003912697
0.44442228847802856,0.9998882,0.0003860464
0.4451781731555898,1.0004327,0.00038210422
0.44539573428852336,1.0005436,0.00038223295
0.44553444404118636,0.9999496,0.00038235617
0.4455923522700468,1.0000625,0.0003821608
0.4457800263143229,1.0010074,0.0003913488
0.4458111231828409,1.0001959,0.00038610346
0.4465669957613941,1.0009621,0.000382235
0.4467845419913502,0.99986273,0.00038208894
0.44692329038753087,1.000148,0.00038242387
0.4469811548492332,1.0003822,0.00038219662
0.4471688261063621,1.0002806,0.00039115324
0.4471999574219919,0.9997463,0.00038608376
0.4479558183671984,0.99989676,0.0003821229
0.44817334969280803,0.9997816,0.00038213993
0.44831213626775934,1.0008346,0.00038245585
0.44836995742887226,1.0004076,0.00038227293
0.4485576258984013,1.0008631,0.0003912879
0.4485887916606889,0.9996188,0.00038619607
0.4493446409734581,1.0004729,0.00038222165
0.44956215739426864,0.99987894,0.00038214464
0.4497009826136491,1.0001571,0.00038239092
0.4497587595428501,1.0002652,0.0003822164
0.4499464261551909,1.0007994,0.00039136273
0.4499776258993845,0.999624,0.00038611912
0.4507334631140566,1.0006416,0.0003822061
0.4509509650961819,0.9998732,0.00038215515
0.45108982849342283,0.9996796,0.00038226356
0.4511475621220365,1.000051,0.00038225605
0.45133522594723013,1.0005515,0.0003914334
0.45136646060328733,1.0002401,0.00038630518
0.45212228571895,0.9998206,0.0003820603
0.4523397727980979,1.0002697,0.00038216356
0.45247867483885784,0.99980605,0.00038225146
0.4525363647012229,1.0000783,0.00038216333
0.45272402573926934,1.000155,0.00039131817
0.4527552948415289,0.99961394,0.0003863293
0.4535111083238462,1.0003601,0.00038208943
0.45372858049955844,1.0002737,0.00038218137
0.45386752071954106,1.0004774,0.00038238033
0.45392516728086474,1.0003248,0.00038221272
0.45411282553130855,1.0004894,0.0003913188
0.4541441290806799,1.0006818,0.000386564
0.45489993092965053,0.99978876,0.00038210067
0.4551173882005636,0.9995196,0.00038212602
0.4552563670654308,1.0008914,0.00038243385
0.4553139698605038,1.0003536,0.00038224802
0.45550162578900905,0.99988335,0.0003912884
0.45553296378503816,0.9997196,0.0003863547
0.45628875306979355,1.000593,0.00038212133
0.4565061959015687,0.9996676,0.00038208315
0.4566452129456593,1.0000418,0.00038228542
0.456702771974029,1.0007287,0.00038231202
0.45689042558104825,1.0001365,0.00039140607
0.4569217980237338,1.0001938,0.00038655693
0.45767757567559786,1.0006247,0.00038214785
0.4578950036039374,0.9995494,0.00038205818
0.4580340592920038,0.9999921,0.00038230064
0.45809157455321264,0.99947906,0.00038203047
0.458279225372182,1.0006576,0.0003915133
0.4583106322628848,1.0005031,0.0003865672
0.4590663982823103,1.0005646,0.00038202023
0.45928381084110026,0.99937737,0.00038209386
0.459422905172687,1.0000861,0.00038231167
0.45948037713285445,1.0007622,0.0003822988
0.4596680251633104,1.0015088,0.00039168613
0.45969946650112636,0.99995375,0.00038658618
0.4604552208881146,1.0001435,0.0003820672
0.4606726185425608,1.0007293,0.00038230512
0.4608117515176673,0.99995494,0.00038227168
0.4608691797124963,1.0002697,0.00038218664
0.4610568254219217,1.0005807,0.00039161748
0.4610883012041197,0.9999127,0.000386671
0.4618440430278049,1.0003899,0.00038209304
0.46206142624402136,1.0000448,0.00038223405
0.462200597397441,0.9999606,0.0003822233
0.4622579818264741,0.99969953,0.00038207453
0.46244562521396093,1.000413,0.0003915532
0.46247713544236124,0.99910396,0.00038661828
0.4632328656331538,0.99974823,0.000382059
0.46345023394593465,0.9995378,0.00038213536
0.4635894432776695,0.99992895,0.000382295
0.46364678440520507,0.99958,0.00038202992
0.46383442500600014,1.0011322,0.00039182225
0.4638659696815123,1.000112,0.00038677725
0.46462168777238866,1.0006521,0.00038214336
0.4648390416478479,1.0001001,0.00038216676
0.464978289624014,0.9996831,0.00038228524
0.4650355869843915,0.99992365,0.0003821436
0.46522322479803935,1.0014293,0.00039179044
0.4652548039197538,1.0008763,0.00038707457
0.46601051037819297,1.0008,0.00038222029
0.46622784934885303,1.0000224,0.0003821671
0.4663671355046972,0.9989673,0.0003821191
0.466424389564486,0.9999462,0.00038209304
0.466612025054829,1.000284,0.00039164553
0.46664363815890486,0.99946356,0.00038693062
0.46739933298490544,1.0007604,0.00038226479
0.46761665704985816,0.9995103,0.0003820579
0.46775598138447094,0.9999401,0.00038226845
0.46781319214412787,1.0006804,0.00038220835
0.4680008248459574,1.0007693,0.00039173168
0.4680324728637172,0.99982625,0.00038686654
0.468788155124593,1.0002904,0.00038212445
0.4690054647517742,0.9996989,0.00038210247
0.46914482773081545,0.9994552,0.00038216286
0.46920199425765025,1.0009626,0.0003823262
0.46938962463890743,1.0006173,0.0003917504
0.46942130710241414,0.9999438,0.00038708834
0.4701769777299446,0.99988186,0.0003820742
0.470394271988937,1.0000386,0.00038215367
0.4705336736105892,1.0007058,0.00038245355
0.47059079683683663,1.0008029,0.0003822584
0.47077842443094664,1.0009743,0.00039177487
0.4708101413406557,0.99936223,0.0003870013
0.4715657998700876,1.0005788,0.00038218484
0.47178307969039757,0.99991435,0.0003821206
0.4719225194903629,0.9999956,0.00038230696
0.47197959941647577,1.0003589,0.0003821695
0.47216722422298585,1.0005382,0.00039178843
0.4721989755784418,0.9997658,0.0003872342
0.47295462247589193,1.0004905,0.00038215888
0.4731718873923108,0.99950576,0.00038209461
0.4733113653710461,1.00057,0.00038240175
0.47336840199520674,1.0005434,0.00038224662
0.4735560244797755,1.0003794,0.00039176695
0.47358780981759285,0.99981385,0.00038721404
0.47434344461648764,0.99999446,0.00038215477
0.4745606950937714,1.0000266,0.00038217017
0.47470021171648114,0.99974763,0.00038228635
0.47475720410827643,1.0001755,0.00038211633
0.4749448242718147,1.0005032,0.0003917882
0.4749766445224052,1.0000982,0.00038736302
0.4757322672227474,1.0007193,0.00038207657
0.4759495027956874,0.9997786,0.00038209007
0.47608905759716436,1.0003417,0.0003823471
0.4761460066883737,0.9995814,0.00038207302
0.4763336240634012,1.0003036,0.00039181512
0.47636547876110213,1.0003364,0.0003874756
0.47712108982764356,1.001225,0.00038226185
0.4773383104966925,0.99981683,0.00038208792
0.4774779034778476,1.000297,0.00038236912
0.4775348092684682,1.000458,0.000382219
0.47772242385589314,1.0006497,0.00039188663
0.47775431299979776,1.0002003,0.00038764707
0.47850991196687576,1.0003555,0.00038210678
0.47872711773203636,0.999064,0.00038200532
0.47886674935807605,1.0001957,0.0003823191
0.47892361138244605,1.0001397,0.00038216903
0.4791112241131409,1.0000945,0.0003918096
0.4791431472389488,0.9996835,0.00038762312
0.4798987341070188,0.99989957,0.0003820753
0.48011592543440507,0.9997979,0.0003820862
0.4802555952383045,1.0000198,0.0003822592
0.48031241396208785,1.0002316,0.00038209496
0.48050002390472196,1.0005839,0.00039195694
0.48053198147719034,0.9997878,0.00038768322
0.4812875567128231,1.000522,0.00038210303
0.4815047331367738,0.9992025,0.00038209
0.48164444111716875,1.0000966,0.0003823085
0.4817012165412743,0.99981457,0.00038216414
0.48188882369676117,1.0000657,0.00039190863
0.4819208157154319,0.9991457,0.00038769783
0.4826763788529661,1.0004944,0.00038211187
0.48289354083868974,0.99973214,0.00038207247
0.483033287462149,1.0006347,0.0003824013
0.48309001912000527,1.0005025,0.0003822069
0.4832776234888004,1.0012776,0.00039207126
0.4833096504197901,0.9997824,0.00038792207
0.48406520145968124,1.0004973,0.0003821469
0.4842823480744863,0.9999819,0.00038213225
0.4844221333423775,1.000438,0.00038241496
0.48447882123307495,1.000242,0.00038224936
0.4846664237465009,1.0002064,0.000391925
0.48469848465803167,1.0000603,0.00038816032
0.48545402359982426,1.0004479,0.00038206074
0.4856711557759469,0.999088,0.0003820503
0.4858109792230607,1.0008909,0.0003824484
0.48586762381226134,1.0001161,0.00038214057
0.4860552235385401,1.0011827,0.00039218072
0.4860873188958178,0.999275,0.00038811017
0.48684284573951186,1.00145,0.00038216158
0.4870599634778601,0.99971986,0.00038218652
0.48719982510374393,1.0010021,0.0003824163
0.4872564263928086,1.0004063,0.00038221144
0.4874440233301266,1.0007366,0.0003921785
0.48747615313496884,0.99951017,0.0003882736
0.48823166834486076,1.0018622,0.0003823497
0.48844877117886526,0.9992578,0.00038205198
0.48858867098351766,1.0007409,0.00038240815
0.4886452285067891,1.0001664,0.00038216822
0.48883282312171306,1.0016491,0.00039222764
0.4888649873741199,1.0004324,0.0003885117
0.4896204904840929,0.9998844,0.00038213807
0.4898375788798704,0.99914205,0.00038197794
0.4899775168642009,1.001052,0.00038249075
0.49003403108643095,1.0011199,0.00038237456
0.490221622914205,1.0005248,0.0003920689
0.4902538216123614,0.9997865,0.0003886137
0.4910093126242359,1.001062,0.000382236
0.49122638611703595,0.99948066,0.0003820602
0.4913663627439746,1.0001796,0.00038236615
0.49142283366516193,1.0003932,0.00038221938
0.49161042317145276,1.0002248,0.0003920987
0.49164265585060296,0.99945754,0.0003886903
0.4923981352309511,1.000549,0.0003822363
0.49261519381894925,0.9993889,0.00038211438
0.49275520862374833,0.99958473,0.00038226336
0.4928116362438929,1.0001724,0.0003821697
0.49299922296349197,1.0007435,0.0003921661
0.4930314900888445,0.99936825,0.00038901495
0.49378695737063866,1.0000565,0.0003820526
0.4940040015208625,0.9999719,0.000382234
0.49414405450443155,1.0003431,0.00038243923
0.4942004383578707,1.0004033,0.00038218938
0.49438802275462035,1.0011394,0.0003923095
0.49442032479365683,0.99956983,0.00038908876
0.49517577951032626,1.0009916,0.00038218615
0.4953928087571172,0.9997102,0.00038209162
0.495532899918544,1.000169,0.00038227308
0.49558924093705714,0.9997769,0.00038211845
0.49577682254665956,1.0004907,0.00039226972
0.49580915903280787,0.9989163,0.00038919188
0.49656460211613057,1.0002717,0.0003820694
0.49678161645857777,0.9991207,0.00038215122
0.4969217457992272,1.0002224,0.00038223036
0.4969780435166962,0.9994391,0.00038211502
0.49716562233869876,1.0004311,0.0003922763
0.4971979932715048,0.99976116,0.00038943635
0.4979534242562736,0.999251,0.00038182075
0.4981704241600383,1.0002687,0.00038217625
0.49831059167991043,1.0013103,0.00038244424
0.4983668456311322,1.0003426,0.00038225565
0.4985544225973101,1.0004002,0.0003922155
0.499342246396872,1.0008591,0.00038211604
0.49955923186104345,1.0002586,0.00038215128
0.4996994375601389,0.9997156,0.00038229596
0.49975564821122676,0.99995327,0.0003821306
0.4999432223893493,1.0001013,0.0003921551
0.5007310685374705,1.0006694,0.00038217823
0.5009480390963873,0.9994942,0.00038209432
0.5010882834399126,1.0006112,0.00038243333
0.5011444507899577,1.0011443,0.0003822916
0.5013320221804777,1.0011014,0.00039236702
0.5021198906767026,1.0008909,0.00038213603
0.5023368467983006,1.0002294,0.00038224316
0.5024771293192316,1.0003417,0.00038231933
0.5025332529030274,1.0011475,0.00038226004
0.5027208219716061,1.0007968,0.0003923834
0.5035087128159376,1.0009974,0.00038215492
0.5037256545006692,0.99921733,0.00038207186
0.5038659747342535,0.9998922,0.0003822656
0.503922055482211,0.99966717,0.00038210023
0.5041096222293066,1.0005327,0.00039230564
0.5048975354217419,1.0006733,0.0003821834
0.5051144617373794,0.99964046,0.00038207293
0.5052548206149368,0.9998076,0.0003821822
0.5053108580618528,0.99991304,0.00038212066
0.5054984220213458,1.0006858,0.00039240692
0.5062863575618849,1.0014046,0.00038227017
0.5065032694392927,0.9997301,0.00038215794
0.5066436664951652,1.0007887,0.00038245597
0.5066996601758335,0.9999629,0.0003821781
0.5068872218142958,1.0008391,0.00039243532
0.5076751797015724,1.0002886,0.00038211275
0.5078920771412059,0.9997045,0.00038201496
0.5080325123753937,1.0009907,0.00038244863
0.5080884627550171,1.0003908,0.0003821929
0.5082760216054242,1.0005176,0.0003923386
0.5090640018421709,1.0003792,0.00038202922
0.5092808843765497,0.99926716,0.0003820694
0.5094213577904156,0.9998031,0.00038228824
0.5094772653342035,0.9995499,0.00038210678
0.5096648213965524,0.9999864,0.00039231702
0.510452823983222,1.0019119,0.00038234546
0.5106696920775549,0.9996047,0.00038207506
0.5108102036701894,1.0003401,0.00038230518
0.5108660674481813,0.9996732,0.00038216618
0.5110536216542529,1.0005066,0.00039248262
0.5118416461229124,1.0004079,0.0003821168
0.5120584997790154,1.0001752,0.00038224214
0.5121990495499631,1.0008007,0.000382433
0.5122548700278231,1.0007554,0.0003823074
0.5124424214462922,1.0008857,0.00039254862
0.5132304682626,1.0001489,0.0003820722
0.5134473070148148,1.0001105,0.0003821528
0.5135878954301916,0.99967736,0.00038221158
0.513643672607465,1.0003417,0.00038222322
0.5138312212387895,1.0008534,0.0003925424
0.5146192904018349,1.0008967,0.00038209071
0.5148361147176389,0.9995611,0.00038205003
0.5149767408447588,0.99991167,0.00038223018
0.5150324747209873,1.0008119,0.00038227843
0.5152200210303706,1.0007074,0.00039247755
0.5160081125415225,1.0003805,0.00038211365
0.5162249224195521,0.99956656,0.00038217255
0.516365586725442,1.0007089,0.0003824446
0.5164212773001737,1.0006251,0.00038224776
0.5166088208224098,1.0010058,0.00039262176
0.5173969346821209,1.0011399,0.00038222305
0.5176137296558069,0.9996942,0.00038210698
0.5177544321395544,1.0007746,0.00038242628
0.5178100794141516,1.0003903,0.0003822002
0.5179976210792049,0.99986404,0.00039250735
0.5187857568227165,1.0009042,0.0003822029
0.5190025373577228,0.9998971,0.0003821252
0.5191432780193281,0.9999385,0.00038227608
0.5191988819937934,0.99980694,0.00038213466
0.5193864208712441,1.0004514,0.00039258992
0.5201745789624069,1.0002921,0.00038210678
0.5203913445930667,0.9999333,0.000382119
0.5205321234334406,1.0000459,0.0003823173
0.5205876845725244,0.99934405,0.00038202747
0.5207752206632833,1.0001354,0.0003925556
0.52156340110255,0.9998433,0.00038211275
0.5217801522940718,0.9997077,0.00038217276
0.5219209693132143,0.99987364,0.00038226027
0.5219764866860496,1.0002003,0.00038212698
0.5221640204553225,1.0008858,0.00039282272
0.522952223242693,0.9993268,0.0003819463
0.5231689599955296,0.9991912,0.0003820378
0.5233098147273267,1.0000924,0.00038229354
0.523365289266144,1.0000927,0.0003821363
0.5235528202464509,1.0008192,0.00039277208
0.524341045382836,1.0004334,0.00038217875
0.5245577672317844,0.9995952,0.00038209555
0.52469866060801,0.9996524,0.00038226013
0.5247540918457831,0.9996882,0.00038207372
0.5249416205050622,1.0006864,0.00039270433
0.525729867522979,1.0006843,0.00038223996
0.5259465749341531,0.99905,0.0003820266
0.5260875060230319,0.99952364,0.00038221964
0.5261428939593082,1.0005678,0.0003822735
0.5263304202966432,1.0011139,0.00039279618
0.527118689663122,1.00113,0.0003822244
0.5273353821708604,1.0000979,0.00038212448
0.5274763519032604,1.0000414,0.00038226327
0.5275316965384946,0.9997985,0.00038211836
0.5277192200882298,1.0006481,0.00039269362
0.5285075113366929,1.0000687,0.00038209656
0.5287241898723211,0.9996574,0.00038210145
0.5288651973178276,1.0005437,0.00038241362
0.5289204986524753,0.9999299,0.00038212287
0.529108019880269,1.0002245,0.0003926774
0.529896333476836,1.0008895,0.0003821667
0.530112997108573,0.99987787,0.00038213577
0.5302540431976013,0.9999466,0.00038226895
0.5303093012312062,1.0007614,0.00038227363
0.5304968196723082,1.000627,0.00039277851
0.531285155616979,1.0003533,0.00038205503
0.5315018048095781,0.99966997,0.00038209712
0.5316428886117137,1.0005589,0.00038238696
0.5316981038099372,0.99963635,0.00038208303
0.5318856199295505,1.0007749,0.00039290867
0.5326739777566665,1.0007055,0.00038219735
0.5328906120449219,0.99996024,0.00038218845
0.5330317344923969,1.0001012,0.0003823804
0.5330869059248231,0.9999846,0.00038212733
0.5332744197220479,0.99954236,0.00039273652
0.534062799897265,1.0004845,0.00038215288
0.534279419746838,1.0000732,0.0003821758
0.5344205799069641,1.0,0.00038227727
0.5344757085044649,0.9998861,0.0003821438
0.5346632195140871,1.0002568,0.0003928181
0.5354516215726576,1.0002484,0.00038217008
0.5356682274482986,0.9993046,0.0003819993
0.5358094253215313,1.0003153,0.00038237273
0.5358645106184455,1.0001972,0.00038210014
0.5360520193061263,0.9999794,0.00039273684
0.5368404437123452,1.0004934,0.0003821568
0.537057034685006,1.0000963,0.00038217386
0.5371982707365532,0.9998801,0.0003822708
0.5372533131980846,0.9999287,0.0003821389
0.537440819096802,1.0011579,0.00039296167
0.5382292658520328,1.0002314,0.00038214488
0.5384458423873746,0.99995637,0.00038213
0.5385871166167817,1.0009136,0.00038235477
0.5386421157772711,1.0002711,0.0003822229
0.538829618888383,1.0001904,0.0003928893
0.5396180879912649,1.0006369,0.00038210818
0.539834649623174,0.99902207,0.00038209543
0.5399759620313489,1.0007166,0.0003824356
0.5400309178903407,1.0001832,0.00038225643
0.5402184191469944,1.0006051,0.0003929451
0.541006909665294,1.0002787,0.0003820905
0.5412234573250899,1.0000123,0.00038215955
0.5413648074454613,1.0001457,0.0003822757
0.5414197204690717,0.99988675,0.00038220797
0.5416072189390336,1.0009562,0.0003930239
0.5423957318058896,0.9995886,0.0003819462
0.5426122645604338,1.0003054,0.00038220893
0.5427536533252351,0.9999519,0.00038225212
0.542808522582594,1.0005279,0.00038221764
0.5429960187310728,1.0001684,0.0003929274
0.5437845539464881,1.0008005,0.00038215824
0.5440010722614389,1.0005205,0.00038230603
0.544142498740257,0.99990153,0.0003822016
0.5441973251631468,0.9998085,0.00038206228
0.5443848185222011,1.0004675,0.00039295707
0.5451733756205144,0.999835,0.0003821058
0.5453898794976909,0.99996245,0.00038217448
0.5455313441548242,1.0000426,0.0003822475
0.5455861272771245,1.0001651,0.0003821532
0.5457736183133349,1.0000552,0.00039289295
0.5465621977606574,1.0000124,0.0003820393
0.5467786871996041,0.99907947,0.00038206214
0.5469201895693914,0.99993163,0.00038220972
0.5469749298567637,1.0003762,0.00038221403
0.5471624185710354,1.0007017,0.00039305052
0.5479510194351391,1.0002009,0.00038213521
0.5481674944358589,1.0001327,0.00038214176
0.5483090349844133,0.999727,0.00038227273
0.5483637324364055,1.000311,0.0003822033
0.54855121836398,1.0011102,0.00039307258
0.5493398415752822,1.0005054,0.00038209578
0.549556302138683,0.99879855,0.00038202765
0.5496978803994352,1.0001999,0.00038234968
0.5497525345494751,1.0000708,0.00038211362
0.5499400181560192,1.000289,0.00039307462
0.5507286637154252,0.9999371,0.00038206796
0.5509451093744823,0.9995462,0.0003820609
0.5510867262787542,1.000395,0.000382341
0.5511413371282061,1.000095,0.0003821867
0.5513288179476058,1.0000883,0.00039297726
0.5521174853908178,0.9995313,0.00038199368
0.5523339166102788,0.9991862,0.00038202122
0.5524755716928667,1.0000231,0.0003822563
0.5525301392421867,1.0007699,0.0003822569
0.5527176177387341,1.0000995,0.0003931434
0.5535063075300499,0.999857,0.00038198722
0.5537227243112839,1.0001103,0.0003821919
0.5538644171069791,1.0004194,0.0003823318
0.5539189418213704,1.0004517,0.00038220742
0.5541064175303206,1.0003555,0.00039316478
0.5548951292036236,1.0002856,0.00038204817
0.5551115315466277,0.99983203,0.00038218193
0.5552532625210915,1.0004125,0.0003822961
0.5553077439348955,1.00068,0.00038220495
0.5554952177884738,1.0006284,0.00039317567
0.5562839513437666,0.9999867,0.0003820116
0.5565003392485438,0.99980164,0.00038222887
0.5566421079356587,1.0000416,0.0003822299
0.5566965465154454,0.99951184,0.0003821118
0.5568840175809712,1.000106,0.000393152
0.5576727730177928,1.0002005,0.00038210716
0.5578891464847985,0.99953854,0.0003820674
0.5580309533506806,1.0007061,0.00038234532
0.558085348629426,1.00017,0.00038211356
0.5582728173725522,1.0010087,0.0003932943
0.5590615951583914,0.9995479,0.0003820161
0.5592779541862563,0.9999303,0.0003822391
0.5594197987652478,1.0003244,0.00038244706
0.559474151208157,1.0002908,0.00038221158
0.5596616171641388,1.0006316,0.00039333248
0.5604504168337812,1.0003945,0.0003822138
0.5606667614229637,0.9988559,0.0003819555
0.5608086441793603,0.99980474,0.00038223638
0.5608629533212267,1.0002588,0.00038226193
0.5610504169557198,1.0015513,0.0003934391
0.5618392385078103,0.9998261,0.00038202034
0.5620555686601293,0.9989663,0.00038202782
0.5621974895934727,1.0005051,0.000382353
0.5622517559008657,0.9998277,0.00038214194
0.5624392172129676,1.0001208,0.0003932126
0.5632280606474979,1.0003079,0.0003821435
0.5634443763615871,1.0001383,0.00038213612
0.5635863350080399,0.99970543,0.00038220204
0.5636405584805049,1.0006889,0.0003822574
0.5638280170054595,1.0005146,0.0003933676
0.5646168823219796,1.0010695,0.00038220908
0.5648331835969309,0.9992987,0.00038204427
0.5649751804230618,1.0006108,0.00038234785
0.56502936059403,1.000438,0.00038219802
0.5652168167979569,1.0000681,0.00039325134
0.5660057044612145,1.0010554,0.00038218452
0.566221991297936,0.9994694,0.00038199284
0.566364025837629,0.999906,0.00038226257
0.5664181631736719,0.9995151,0.0003820858
0.5666056165895379,0.9996632,0.00039330157
0.5673945261356962,1.0001937,0.000382091
0.5676107985337354,1.0000361,0.00038226234
0.5677528707865349,0.99970967,0.00038220215
0.567806965288105,1.0011241,0.00038229255
0.5679944163811245,0.9996062,0.0003932507
0.5687833478106306,1.0000087,0.00038204782
0.5689996057699873,0.99951285,0.00038209063
0.5691417162015568,1.0006407,0.00038236604
0.5691957678677442,0.9999132,0.00038215128
0.5693832161736163,1.0013317,0.0003934801
0.5701721699503209,1.0000516,0.0003821377
0.5703884134719034,0.9994694,0.00038212555
0.5705305616156693,1.0004747,0.00038229098
0.5705845699808139,1.0005761,0.000382272
0.5707720164308642,1.00023,0.0003933696
0.5715609916248027,1.0004774,0.00038215765
0.5717772207081581,0.9989182,0.0003820307
0.5719194070297817,1.0003543,0.00038234846
0.5719733725600002,0.99987966,0.00038216778
0.5721608162229034,1.0000294,0.00039338908
0.5729498132992844,1.0001253,0.0003820403
0.5731660279453181,0.9999655,0.00038221935
0.5733082524443489,1.0002025,0.00038236356
0.5733621746735253,0.99994034,0.00038221167
0.5735496160140316,1.0000229,0.00039337456
0.5743386349737661,0.99981004,0.0003819712
0.5745548356467787,0.9996584,0.00038215696
0.5746970978589161,1.0000316,0.00038230064
0.5747509772531673,1.0000091,0.00038215335
0.5749384158060709,0.99988204,0.00039342773
0.5757274571139092,0.9998235,0.00038196548
0.575943642882578,1.0001655,0.00038213204
0.5760859428082767,1.0005003,0.00038234156
0.576139779367145,0.999902,0.0003822058
0.5763272155981101,1.0000285,0.00039346697
0.577116278789299,1.000247,0.00038196694
0.5773324501179219,0.9997541,0.00038212482
0.5774747882232987,1.0001401,0.0003822828
0.5775285819463315,0.999569,0.00038206935
0.5777160153906075,1.001613,0.0003936635
0.5785051004628726,0.99987894,0.0003820307
0.5787212578193824,0.99983716,0.00038212727
0.5788636336374111,1.0002768,0.0003823384
0.5789173840598538,1.0005203,0.00038218746
0.5791048151821885,1.0001961,0.00039342107
0.5798939221364435,0.9995469,0.00038203917
0.5801100650551817,0.99913245,0.0003820674
0.5802524785858623,1.000113,0.00038232104
0.5803061861738343,1.000665,0.00038231688
0.5804936154389836,1.000497,0.00039362826
0.5812827438109253,0.99987197,0.0003820895
0.5814988722914337,1.0002928,0.00038218152
0.5816413239999747,1.0012573,0.00038235285
0.5816949887534762,1.000729,0.00038221545
0.5818824152310228,0.99984825,0.0003935638
0.5826715659506128,1.0004613,0.0003821538
0.5828876799938023,0.99994415,0.00038212657
0.5830301694149966,1.0002047,0.00038229846
0.583083790867454,1.0005367,0.00038217922
0.583271215023062,1.000809,0.00039369095
0.58406038762555,1.0004916,0.0003821568
0.5842764872305125,1.0002252,0.000382229
0.5844190143643573,1.0006081,0.00038236377
0.5844725934466405,1.0001248,0.00038214997
0.5846600148151012,0.9999539,0.00039354674
0.5854492093009426,0.9999456,0.0003820057
0.5856652944667645,1.0000414,0.00038215602
0.5858078597784697,1.0000023,0.00038227663
0.5858613955601628,1.000436,0.0003822332
0.5860488146080458,1.0005504,0.00039370786
0.5868380309749689,1.0001844,0.00038206537
0.5870541021677697,1.0001311,0.0003821879
0.5871967051934917,1.0001346,0.0003822706
0.5872501981398046,1.0002027,0.00038216024
0.5874376143987214,1.0004393,0.00039365666
0.5882268526489952,1.0005122,0.0003821134
0.5884429094031135,1.0002623,0.00038225699
0.5885855501428523,1.0006485,0.000382358
0.5886390002528743,1.0006145,0.0003822223
0.5888264146550585,1.0003607,0.0003936673
0.589615674323477,0.99996436,0.00038200707
0.5898317166389128,1.0002944,0.0003822178
0.5899743955569647,0.99942774,0.0003821184
0.5900278028325162,1.0005132,0.0003822547
0.5902152144480085,1.0000495,0.0003936561
0.5910044959970477,1.0002043,0.00038216473
0.5912205238747092,0.99938416,0.0003820771
0.5913632405045064,1.0008624,0.0003824087
0.591416604946494,1.0001705,0.00038217157
0.5916040142400477,1.0005159,0.0003937556
0.5923933176706214,0.9995395,0.00038197835
0.5926093315766253,1.0000323,0.00038219383
0.5927520859186188,1.0003235,0.00038232742
0.5928054075261331,1.0002292,0.00038219214
0.5929928140320869,1.0004796,0.00039369662
0.5937821393460112,1.0004152,0.00038210218
0.5939981388137882,0.9994132,0.00038204197
0.5941409308675247,1.0000488,0.00038231266
0.5941942096401136,1.0006309,0.00038226947
0.5943816138241261,1.0004174,0.0003937679
0.5951709610204929,1.0002571,0.00038206612
0.5953869460500401,0.9997115,0.0003821517
0.5955297762820919,1.0003381,0.0003823522
0.5955830122193001,1.0006797,0.0003822731
0.5957704136152545,1.0000306,0.00039371647
0.5965597826949747,0.99969023,0.00038199953
0.5967757532853839,0.99994,0.00038221883
0.5969186212314526,0.9998168,0.00038223743
0.5969718143328252,1.0000583,0.00038216903
0.5971592134063828,0.99961793,0.0003936681
0.5979486043694564,1.000777,0.00038214345
0.598164560986389,1.000432,0.0003822161
0.5983074666464745,1.0001103,0.0003823013
0.5983606164458949,1.0001829,0.0003821708
0.5985480136649942,0.9995294,0.00039355594
0.5993374260439381,1.0001602,0.00038192884
0.5995533682226438,1.0002829,0.00038226234
0.5996963115949256,1.0006721,0.00038239444
0.5997494190246259,0.99982876,0.0003820996
0.5999368134570334,1.0005189,0.00039378394
0.6007262477179672,0.9998651,0.00038206065
0.6009421754588985,0.99979025,0.0003822156
0.6010851570090381,1.0007066,0.0003823662
0.6011382211386036,1.000717,0.00038225736
0.6013256132490726,1.0000892,0.00039381447
0.6021150693929016,1.0001962,0.00038197584
0.602330982694695,1.0002505,0.0003822661
0.6024740019574892,1.0001655,0.00038230058
0.6025270237191536,1.0004175,0.00038225052
0.6027144130402009,1.0003617,0.00039385512
0.6035038910673833,1.0002328,0.00038209802
0.6037197903961556,0.9995903,0.00038216074
0.6038628473725112,1.0005733,0.00038236895
0.6039158258331342,1.0007899,0.0003822673
0.604103212833151,0.9997771,0.00039373612
0.604892712740957,1.0004517,0.00038198437
0.6051085976324075,0.99981695,0.000382161
0.6052516923218718,1.0007575,0.00038243423
0.6053046284127732,0.99966246,0.0003821586
0.6054920126242793,1.0005043,0.0003938557
0.6062815339497775,1.0004494,0.00038208597
0.6064974048691177,0.9991018,0.0003820713
0.606640537270323,1.0000471,0.00038225643
0.6066934305267511,1.0003183,0.00038221458
0.6068808128819798,1.0006247,0.00039398548
0.6076703556238037,1.00006,0.00038215757
0.607886212104917,0.9992618,0.00038204854
0.6080293826853449,1.0004288,0.0003823348
0.6080822326398208,1.0003722,0.00038225824
0.608269612674019,0.9999962,0.0003938848
0.6090591772982854,1.0000075,0.00038206583
0.6092750193402608,1.0001295,0.0003821645
0.6094182276347055,1.0000337,0.00038229892
0.6094710352185517,1.0007547,0.00038227727
0.6096584124660582,0.9998693,0.00039381447
0.6104479989732227,1.0007081,0.0003821843
0.6106638265765129,1.0001462,0.00038212715
0.6108070725831567,1.0002626,0.0003823374
0.6108598373320768,0.9996355,0.00038211726
0.6110472122576448,1.0008051,0.00039398146
0.6118368206481598,1.0002847,0.00038203807
0.612052634278426,1.0001087,0.00038215122
0.6121959175316078,1.0003097,0.00038229214
0.6122486399112632,1.0005264,0.00038219863
0.6124360120501366,1.0006331,0.00039396703
0.6132256418565248,1.000544,0.00038212255
0.6134414415146808,1.0001707,0.00038215888
0.6135847629457203,1.0005257,0.0003823865
0.6136374420261519,0.99991614,0.0003821623
0.6138248118417232,1.0001838,0.00039400283
0.6146144635310066,0.9998618,0.0003819766
0.6148302487504801,0.9998975,0.0003821907
0.6149736078950809,0.9995212,0.0003821297
0.6150262441401297,1.000331,0.0003822211
0.6152136116333097,0.99993205,0.00039391857
0.6160032852045801,1.0003926,0.0003821557
0.6162190559862794,0.9994115,0.00038216266
0.6163624528444416,1.0000266,0.0003823512
0.6164150467197715,1.0007997,0.00038223443
0.6166024114248907,0.9999606,0.00039397122
0.617392106878151,0.99999475,0.00038193163
0.6176078632234394,1.0003163,0.00038232797
0.6177512977933475,1.0001786,0.00038229986
0.6178038488328412,1.001119,0.00038227052
0.6179912116821386,1.0000046,0.00039399072
0.6187809280878823,1.0004356,0.00038203463
0.6189966704592387,0.9994319,0.0003820846
0.6191401427422534,1.0002462,0.00038230908
0.6191926514115722,1.0004877,0.00038227078
0.6193800114746304,0.9999042,0.00039396677
0.620169749762364,1.0001847,0.00038207608
0.6203854781602438,0.99910235,0.00038205582
0.6205289881563658,1.0002382,0.00038235358
0.6205814535255528,1.0003153,0.0003821989
0.6207688112671278,1.0001945,0.00039407462
0.6215585714368458,0.99965394,0.0003820375
0.6217742853960432,0.9992319,0.00038202354
0.621917833104817,1.0003,0.00038239744
0.6219702556395306,1.0001462,0.00038220364
0.6221576110587088,0.9999766,0.00039403274
0.6229473926456662,1.000306,0.00038206668
0.6231630926322979,0.99999624,0.00038216048
0.6233066780541776,1.0002902,0.00038235198
0.6233590582187171,1.0006983,0.0003823001
0.6235464108493846,0.9998907,0.00039397491
0.624336214320148,0.9998835,0.0003819801
0.6245518998685499,0.9996861,0.0003821655
0.624695523002174,0.9994506,0.00038215076
0.6247478603331502,1.0005751,0.00038216432
0.6249352106414238,1.0005301,0.0003940934
0.625725035528513,1.0010251,0.00038232905
0.6259407071043491,1.0000255,0.00038213
0.6260843679506252,0.99971175,0.00038221735
0.6261366624475835,1.0004278,0.00038227843
0.626324010433463,0.99934155,0.0003940034
0.6271138572034501,1.0008196,0.00038211438
0.627329514340601,0.9997253,0.00038205687
0.6274732128995311,0.99997026,0.0003822508
0.6275254650263145,1.0004785,0.0003821619
0.6277128106920743,1.0000982,0.0003941188
0.6285026784122706,1.0002298,0.00038209808
0.6287183215773112,0.999983,0.00038211004
0.6288620578488917,1.0009428,0.00038243044
0.6289142671393841,1.0008699,0.00038228958
0.6291016104841135,1.0006002,0.00039420955
0.6298915000858415,1.0006349,0.00038211487
0.6301071288135632,0.99929494,0.0003821349
0.6302509027973429,1.0006273,0.00038242323
0.6303030697185705,1.0003691,0.0003821934
0.6304904102752419,1.0000383,0.00039417393
0.6312803212946619,1.0002635,0.00038197378
0.6314959360489071,0.9992626,0.00038210975
0.631639747745794,1.0001581,0.00038221676
0.6316918718325484,1.0003974,0.0003822123
0.6318792100663702,1.0006322,0.0003942952
0.6326691429686881,1.0006231,0.00038207255
0.6328847432847063,0.9998263,0.00038213131
0.6330285926946999,1.0002602,0.00038232814
0.6330806739465289,0.9998693,0.0003821225
0.6332680098584094,1.0000819,0.00039411668
0.6340579641775086,1.0001361,0.00038207546
0.6342735509861641,0.99951524,0.0003821134
0.6344174376436058,1.0000899,0.00038222712
0.6344694765257154,1.0010804,0.00038232544
0.6346568096504486,1.0006621,0.00039422925
0.6354467858524459,1.0012772,0.00038216144
0.6356623582224189,0.99960846,0.0003821506
0.6358062825929665,1.0005363,0.00038239744
0.6358582786401485,1.000617,0.0003822372
0.6360456094433987,0.99925274,0.0003941148
0.6368356070617217,1.0014985,0.00038218507
0.6370511654586736,1.0000654,0.00038215163
0.6371951275423271,0.99996066,0.00038227404
0.6372470807541264,1.000885,0.0003822434
0.637434409234527,1.0002093,0.00039427876
0.638224428735748,1.0000579,0.0003818955
0.6384399726944701,0.99970883,0.0003820733
0.6385839724907783,0.99950033,0.00038216103
0.6386358833328574,1.0002056,0.00038215012
0.6388232094922275,0.99959195,0.0003941261
0.6396132499445685,1.0006862,0.00038211484
0.6398287799311775,1.0001043,0.00038212782
0.6399728174401389,0.9999594,0.00038233554
0.6400246854468379,1.000314,0.00038219753
0.640212009283814,1.00032,0.00039427562
0.6410020716181393,1.0000998,0.00038200873
0.6412175871674323,0.9995139,0.00038211493
0.6413616619229288,1.0006105,0.0003824237
0.6414134875603631,1.0003372,0.00038216458
0.6416008090754005,1.0003806,0.0003942519
0.6423908928260517,1.0006456,0.0003820905
0.6426063944027761,0.99963236,0.0003820882
0.6427505068713799,1.0004498,0.0003824174
0.6428022901395495,1.0005157,0.00038218443
0.6429896088678925,0.9995939,0.0003941849
0.6437797140357802,1.0006871,0.0003820402
0.6439952016385754,0.9997549,0.00038208155
0.6441393518207406,0.9996719,0.00038225847
0.6441910922535272,1.0012482,0.00038230186
0.6443784086594789,0.9998399,0.0003943212
0.6451685357102619,1.0007114,0.00038207066
0.6453840088748273,1.0002787,0.00038218225
0.6455281967691917,0.99995905,0.00038218996
0.6455798943675051,1.0006453,0.00038220634
0.6457672084515181,0.99931586,0.00039425655
0.6465573569190823,1.0008739,0.00038198658
0.6467728161106266,0.9997695,0.00038207608
0.6469170417185524,0.9993238,0.00038220326
0.646968696946236,1.0007205,0.0003822545
0.6471560082435573,0.9993514,0.0003942402
0.6479461781279028,1.0007987,0.00038211135
0.6481616233468785,0.9992967,0.00038200858
0.6483058862022517,1.0002685,0.00038231563
0.6483574990597611,1.000621,0.00038227197
0.6485448080351384,1.0001844,0.00039443365
0.6493349993367232,1.0001092,0.000381982
0.6495504305831333,0.9996502,0.0003820178
0.6496947311511576,1.0000198,0.00038232977
0.6497463011741972,1.0008016,0.00038229715
0.6499336082923862,1.0005367,0.00039448575
0.6507238210107523,1.0009103,0.00038207127
0.6509392378189326,0.9999314,0.00038205908
0.6510835760996088,1.0010415,0.00038246103
0.6511351037538362,1.0003825,0.000382242
0.6513224080848781,0.999033,0.0003942508
0.6521126422200254,1.000642,0.00038204103
0.6523280450547319,0.9995831,0.00038213286
0.6524724210476052,0.9995248,0.00038220367
0.6525239058678141,1.0007359,0.00038228455
0.6527112078764646,0.99995214,0.00039440842
0.6535014634288459,1.0012692,0.00038208542
0.6537168522909839,1.0002968,0.00038221103
0.6538612655313045,0.9997591,0.0003822518
0.6539127079813392,0.999933,0.00038216406
0.6541000076685038,1.0005434,0.00039445458
0.6548902846367582,1.0000118,0.0003818654
0.6551056595272358,0.9994027,0.00038210605
0.6552501104806652,0.9996321,0.00038221668
0.6553015100948643,1.0001626,0.00038204045
0.655488807460543,0.9988629,0.00039427294
0.65627910631124,1.0009116,0.00038200332
0.656494466763035,0.9996503,0.00038210372
0.6566389554295711,1.0,0.00038226272
0.6566903126735952,1.0001845,0.00038219392
0.6568776072525823,1.0001099,0.000394507
0.6576679275196049,1.000484,0.00038197573
0.6578832739988344,0.9997087,0.00038213245
0.6580277999128157,1.0012206,0.00038241284
0.6580791147866649,0.9993545,0.0003819482
0.6582664070437106,0.99984086,0.00039442471
0.6590567487284253,1.0009993,0.00038206676
0.6592720812350891,1.0005729,0.0003822092
0.6594166448621763,0.99992657,0.00038227616
0.6594679169015536,1.000006,0.0003821855
0.6596552068357499,0.99916905,0.00039437978
0.6604455699377013,1.0020106,0.00038222029
0.6606608884713411,1.0001111,0.00038220253
0.660805489809718,1.0002563,0.00038230605
0.6608567194811927,0.9994453,0.0003820319
0.6610440066273363,1.0000528,0.00039445763
0.6618343911469772,1.0016692,0.0003822457
0.6620496957066849,0.99959135,0.0003820826
0.6621943342915984,1.0009266,0.00038247023
0.6622455215951732,1.0005301,0.00038218763
0.6624328068854896,0.9991487,0.00039439215
0.6632232123553422,1.0006357,0.00038206563
0.6634385024772755,1.0006832,0.00038216772
0.663583179240959,0.99971944,0.00038221022
0.6636343237091539,1.0002931,0.00038211505
0.6638216066775288,0.99960065,0.00039447547
0.6646120335641627,1.0001515,0.00038177957
0.6648273097135303,0.99981344,0.0003821002
0.6649720237246584,1.0002226,0.00038227567
0.6650231258226762,1.0003852,0.00038225803
0.665210406469568,0.99994993,0.00039450187
0.666216116949785,0.9999606,0.00038216737
0.6663608686731095,0.99982625,0.00038229214
0.6664119284014072,1.0001447,0.00038219243
0.6665992062602436,0.99996406,0.00039460472
0.667604924186037,1.0003198,0.00038215469
0.6677497131568089,0.9999938,0.0003822907
0.6678007305144769,0.9996301,0.00038210073
0.6679880060518301,0.9997162,0.0003945182
0.6689937314218363,0.9996727,0.00038210247
0.6691385581061695,1.0004331,0.00038227072
0.6691895326284575,0.99958843,0.000382101
0.6693768058447747,0.9998036,0.00039450702
0.6703825386576328,0.9999557,0.00038213076
0.6705274025889594,1.0003262,0.00038233292
0.6705783352085519,1.0005152,0.0003822803
0.6717713458938875,1.0002674,0.00038224703
0.6719162475374105,1.0000916,0.0003822891
0.6719671373229852,0.999915,0.0003821652
0.6731601531292314,0.99969256,0.0003821078
0.6733050920202004,1.0001471,0.0003823066
0.6733559394365103,0.99956393,0.0003821116
0.6745489603654861,0.99931955,0.0003820577
0.6746939365038997,1.0003154,0.00038227788
0.6747447415504881,1.0008197,0.00038229083
0.6759377676017381,1.0001137,0.0003821706
0.6760827814532604,1.0004253,0.00038232774
0.6761335441292191,1.0005728,0.00038223443
0.6773265743723287,1.0004382,0.00038226641
0.677471625936505,1.0003186,0.00038235672
0.6775223462422888,1.0004754,0.00038221633
0.6787153816085835,1.0001434,0.0003821411
0.6788604708854109,1.0001346,0.00038225346
0.6789111483562693,1.0003242,0.0003822645
0.6801041888448381,0.99975455,0.00038208778
0.6802493153682008,1.0003517,0.0003823497
0.6802999504697945,1.0003903,0.00038230827
0.6814929960806346,1.0001104,0.00038222072
0.6816381598509906,0.999925,0.00038228976
0.681688753049889,1.000028,0.00038210207
0.682881803316434,1.0004083,0.00038223164
0.68302700433469,1.0004458,0.0003823177
0.6830775551643222,1.0009428,0.00038226254
0.6842706105517778,1.0002519,0.00038222567
0.6844158492835959,1.0004779,0.00038237724
0.6844663572773919,0.9995766,0.00038208626
0.6856594177880297,0.9993177,0.0003820485
0.6858046937668405,0.9999867,0.00038226633
0.6858551593904616,1.00006,0.00038210733
0.6870482245590787,0.9997538,0.00038209374
0.6871935382505399,0.9991863,0.000382146
0.6872439615044422,1.000671,0.0003822655
0.6884370317948779,1.0006589,0.00038225582
0.6885823827337845,1.0002059,0.00038234468
0.6886327640836286,1.0001017,0.00038211956
0.6898258390311299,1.0001742,0.00038219668
0.6899712276822356,1.0010535,0.00038240963
0.6900215661976064,1.0006517,0.00038222878
0.6912146462673818,0.99964195,0.00038213484
0.6913600721650255,1.0002955,0.0003823586
0.6914103683115842,0.999526,0.0003821018
0.6926034535031811,0.99928594,0.00038200102
0.6927489166482701,0.99988884,0.00038213408
0.6927991704251093,1.000288,0.00038224694
0.6939922602733192,0.99998367,0.00038209106
0.6941377611319695,1.0005305,0.0003823754
0.6941879730042957,1.0005968,0.00038232797
0.695381067508663,0.9998756,0.00038217747
0.6955266056147593,0.99954724,0.00038223556
0.6955767751182763,1.0010198,0.00038226883
0.6967698747444623,0.99945235,0.00038214398
0.6969154500975492,0.99944806,0.00038214243
0.696965577232254,1.0004985,0.0003823224
0.6981586819811697,0.9998803,0.0003821329
0.6983042950464551,0.9988657,0.00038209042
0.6983543793457793,1.0002911,0.00038218606
0.6995474887522157,0.999993,0.0003821918
0.6996931395296997,0.99918246,0.00038218813
0.6997431814593016,0.9999615,0.00038219235
0.7009362959880151,0.9991823,0.0003820671
0.7010819840124896,0.9997534,0.00038225757
0.7011319835732821,1.0003413,0.0003821766
0.7023251032242698,0.9998356,0.00038220244
0.7024708284952794,1.0011544,0.00038243606
0.702520786152924,1.0002322,0.00038215163
0.7037139104605218,0.99956995,0.00038214753
0.7038596729789788,1.0002854,0.00038232733
0.7039095882659937,1.0006694,0.00038227256
0.7051027172306598,1.0003967,0.0003822199
0.7052485174622234,0.999553,0.00038222095
0.7052983903799714,1.0008953,0.0003822128
0.7064915244660036,0.9998017,0.0003821954
0.706637361945468,0.99943215,0.00038216653
0.7066871924939493,0.99991685,0.00038216036
0.7078803317013475,0.99932146,0.00038204846
0.7080262064291674,0.9998651,0.00038227983
0.7080759946079298,1.0008997,0.00038227293
0.7092691389380549,0.9998807,0.00038214793
0.709415050912412,0.9999691,0.00038226892
0.7094647971875717,1.0004191,0.00038222707
0.7106579457091009,0.99949217,0.00038202098
0.7108038949295405,1.0000298,0.0003823273
0.710853599301094,1.0003477,0.00038220917
0.7120467529453557,0.9999513,0.00038209738
0.7121927394123304,1.0004413,0.0003822727
0.7122424014146191,1.0010021,0.00038220722
0.7134355601811522,0.9996929,0.00038210163
0.713581583895575,0.9991357,0.00038219057
0.7136312035276888,1.0006993,0.00038220486
0.714824367417407,0.99923193,0.00038198073
0.7149704283792744,1.0000546,0.00038227253
0.7150200056407585,1.0008048,0.00038230134
0.7162131741880003,0.9997492,0.00038216545
0.716359272862519,1.0005007,0.00038237325
0.7164088077556472,1.0005858,0.00038229363
0.7176019814233442,1.0001624,0.00038220108
0.7177481173457636,1.0002887,0.00038227285
0.7177976103352891,1.000288,0.0003821706
0.718990788658688,0.99987763,0.00038220847
0.719136961829463,1.0002326,0.00038232413
0.7191864124492668,0.9997951,0.00038210818
0.7203795954292788,1.0005133,0.00038226752
0.7205258058465915,1.0000192,0.00038223786
0.7205752145632447,0.99999183,0.00038219374
0.7217684026664416,0.9997071,0.00038209194
0.7219146503293814,0.99963784,0.00038213795
0.7219640166772252,1.001054,0.00038231057
0.7231572099022409,0.99979055,0.00038217116
0.723303494812626,1.0000967,0.00038235958
0.7233528187902949,1.0003153,0.00038222276
0.7245460166723788,1.0003105,0.00038220134
0.7246923392958706,1.0004199,0.00038234712
0.7247416209033646,1.0003461,0.0003822439
0.7259348239086308,1.0004575,0.00038220003
0.7260811833139087,0.99989027,0.00038227983
0.7261304230168898,1.0003873,0.00038213553
0.7273236311439747,0.9997189,0.00038208338
0.727470027797608,0.9996662,0.00038233472
0.7275192251313229,1.0010875,0.00038232663
0.7287124379136573,0.9995527,0.0003820982
0.7288588722803979,1.0005447,0.00038235905
0.7289080277114175,1.0007336,0.00038225713
0.7301012451499092,1.000379,0.0003822062
0.7302477167631878,0.99952537,0.0003822248
0.7302968298249426,0.999928,0.00038212226
0.7314900519205026,1.0002484,0.0003821657
0.7316365607798616,1.0000445,0.00038227218
0.7316856319389232,1.0009129,0.0003823876
0.7328788591576655,0.99987286,0.00038209988
0.7330254052626515,0.9996783,0.0003822156
0.7330744340519929,1.000486,0.00038224045
0.7342676663939174,0.9997737,0.0003821083
0.7344142492802348,1.0006063,0.0003823806
0.7344632361650626,1.0002456,0.00038220908
0.7356564731640554,1.0002431,0.00038218015
0.7358030937639342,1.0003059,0.0003823468
0.7358520382790403,1.0005043,0.00038220847
0.7370452803998547,1.0002525,0.0003821879
0.7371919382471788,1.0001508,0.00038228763
0.7372408403925655,1.00089,0.00038228068
0.7384340871695373,1.0009531,0.00038237995
0.7385807822647621,1.0001003,0.00038225643
0.7386296425069987,1.0003011,0.0003822182
0.7398228944048811,1.0000701,0.00038213545
0.739969626747552,1.0003662,0.00038237567
0.7400184446218874,1.0003495,0.00038221347
0.7412117016411358,0.99996936,0.00038217133
0.7413584707646805,1.000153,0.00038229633
0.7414072472010739,1.0007613,0.0003822531
0.7426005084117265,0.9997723,0.00038221086
0.7427473152483799,1.0001839,0.00038229642
0.7427960493141436,1.0004514,0.000382235
0.7439893156479784,0.9997637,0.00038207122
0.7441361592659632,1.0000383,0.00038223798
0.7441848514272132,1.0009,0.00038225748
0.7453781224194828,1.0001173,0.00038211214
0.7455250037492078,1.0001857,0.0003822165
0.7455736535407356,1.000692,0.00038226182
0.7467669296552792,0.99957913,0.0003821513
0.7469138477672459,0.99970466,0.000382097
0.7469624556547161,1.0015315,0.0003824113
0.7481557364258727,1.0005958,0.00038225634
0.7483026922509453,1.0003343,0.0003823459
0.7483512577686967,1.0002705,0.00038224677
0.7495445436612166,1.0007297,0.00038229345
0.7496915362680738,0.9996054,0.0003821563
0.749740059882219,1.0016375,0.00038248565
0.7509333508965604,1.0004308,0.00038221732
0.7510803802852024,1.0004718,0.00038231869
0.7511288619966523,1.0000188,0.00038212046
0.7523221576666956,0.99936765,0.0003821094
0.7524692247679923,0.99961793,0.0003822029
0.7525176641106329,1.0006366,0.00038225274
0.7537109649029504,0.99919945,0.00038204325
0.7538580687860303,1.0008552,0.00038238705
0.7539064662237026,1.0005646,0.0003823662
0.7550997716739966,0.999934,0.00038215896
0.7552469128040684,1.00039,0.0003824254
0.7552952683372277,1.0009295,0.00038228068
0.7564885789107039,0.99989223,0.0003820991
0.7566357572868583,1.0003681,0.00038234208
0.7566840704512056,1.0000551,0.00038218126
0.7578773856812974,0.99989104,0.00038217174
0.7580246013048964,0.9995439,0.0003821867
0.7580728725647307,1.001069,0.00038235617
0.7592661929170966,1.0000728,0.00038224514
0.7594134453229344,0.99986076,0.0003823582
0.7594616746787084,1.000625,0.0003822154
0.7606549996867792,0.9995643,0.00038209988
0.7608022898057243,1.0000188,0.00038234392
0.7608504772583503,1.0004667,0.0003822706
0.762043806922123,1.0004592,0.00038220297
0.7621911338228529,1.0002153,0.0003823873
0.7622392793718754,0.99962723,0.00038205166
0.763432613692261,0.9999475,0.00038219307
0.7635799778399814,0.9993622,0.00038223682
0.7636280814854005,1.0001699,0.00038226854
0.764821420928513,0.99985844,0.0003821249
0.7649688218580195,1.0003954,0.00038238667
0.7650168835993784,1.0001245,0.00038221205
0.7662102277000146,0.99980223,0.000382117
0.7663576663408094,1.0002002,0.00038233717
0.7664056857133561,1.0007819,0.0003822043
0.767599034470608,1.0004305,0.00038227078
0.767746510357938,0.999889,0.0003822474
0.7677944878268813,1.000346,0.0003822053
0.76898784170686,1.0003607,0.00038227494
0.769135354375976,1.0002003,0.0003822926
0.7691832899404064,1.000373,0.00038217366
0.7703766484774506,0.99974316,0.00038216848
0.7705241983926499,1.0002351,0.00038232186
0.7705720920543869,1.0003663,0.0003822064
0.7717654557127944,0.99951476,0.00038208783
0.7719130424097784,1.0002522,0.0003823657
0.7719608941674566,1.0000772,0.000382188
0.773154262482477,1.000215,0.00038220605
0.7733018864273618,0.9997473,0.00038218024
0.7733496962814345,1.0005379,0.00038222363
0.7745430697182764,0.9996159,0.00038210984
0.7746907304453998,1.0001265,0.00038227273
0.7747384983958677,1.0012338,0.00038233417
0.7759318764884143,0.9999618,0.00038218516
0.7760795744634379,0.9998115,0.00038222072
0.7761273005093928,1.0001154,0.00038217116
0.7773206837255772,0.9994402,0.00038206796
0.7774684189462278,0.99976856,0.00038223923
0.7775161026233733,1.0011897,0.00038231397
0.7787094904961678,0.9991991,0.00038202273
0.7788572629642658,0.9997865,0.00038218914
0.7789049047373512,1.0004671,0.00038222797
0.7800982972667613,1.0001506,0.00038226336
0.7802461069813944,0.9997151,0.00038222887
0.7802937068508763,1.0003374,0.00038221834
0.7814871045021051,1.0004706,0.00038228973
0.781634950998523,0.9998693,0.0003822545
0.781682508963946,1.0005335,0.00038221115
0.7828759112717877,0.9999079,0.0003821316
0.783023795016561,1.0002569,0.00038231554
0.7830713110770157,1.0001594,0.00038219255
0.7842647185080424,0.99934494,0.0003820567
0.7844126390336896,1.0007921,0.00038236807
0.7844601131914489,1.0004516,0.00038224406
0.7856535252786331,1.0002393,0.0003821866
0.7858014825860664,0.9999322,0.00038224552
0.7858489153058822,1.0002346,0.0003822128
0.787042332048771,0.99902177,0.00038199176
0.7871903266041045,0.99964064,0.0003822117
0.7872377174194073,1.0005106,0.0003822201
0.7884311392854785,1.0003672,0.00038221132
0.7885791706216878,1.0005802,0.00038232267
0.788626519533385,1.0011001,0.00038235742
0.7898199460565246,0.9995053,0.00038210856
0.7899680146388164,1.0006267,0.00038246327
0.7900153216473657,1.0005597,0.00038224008
0.7912087528266626,0.99998444,0.00038213612
0.7913568586554902,0.99973464,0.00038217
0.7914041237604353,0.9996949,0.00038207386
0.7925975600620064,0.9993332,0.0003820784
0.7927457026735283,0.99958956,0.00038218114
0.792792925873505,1.0009428,0.00038233047
0.793986366831689,0.9995507,0.00038205352
0.7941345466915664,0.9999932,0.00038229767
0.7941817279874855,0.99977386,0.00038210594
0.7953751736022796,1.0000502,0.0003821191
0.7955233907091497,1.0003086,0.00038237005
0.795570530101008,1.0013415,0.00038237355
0.7967639808385344,1.0000057,0.00038217616
0.7969122342610717,1.000653,0.00038232416
0.7969593322154411,0.99984354,0.00038213184
0.7981527876086724,1.0002998,0.00038221112
0.7983010782791098,0.9994977,0.0003821582
0.7983481343298772,1.0002677,0.00038214118
0.7995415943792631,1.0002714,0.00038215914
0.7996899222962384,0.9996537,0.00038225405
0.7997369364429469,1.0014957,0.00038243062
0.8009304016159704,0.9996967,0.0003821189
0.8010787663124574,1.0002018,0.0003823349
0.8011257385560165,1.0008405,0.0003822569
0.8023192083870193,1.0000829,0.00038217756
0.8024676098639247,1.0002441,0.00038238804
0.8025145402038804,1.0005586,0.0003822851
0.8037080151567019,0.99953973,0.00038206167
0.8038564538815081,1.0000205,0.0003823347
0.8039033423178582,1.0001725,0.00038216388
0.8050968223920457,0.99940956,0.00038201868
0.8052452978990914,1.0002323,0.00038236854
0.8052921444318359,1.0003448,0.00038220853
0.8064856291621837,1.000214,0.00038223332
0.8066341419171295,1.0006835,0.00038242183
0.8066809465453612,1.0002103,0.00038223068
0.8078744359327744,0.9988997,0.0003820111
0.8080229854695062,1.0000063,0.00038231415
0.8080697486597971,1.0002695,0.00038220725
0.809263242703365,0.99973005,0.00038214534
0.8094118294866348,0.99976707,0.0003822002
0.8094585507737749,0.9999873,0.00038222753
0.8106520499391644,1.0002025,0.00038218015
0.8108006730381021,1.0003227,0.00038228705
0.8108473528868446,1.0004373,0.00038217517
0.8120408567102132,0.9998505,0.00038211938
0.8121895170552307,0.9996915,0.00038228373
0.8122361550008224,1.0001719,0.0003821385
0.8134296634812593,0.999857,0.00038216356
0.8135783610732688,1.0009453,0.0003824663
0.8136249571143476,1.0011364,0.00038234374
0.8148184707166032,0.99902254,0.00038209005
0.8149672046256455,0.9999025,0.00038234756
0.8150137592278727,1.0003177,0.00038223306
0.8162072774862857,1.0003576,0.00038221592
0.8163560486427741,1.0006849,0.0003823237
0.8164025613418532,1.0002588,0.00038220908
0.8175960842568765,0.99985874,0.00038225527
0.8177448921951509,0.99987537,0.0003822532
0.817791363455831,1.0010931,0.00038229953
0.8189848910270144,0.9999322,0.00038214502
0.819133736213189,0.9997229,0.00038222581
0.8191801655693561,1.0002383,0.00038209785
0.8203736977976078,1.0007714,0.00038234453
0.8205225797646563,0.9997884,0.0003822763
0.8205689676828785,0.99963295,0.00038207136
0.8217625050338598,0.99989444,0.00038216804
0.8219114237817848,0.99954087,0.0003821568
0.8219577693311978,1.0010009,0.00038231083
0.8231513118044504,0.99960846,0.0003821658
0.8233002673332521,0.99964184,0.0003822205
0.8233465714451783,1.0006368,0.00038220122
0.8245401185759548,1.0002905,0.00038227622
0.8246891113512902,1.0005789,0.00038235277
0.8247353735587007,1.0001649,0.00038219383
0.8259289253456373,0.9998223,0.00038215704
0.826077954903667,1.0000898,0.00038225477
0.8261241756726813,1.0003929,0.00038222253
0.8273177325809812,0.9999598,0.00038225387
0.8274667989212503,1.0005826,0.00038234395
0.8275129777862036,1.0004275,0.00038219892
0.8287065393511165,1.0001924,0.00038215212
0.8288556424731723,1.0002847,0.00038229724
0.8289017798992733,1.000443,0.00038217596
0.8300953461212545,0.9997174,0.0003821078
0.8302444860246396,1.0000218,0.00038224083
0.8302905820132539,1.0004079,0.00038225157
0.8314841528918451,1.0002143,0.00038220844
0.8316333300417682,0.9995117,0.0003822219
0.8316793841276872,1.0008112,0.00038229855
0.8328729596624386,1.0002464,0.00038223778
0.833022173594145,1.0001137,0.0003822683
0.8330681862412123,1.0007092,0.00038225172
0.8342617664334847,0.9992831,0.00038195623
0.8344110176117283,1.0000834,0.00038228568
0.8344569878895287,1.0009125,0.00038231956
0.835650573669284,1.0000361,0.00038220716
0.8357998611631956,0.9996009,0.00038226217
0.8358457900035093,1.001309,0.00038240632
0.8370393804389665,1.0006359,0.00038236353
0.8371887047142081,0.9998735,0.00038227643
0.8372345921170344,0.9996969,0.00038206982
0.8382146093314532,1.0002079,0.0003821944
0.8384281872095571,0.99970526,0.0003821228
0.8385775482665849,0.9998446,0.00038224677
0.8386233942301041,1.0009025,0.0003822377
0.8396034296071321,1.0008945,0.000382192
0.8398169939801506,1.0006284,0.00038229945
0.8399663922837135,1.0000043,0.00038227544
0.8400121963431738,1.0006064,0.0003822152
0.8409922494153307,1.000005,0.00038212122
0.8412058007502886,0.9998286,0.00038222078
0.8413552358351808,0.9996389,0.00038213964
0.8414009984566989,1.0000008,0.0003821611
0.8423810696891906,1.0005258,0.00038219328
0.8425946075204266,0.9999279,0.00038217276
0.8427440793875576,1.0005044,0.00038227366
0.8427898005715848,1.0010327,0.00038231787
0.8437698894978446,1.001083,0.00038224214
0.8439834142910173,1.0000489,0.00038219884
0.8441329229390249,0.999764,0.00038225792
0.8441786022203596,1.0005225,0.00038221065
0.8451587097721599,1.0004504,0.00038210646
0.8453722215272692,1.0002073,0.00038218393
0.8455217669570629,1.0000459,0.0003822607
0.8455674043338847,1.0006948,0.00038221403
0.8465475295812667,1.0005096,0.00038218882
0.8467610282974073,0.99954635,0.00038203786
0.8469106105094397,1.0006485,0.00038233082
0.8469562064478625,0.99967045,0.00038204665
0.8479363498560347,1.0001625,0.0003821967
0.8481498350675453,1.0006521,0.00038224453
0.8482994540613618,0.99969023,0.00038227282
0.8483450085609322,1.000314,0.00038214595
0.84932517013035,1.0004573,0.00038224034
0.8495386418381387,1.0004098,0.00038224406
0.849688297612829,1.0001755,0.00038232497
0.8497338106740019,1.0005382,0.00038218804
0.8507139899399149,0.9993751,0.00038198693
0.8509274486087294,1.000804,0.00038228394
0.8510771411638416,0.99989784,0.00038226508
0.8511226127879796,1.000331,0.00038211475
0.8521028102155911,1.0001273,0.0003820547
0.85231625537932,1.0007585,0.00038228836
0.8524659847162184,1.0002147,0.00038231743
0.8525114149015048,1.0004848,0.0003822353
0.8534916300237897,0.9999104,0.0003820516
0.8537050621494581,0.9998837,0.00038209086
0.8538548282685952,0.9988764,0.0003820956
0.8539002165502795,1.000573,0.00038224
0.8548804498319883,0.99995875,0.0003821611
0.855093868919596,1.0002266,0.00038220143
0.8552436718205172,1.0001916,0.00038236228
0.8552890186647127,1.0002952,0.00038222046
0.8562692701063036,0.99983543,0.0003820512
0.8564826756901894,0.9994495,0.00038208635
0.8566325153724392,1.0007102,0.00038228236
0.8566778207782351,1.0009845,0.000382231
0.8576580899149576,0.9999034,0.0003821267
0.8578714824607802,0.99967325,0.00038216478
0.858021358924816,1.0004889,0.00038235646
0.8580666228913048,1.0006466,0.00038222305
0.8590469101897283,0.9997156,0.00038205768
0.8592602892309181,0.99992275,0.00038212453
0.8594102029423993,1.000319,0.0003823031
0.8594554250043744,1.000216,0.00038226813
0.8604357299988351,0.99991006,0.00038217404
0.8606490960010533,0.9996854,0.00038208222
0.8607990464938666,0.99989086,0.00038230242
0.8608442266526938,1.0009334,0.0003821967
0.8618245498079419,1.0001016,0.00038213067
0.8620379032373081,1.0001824,0.00038216496
0.8621878900453339,0.999377,0.00038214336
0.8622330287666743,1.0004536,0.00038227678
0.8632133700836234,1.0000998,0.00038218207
0.8634267100079015,0.9999951,0.000382125
0.8635767331315947,0.99994123,0.00038229307
0.8636218308806521,1.0005949,0.0003821162
0.8646021898922748,0.99888283,0.00038191388
0.8648155167780368,0.99982595,0.00038208708
0.8649655766839714,1.0005491,0.0003822625
0.8650106329946299,1.0002677,0.0003821919
0.8659910097004734,0.9997219,0.00038211021
0.8662043235481748,1.0001526,0.00038213306
0.8663544202358935,1.000517,0.00038234208
0.8663994351095213,1.0004523,0.00038212346
0.867379829508672,0.99916124,0.00038192872
0.8675931303187654,0.99994993,0.000382091
0.8677432637878155,1.0006582,0.000382427
0.867788237222591,1.00059,0.00038227226
0.8687686497834427,0.9989402,0.00038201522
0.8689819370893589,1.0002364,0.00038218114
0.8691321073401923,1.0010245,0.0003824316
0.8691770388699994,1.0008425,0.00038225006
0.8701574695920941,0.99950653,0.00038205308
0.8703707438599523,1.0005262,0.0003822679
0.8705209508907501,0.99996245,0.0003822877
0.8705658409835219,1.0007695,0.0003822314
0.8715462894012035,0.9997244,0.00038209165
0.8717595506300876,0.99993294,0.00038215742
0.8719097944413079,1.0006407,0.0003822452
0.871954643097047,1.0004227,0.00038224043
0.8729351092107657,0.9990328,0.00038195855
0.8731483574002256,0.99945915,0.00038210113
0.8732986379936847,1.0001734,0.0003822241
0.8733434452110247,1.0006193,0.0003822174
0.8743239290203279,0.99981475,0.00038215538
0.8745371641708162,0.9998757,0.00038220984
0.8746874815460615,1.0001602,0.0003823012
0.874732246859344,1.0004203,0.0003821483
0.8757127492950986,0.99937886,0.00038209886
0.8759259709414097,0.9995141,0.0003821126
0.8760763246323222,0.99949807,0.00038230195
0.8761210489733245,1.0003927,0.00038224034
0.8771015691037526,0.999556,0.00038212736
0.8773147777115476,1.000604,0.0003822475
0.8774651681842442,1.000572,0.00038239363
0.8775098510873024,1.000448,0.00038227063
0.8784903889119512,1.0003104,0.0003821772
0.8787035844812302,0.9999081,0.00038216144
0.878854011736621,0.99981344,0.00038227421
0.8788986532003721,0.99974936,0.0003820728
0.8798792087201498,0.99943966,0.00038202904
0.8800923912513682,0.9999438,0.00038219252
0.8802428552880883,1.0005102,0.00038231243
0.8802874553143499,1.0003515,0.00038220224
0.8812680285288038,0.9993677,0.00038208472
0.8814811980228671,1.0005292,0.00038224546
0.8816316988395556,1.0004189,0.0003823296
0.8816762569626692,1.0003291,0.0003822435
0.8826568483379106,0.9991221,0.00038201883
0.882870004793005,1.0003186,0.00038219107
0.8830205419258164,1.0007229,0.00038236103
0.8830650590761943,1.0007081,0.0003821733
0.8840456681474728,1.0005096,0.00038224377
0.8842588110979371,1.0002521,0.00038218228
0.8844093854777384,1.0001231,0.00038225055
0.8844538611897194,0.99994427,0.00038207564
0.8854344879570376,0.99999845,0.0003821723
0.8856476178680751,0.99947476,0.00038209977
0.8857982290301152,0.99956316,0.000382167
0.885842663302789,0.9999851,0.00038216249
0.8868233077661444,0.9994855,0.00038212372
0.8870364246386658,0.9997931,0.00038217352
0.8871870721163759,1.000416,0.00038235207
0.8872314649501974,1.0000774,0.00038214133
0.8882121275752511,0.9992429,0.00038213725
0.8884252314092566,1.0006442,0.00038229246
0.888575915668298,0.9998544,0.00038221476
0.8886202670650835,0.99986917,0.00038214886
0.8896009473839052,0.999882,0.00038213158
0.8898140381789391,0.99978447,0.00038213586
0.8899647592197653,1.000159,0.00038227421
0.890009069179064,0.99993044,0.00038219473
0.8909897671921038,1.0002208,0.0003822461
0.8912028449486217,1.0005586,0.00038225477
0.8913536023055713,0.9995473,0.00038222675
0.8913978712930445,1.0006771,0.00038218743
0.8923785870003024,0.9995162,0.0003821386
0.8925916517192151,1.0003562,0.00038231362
0.892742445857948,1.0005091,0.0003822862
0.892786672941361,1.0003234,0.00038213914
0.8937674068089564,0.99912316,0.00038204435
0.8939804584907166,1.0001984,0.00038214016
0.8941312889442088,1.000562,0.0003824456
0.8941754750548861,1.0001178,0.00038221132
0.8951562266180658,0.9999534,0.00038220958
0.8953692652608546,1.0003257,0.00038220113
0.8955201324961308,0.99995756,0.00038221222
0.8955642771684086,1.0007443,0.00038230937
0.8965450459619667,0.9990758,0.00038216784
0.8967580720309899,1.0003691,0.00038217823
0.8969089760485076,1.0000974,0.00038235504
0.8969530792814783,1.000346,0.00038217893
0.8979338657715289,1.000051,0.00038220946
0.8981468788015833,1.0003146,0.00038219392
0.8982978191352231,0.9992575,0.00038212736
0.8983418809293421,1.000643,0.0003822062
0.8993226855806383,0.9999938,0.00038217605
0.8995356855721767,1.0004292,0.00038218024
0.8996866626862356,1.0001926,0.0003822816
0.899730683043778,1.0002311,0.00038214008
0.9007115053892897,0.99930745,0.00038211056
0.9009244918761979,1.0012689,0.0003823256
0.9010755057720417,1.0002794,0.00038235734
0.9011194851582113,1.0004947,0.0003821901
0.9021003251983991,0.99980944,0.00038218912
0.9023132986458805,0.99991137,0.00038214566
0.9024643493239637,1.0001338,0.00038220958
0.9025082868060724,1.0006202,0.00038225524
0.9034891445409364,0.9996842,0.00038215026
0.9037021054169266,1.0004532,0.00038218216
0.9038531924097697,0.9994079,0.0003821547
0.9038970889200529,1.000349,0.00038226912
0.904877964349135,1.0000309,0.00038219578
0.9050909121879728,1.0001174,0.0003821662
0.905242035961237,1.0002735,0.0003822901
0.9052858910331226,1.0007466,0.00038216505
0.9062667841577864,1.0000362,0.00038217238
0.9064797189585662,0.9999809,0.00038210538
0.9066308790479525,1.0004194,0.00038230835
0.9066746931461923,1.0003879,0.0003822137
0.9076556035021454,0.99936795,0.00038223332
0.9078685257287015,0.99966913,0.0003821006
0.9080197225998745,1.0001876,0.00038223888
0.9080634947945115,1.0006436,0.00038225044
0.9090444233112521,1.000405,0.00038222174
0.9092573324988394,1.0006102,0.00038221906
0.9094085656861353,1.0000138,0.00038228102
0.909452296908034,1.000251,0.0003821904
0.9104332431203589,0.99916905,0.0003820517
0.9106461388037689,1.000088,0.00038211214
0.9107974087719413,0.9998216,0.00038219558
0.9108410990224672,0.9997771,0.000382152
0.911822062463807,0.99982643,0.00038216411
0.9120349455734514,0.9999638,0.00038214965
0.9121862523234086,1.0000815,0.0003822706
0.9122299006712419,0.9998826,0.0003820885
0.913210882272461,1.0001063,0.00038227945
0.913423752343134,1.0005819,0.00038223626
0.913575095410124,0.999568,0.00038219622
0.9136187027852197,1.0008929,0.0003822622
0.9145997020811151,1.0000218,0.00038227654
0.9148125591141828,1.0000049,0.00038207407
0.9149639384963848,0.99997836,0.00038221668
0.9150075048982894,1.0001607,0.00038208065
0.9159885214236524,0.9995849,0.00038218682
0.9162013658852289,0.9999452,0.00038217544
0.9163527820483068,1.0000229,0.000382263
0.9163963065456978,1.0005345,0.00038218012
0.917377341231851,0.9998655,0.00038220204
0.9175901726558197,1.0003438,0.00038216342
0.9177416251350223,0.99970794,0.00038216356
0.9177851086592229,0.9999625,0.00038214592
0.9187661605762046,1.0000507,0.0003822372
0.9189789789602963,0.99993026,0.00038213853
0.9191304682217378,1.0000297,0.00038222657
0.9191739107732008,0.9997378,0.00038206702
0.9201549803857695,0.9999185,0.00038214982
0.9203677857308897,1.0005231,0.0003821926
0.9205193117727504,1.0003171,0.00038228865
0.9205627128871813,1.000835,0.00038221804
0.9215437997287622,0.9996304,0.00038215687
0.9217565925005723,1.0008675,0.00038224875
0.9219081548585564,0.99993944,0.0003823175
0.9219515145355005,1.0004051,0.00038224363
0.922932619537869,0.9996936,0.00038228996
0.9231453992702549,1.0002012,0.00038213583
0.9232969979448171,1.0002306,0.00038230603
0.9233403166503865,1.0002407,0.00038227226
0.9243214388813145,0.9984736,0.00038202948
0.9245342055747315,0.9995838,0.00038212928
0.9246858410315326,1.00013,0.00038229494
0.9247291187634562,1.0005484,0.00038220733
0.9257102586899685,0.99912715,0.0003820687
0.9259230123462304,0.99967533,0.00038214453
0.9260746845839094,1.0006365,0.00038234127
0.9261179204108646,1.0001116,0.00038209785
0.9270990780329612,0.9995048,0.0003821097
0.9273118191168238,0.99959904,0.00038210678
0.9274635276697154,1.0001373,0.00038223757
0.9275067225243897,1.0001526,0.00038213795
0.9284878973754985,0.99924123,0.00038209147
0.9287006258874172,0.9997362,0.00038210923
0.9288523707564309,1.0000777,0.0003822237
0.9288955246379148,1.0006322,0.0003822005
0.929876717184608,0.99978685,0.0003822213
0.9300894326580079,1.0007882,0.00038223586
0.9302412138422369,0.9997965,0.00038217116
0.930284326286234,1.0002849,0.00038217523
0.9312655365285089,0.9987709,0.00038206775
0.9314782389624846,0.9996084,0.00038209234
0.9316300569280429,0.9999199,0.00038224898
0.9316731284002119,1.0002047,0.000382178
0.9326543563371602,0.99987125,0.00038223265
0.9328670457321672,1.0006936,0.00038227678
0.9330189000147584,1.0001563,0.00038228408
0.9330619300485284,1.0003104,0.0003821203
0.9340431756806084,0.9997098,0.00038221397
0.9342558525018497,1.0006628,0.00038226414
0.9344077431005644,1.0002639,0.0003823346
0.9344507321620535,1.0010977,0.0003823251
0.9354319950240565,0.9991366,0.0003821192
0.935644659271985,1.0005804,0.00038217282
0.9357965866529412,0.99925506,0.0003821069
0.9358395342755786,1.0002937,0.00038208283
0.936820814367502,0.99938697,0.0003821882
0.9370334655769171,0.9991983,0.00038207913
0.9371854297396567,0.9999671,0.00038218088
0.9372283359238979,0.9998354,0.0003821261
0.938209634176156,0.9995948,0.000382099
0.9384222723484187,1.000086,0.00038220838
0.9385742728254627,0.9992743,0.00038210113
0.9386171380378757,1.0008229,0.00038226624
0.9395984535191461,0.9994342,0.00038211985
0.9398110791190094,1.0002998,0.00038219275
0.9399631159103592,1.0001073,0.00038226845
0.9400059401514008,1.0005257,0.00038218097
0.9409872728616834,1.0004201,0.00038232416
0.9411998854239415,1.0001806,0.00038218423
0.9413519589961652,1.0003757,0.00038237122
0.941394741799262,0.9998882,0.00038216644
0.9423760922051315,0.9995958,0.00038211854
0.9425886921945349,1.0005147,0.00038221615
0.9427408020824259,1.000594,0.0003823529
0.9427835439132425,1.0006008,0.00038222078
0.9437649120146937,0.9992497,0.00038218015
0.9439774989642175,1.0003741,0.0003823247
0.9441296451686867,1.0014255,0.0003824455
0.9441723460263122,1.000304,0.0003821458
0.9451537313576864,0.9997497,0.00038214694
0.9453663052682387,0.9996831,0.00038208172
0.9455184882554022,1.0012422,0.00038248778
0.9455611476746314,0.99992424,0.00038217864
0.9465425507011319,1.000188,0.00038222622
0.946755112038374,1.0006044,0.00038225838
0.9469073313421177,1.0003967,0.00038230128
0.9469499497890647,0.9995609,0.0003820037
0.9479313700445801,1.0003558,0.00038228635
0.948143918808512,1.0002165,0.0003821933
0.9482961744279237,1.0000317,0.0003822223
0.9483387514369258,1.0004668,0.00038221187
0.9493201893875728,0.9984088,0.00038195733
0.9495327251143523,0.99991405,0.00038224118
0.9496850175137297,0.99952906,0.00038211836
0.9497275535509063,1.0003337,0.0003821953
0.9507090087305655,1.0004203,0.00038235742
0.9509215318849457,1.0003972,0.00038219456
0.9510738605995357,1.0004282,0.00038228993
0.9511163556648868,0.9994138,0.00038209654
0.9520978280731028,1.0000479,0.00038222686
0.9523103386555364,1.0005163,0.00038223146
0.9524627032205899,0.99979526,0.00038223158
0.952505157312748,0.9998553,0.0003821711
0.9534866474165483,0.99891305,0.0003820158
0.9536991449604658,1.0001909,0.00038215084
0.9538515463068507,0.99961126,0.00038215454
0.9538939594258177,1.0000573,0.00038212843
0.9548754667609046,0.9997087,0.00038214427
0.9550879517301484,0.9999297,0.0003821714
0.9552403893931114,0.99914986,0.00038213286
0.9552827610732261,1.0003504,0.0003821951
0.9562642861038974,1.000071,0.00038219197
0.9564767584998309,1.0004737,0.00038226854
0.9566292324798269,1.000157,0.0003822386
0.9566715631876593,1.0004095,0.00038216193
0.9576531054468901,0.9996009,0.00038219718
0.957865564804763,0.99951994,0.00038203195
0.9580180755665424,1.0006858,0.00038232733
0.9580603653020953,0.9998597,0.00038213795
0.9590419247903356,0.9993998,0.00038208647
0.959254371574901,1.0008138,0.00038225987
0.9594069186518936,0.9996666,0.00038223073
0.9594491669499591,1.0000275,0.0003821291
0.960430744133781,1.0001636,0.00038227413
0.9606431783459471,1.0008659,0.00038231834
0.9607957612720384,0.99974024,0.00038220308
0.9608379690639369,0.9998017,0.00038208513
0.9618195634767738,1.0000509,0.00038228
0.962031984651332,0.99976623,0.00038207264
0.9621846043582991,1.0002086,0.00038225923
0.9622267707113453,0.9999773,0.00038210975
0.9632083828197665,0.9994378,0.00038206414
0.96342079142147,1.0004352,0.00038219496
0.9635734474450146,1.0006086,0.0003823758
0.963615572824415,1.0003914,0.00038220407
0.9645972021632147,0.999678,0.00038220882
0.9648095977254912,1.0008347,0.0003822686
0.9649622905317301,1.0002581,0.00038225082
0.9650043749383929,0.99939364,0.00038206478
0.9659860215066601,1.0003984,0.0003822218
0.9661984044951738,1.0002853,0.00038214517
0.9663511331523296,0.9996862,0.0003821834
0.9663931765867121,1.0004443,0.00038220407
0.9673748408496529,0.999753,0.00038213716
0.9675872112657672,1.0000142,0.00038210745
0.9677399762385903,1.0004468,0.00038233394
0.9677819787006926,1.0001724,0.00038212558
0.9687636597269816,0.9995295,0.0003821538
0.9689760175706966,1.0009152,0.00038225838
0.9691288193253058,1.000066,0.0003822595
0.9691707803499173,1.0002986,0.0003821963
0.9701524790704298,0.9994143,0.00038212602
0.9703648243408346,1.0005122,0.00038217634
0.9705176624111118,1.000252,0.00038224802
0.9705595824634424,0.99955225,0.00038204365
0.9715412984138779,0.99981475,0.0003822792
0.9717536306462194,1.0004004,0.00038220454
0.9719065050312565,0.9997962,0.00038224657
0.9719483841108508,1.0001789,0.00038216464
0.9729301177573234,0.99981207,0.00038216606
0.973142437417721,0.999498,0.00038209604
0.9732953481166078,1.0001602,0.00038226182
0.9733371862239205,1.0006781,0.00038225524
0.9743189366346549,0.9995304,0.0003821422
0.974531244187859,0.99946445,0.00038205762
0.9746841912024138,1.0001166,0.0003822043
0.9747259878717843,0.99988675,0.00038206673
0.9757077559785557,0.9994993,0.0003822635
0.9759200504918802,1.0003673,0.0003822089
0.9760730338230132,1.0001351,0.00038224
0.9761147899857648,1.000375,0.00038218516
0.9770965753220039,0.9995838,0.0003821313
0.9773088572615628,1.0001723,0.00038221013
0.9774618769097287,1.0002873,0.00038229604
0.9775035920997427,0.99995506,0.00038208856
0.9784853946645412,0.9998901,0.0003821561
0.9786976635660368,0.99995965,0.00038207258
0.978850719530783,1.0001715,0.0003823335
0.9788923937476065,1.0000185,0.00038215326
0.97987421354187,0.9993545,0.00038210495
0.9800864703366302,0.9996909,0.00038209488
0.9802395626161342,0.9997996,0.0003821822
0.9812630328848627,0.99968314,0.00038213667
0.9814752766415623,1.0004054,0.00038220448
0.9816284052362789,1.0000906,0.00038225664
0.9826518522283082,1.0000098,0.00038220224
0.9828640834116976,1.0008429,0.00038227986
0.9830172483225397,1.0000455,0.0003822867
0.984040671106095,0.99845505,0.00038193967
0.9842528897170825,1.0007478,0.00038226414
0.9844060914092552,1.0004565,0.00038235294
0.9854294904490878,0.9997242,0.0003821451
0.9856416964881313,1.0003058,0.00038222026
0.9857949340303094,1.0000864,0.00038230993
0.986818309326872,0.9999827,0.00038219837
0.987030502792608,1.0008467,0.00038235757
0.9871837771161154,1.0004282,0.00038233952
0.9882071286707729,0.9997931,0.00038224552
0.9884193095622905,1.0003325,0.0003821842
0.9885726197371696,0.99948645,0.0003821982
0.9895959475485597,0.99912447,0.0003820553
0.9898081158667645,1.0002257,0.00038221685
0.9899614623573143,0.99961984,0.00038211799
0.990984766891097,0.99937,0.00038213926
0.9911969226369025,0.99990666,0.00038211752
0.9913503054431203,0.9992055,0.0003820932
0.9923735857684285,1.0001314,0.00038223108
0.992585728941832,0.9997517,0.00038219086
0.9927391480641745,1.0000093,0.00038218507
0.9937624051114212,0.9999025,0.0003822411
0.9939745357124253,0.99999684,0.0003822094
0.9941279911499805,1.0005456,0.00038233367
0.9951512239892054,0.9998645,0.0003822694
0.9953633420173574,1.000379,0.0003822425
0.9955168337710347,1.0004,0.00038240562
0.9965400433326509,0.99924976,0.00038205113
0.9967521487888563,0.9996511,0.00038216685
0.9969056763920889,0.9999388,0.0003822903
0.9979288622099823,1.0003464,0.0003822993
0.9981409550928776,1.0005068,0.00038228717
0.9982945194783497,1.0002961,0.0003823096
0.9993176815538859,0.99974597,0.00038214712
0.9995297618625602,1.0007195,0.00038219613
0.9996833620984944,1.0002893,0.00038238434
1.0007065004321254,0.99913454,0.00038208
1.0009185681670367,1.0000304,0.00038221723
1.0010722051838457,0.9999527,0.00038226467
1.0020953193090014,0.99973214,0.00038210125
1.0023073749371747,1.0004187,0.00038236033
1.0024610478048999,1.0005957,0.00038227104
1.0034841386515387,0.99937,0.00038216222
1.0036961812421068,1.0006855,0.00038226764
1.003849890425954,0.99981403,0.0003821946
1.004872957529323,1.0000532,0.0003821951
1.0050849880126975,1.0003605,0.00038225972
1.0052387330465535,1.0000905,0.00038228778
1.0062617764066544,0.99970067,0.00038219104
1.0064737943180824,1.0005213,0.00038220824
1.0066275761323595,1.0004576,0.00038234217
1.0076505952844412,0.9998975,0.00038226246
1.007862600622559,1.0004272,0.00038232296
1.0080164187520495,1.0006555,0.00038243868
1.0090394146278867,0.9999414,0.00038222424
1.0092514073922416,1.00006,0.0003821725
1.0094052613721942,1.0004115,0.00038235355
1.010428233505671,0.9994929,0.00038213513
1.0106402136971737,1.0002147,0.00038222992
1.010794103992339,0.99977607,0.0003822156
1.0118170523843686,0.9997056,0.0003821869
1.0120290204677644,0.9997068,0.000382161
1.0121829470790544,0.99977726,0.00038223655
1.0132058712616974,1.000271,0.00038229715
1.0134178267722411,1.0002905,0.0003822067
1.0135717897001086,0.9995561,0.00038216708
1.0145946901385734,0.99945706,0.00038208184
1.0148066330767151,1.0002501,0.00038227308
1.0149606323202534,1.0001456,0.00038232122
1.0159835094811107,0.9998235,0.00038214427
1.0161954398473085,1.0000353,0.00038220696
1.0163494749413076,1.0001239,0.0003822511
1.0173723283584422,0.99934363,0.00038213964
1.0175842461526934,1.0000575,0.00038216924
1.0177383175623618,0.9998801,0.00038222992
1.0187611472362263,0.9995611,0.00038219732
1.0189730529228314,0.99994445,0.00038208268
1.0191271601829612,0.99984485,0.0003822979
1.0201499661140132,1.000187,0.00038222133
1.0203618592268526,0.99992126,0.00038216513
1.0205160032687672,1.000011,0.00038223586
1.0215387849918,1.000188,0.00038221633
1.021750665531782,1.00063,0.00038228993
1.0219048458884572,1.0001636,0.00038229482
1.0229276038704924,1.00016,0.00038227966
1.0231394723023755,1.0002742,0.00038218097
1.0232936885095114,1.0006008,0.00038240544
1.0243164227482793,0.9997816,0.00038218687
1.0245282786073076,1.0002729,0.0003821909
1.0246825311305656,1.0000288,0.00038230335
1.0257052416256107,1.0001764,0.00038229188
1.0259170849117816,1.001665,0.0003825266
1.026071373751165,1.0005486,0.00038237977
1.0270940605024867,0.99970675,0.00038219837
1.0273058916819195,1.0005956,0.00038230032
1.0274602163717645,1.000054,0.000382274
1.0284828793793628,0.99953777,0.00038214057
1.028694697986849,1.0003382,0.00038229223
1.0288490589928188,1.0006704,0.0003823473
1.0298716982566942,0.9997208,0.00038207092
1.030083504291781,1.0005462,0.0003822524
1.0302379016129635,0.99984956,0.00038226403
1.0312605171344784,1.0001928,0.0003822005
1.031472311061919,1.0005335,0.00038226173
1.0316267442331082,1.0005907,0.00038236493
1.0326493360122626,0.9996609,0.0003821126
1.0328611173663957,1.0006193,0.0003822274
1.0330155868537076,1.0001417,0.00038229502
1.0340381548900495,0.99986374,0.00038219348
1.0342499236713252,0.99994475,0.00038210567
1.034404429474307,1.0003272,0.0003823392
1.0354269737687445,0.99982595,0.00038215995
1.035638730441916,1.0001614,0.00038218804
1.0357932720953613,0.999753,0.0003822757
1.036815792646076,0.99966794,0.00038215012
1.0370275367463926,0.99972254,0.0003821806
1.0371821147159608,1.0002407,0.0003823128
1.0382046110581988,0.9991271,0.000382059
1.0384163430513247,1.000448,0.00038219115
1.038570956870899,1.000767,0.00038235486
1.0395934299350749,0.9999598,0.00038216793
1.0398051498210072,1.0000927,0.0003821388
1.039959799490589,1.0003906,0.00038235422
1.040982248811951,0.99970067,0.00038218967
1.041193956125484,0.9994273,0.00038210032
1.0413486421102789,0.9998297,0.00038224104
1.0423710676892823,0.9996765,0.00038213076
1.0425827624313215,1.0006479,0.0003822522
1.0427374847304236,0.99926215,0.00038217305
1.0437598865670692,1.0000908,0.0003821831
1.0439715692014595,1.0004337,0.00038218228
1.0441263273514778,1.0001521,0.0003823657
1.0451487049796475,1.000598,0.000382325
1.0453603755059362,1.0000327,0.0003822328
1.045515169972532,1.0002823,0.00038241048
1.0465375238578871,0.99952567,0.0003821363
1.0467491818108683,1.000597,0.00038222896
1.0469040125931315,1.000535,0.00038230233
1.047926342735674,0.9997922,0.00038218652
1.0481379881157977,1.0002952,0.00038223187
1.0482928547480697,1.0001143,0.00038227864
1.0493151611473415,0.999677,0.00038225116
1.0495267948859357,1.0005335,0.0003821927
1.0496816973682144,0.9999719,0.0003822284
1.050703980024673,1.0000787,0.00038221123
1.050915601189957,0.99977285,0.000382091
1.051070539988359,1.0008419,0.00038238463
1.052092798901549,0.9993093,0.00038207852
1.052304407494431,0.99987227,0.0003822058
1.0524593826094133,0.9995028,0.00038215352
1.0534816173127637,0.9997526,0.0003821391
1.053693213800274,1.0000826,0.00038217744
1.0538482247643515,0.99959356,0.00038224034
1.0548704361905479,0.9994151,0.00038215684
1.0550820205704092,1.0007659,0.00038223193
1.055237067384951,1.0002539,0.00038227087
1.0562592550692456,1.0002298,0.0003822501
1.0564708268753413,1.0001261,0.00038217386
1.0566259100060051,1.0004671,0.0003823424
1.0576480734813685,0.99999243,0.00038220032
1.0578596331798154,0.9997013,0.00038210524
1.0580147521609433,1.0005387,0.00038237686
1.0590368923591527,0.9994153,0.00038215294
1.0592484394847475,1.0000288,0.0003821341
1.059403594781088,1.0007414,0.00038236458
1.0604257107712782,1.000289,0.0003821968
1.0606372457896796,1.0009675,0.00038229531
1.0607924374012327,1.0000377,0.0003822361
1.0618145296486097,0.99981135,0.00038218597
1.062026052559362,1.0003833,0.000382231
1.062181279556171,0.9998756,0.00038221027
1.0632033480598244,1.000058,0.00038221825
1.0634148588638361,0.9999579,0.00038214243
1.0635701221772251,1.0012118,0.00038249607
1.0645921669367004,0.9999848,0.00038222046
1.064803665169221,1.0001631,0.00038222063
1.0649589647978246,0.9999583,0.00038228845
1.0659809853483706,0.9989373,0.00038200832
1.066192471474153,1.0000898,0.000382182
1.0663478069527628,1.0004512,0.0003823553
1.067369804227063,1.00006,0.00038229622
1.0675812777786298,0.999818,0.00038216
1.067736649573817,1.000519,0.00038236752
1.0687586226391885,0.9998304,0.0003822588
1.0689700845487677,0.99983025,0.00038216685
1.06912549172921,1.0001907,0.00038229307
1.070147441051314,0.9996929,0.00038215413
1.0703588908536972,1.0015596,0.00038237436
1.0705143343488999,1.0005355,0.00038239278
1.0715362599290983,0.9996778,0.0003821758
1.0717476971586266,1.0001143,0.00038220652
1.0719031765033833,0.9996905,0.0003822988
1.0729250783412212,0.9996769,0.0003821662
1.0731365034626479,1.0002984,0.00038222686
1.073292019123528,0.99909604,0.00038206048
1.0743138967528914,0.9992764,0.00038207351
1.07452530976758,1.0003552,0.00038229523
1.0746808612780114,1.0001272,0.00038234977
1.0757027156297674,0.9993832,0.00038215617
1.075914116072512,0.99960166,0.00038212733
1.076069703898611,1.0006478,0.00038226903
1.0770915340409821,0.99931145,0.0003821277
1.0773029223774415,1.0003792,0.00038219977
1.0774585460540038,0.9997168,0.00038224726
1.0784803524526523,1.000135,0.0003821765
1.0786917291480322,1.0002972,0.0003822154
1.0788473886746033,1.000267,0.00038240358
1.079869170865686,0.99953955,0.000382235
1.080080535452509,1.0000253,0.00038222564
1.0802362308290867,1.0006195,0.0003823405
1.0812579897434702,0.9997735,0.00038217125
1.0814693417569856,1.000699,0.00038231685
1.0816250734492314,0.999446,0.00038223658
1.0826468081555958,0.99936295,0.00038212695
1.0828581480610069,1.0000665,0.0003822113
1.0830139156041696,0.9997992,0.0003822349
1.0840356265677213,0.9996357,0.00038212992
1.0842469543650282,1.0002314,0.00038223792
1.0844027577595625,0.99977124,0.0003822412
1.0854244449793888,1.0001528,0.00038225346
1.0856357606699603,1.0002292,0.00038215268
1.085791600380162,0.9997603,0.00038226045
1.086813263391059,0.99964994,0.00038216411
1.087024566975345,1.0006741,0.00038231138
1.0871804425351002,0.99977666,0.0003822993
1.088202082267935,1.0003073,0.0003822782
1.08841337328073,1.0000434,0.00038215303
1.0885692851561544,1.0005509,0.0003823158
1.0895909006796052,1.0002619,0.00038226493
1.089802179585662,1.000281,0.00038228882
1.0899581273106378,0.99991196,0.00038226607
1.0909797190921835,0.9998098,0.0003822032
1.0911909863562528,1.0000273,0.00038217942
1.0913469694651212,0.9996426,0.0003822124
1.0923685375047618,1.000136,0.0003822722
1.0925797926607295,1.0001526,0.00038228033
1.0927358120857207,0.99965096,0.00038226054
1.093757355916432,0.9996026,0.00038212695
1.0939685989647507,0.99943405,0.00038208847
1.0941246542406589,0.9998225,0.00038221502
1.0951461743285549,0.9996878,0.00038211874
1.095357405268772,1.0001857,0.00038222072
1.0955134963960518,1.000253,0.00038230175
1.0965349927406804,0.99969995,0.00038216249
1.096746211573246,0.9998787,0.0003821689
1.0969023385514447,1.0003508,0.00038237384
1.0979238111523506,1.0007491,0.00038227634
1.098135017879089,1.000436,0.0003822313
1.0982911811715894,1.0003562,0.00038228792
1.0993126295640208,0.9996986,0.0003822124
1.0995238241840184,1.0000124,0.00038217675
1.0996800233260728,0.99998224,0.00038224348
1.1007014479752355,0.9989436,0.00038201179
1.1009126304889478,0.9999755,0.00038215728
1.1010688654805563,0.99991167,0.0003822485
1.1020902663873584,1.0002015,0.00038222852
1.10230143679388,1.0012258,0.0003823285
1.1024577076359492,1.0005693,0.00038237328
1.1034790847999367,1.0001043,0.00038224057
1.1036902430983566,0.9998763,0.00038212107
1.1038465497913421,0.9999204,0.00038234078
1.1048679032120623,0.9996663,0.0003822157
1.1050790494023779,1.0005379,0.00038226487
1.1052353924114868,1.0009396,0.00038245466
1.1062567211580712,0.99941564,0.00038212095
1.1064678557063992,1.0004164,0.00038224913
1.1066242345659703,1.0005122,0.0003823436
1.107645539570194,0.99970967,0.00038219136
1.1078566620113286,1.0002317,0.00038224002
1.1080130767204537,1.0004194,0.00038235512
1.109034357982317,0.9999005,0.0003821278
1.1092454683167134,0.9999079,0.00038218632
1.109401918874937,1.001096,0.0003824135
1.1104231763939871,1.0002147,0.00038226193
1.110634274622101,0.99961376,0.00038206275
1.1107907610294205,0.99998295,0.00038226793
1.1118119948056573,1.0003754,0.0003822888
1.1120230809265776,1.0010611,0.00038231054
1.1121796031848135,0.9999327,0.00038226563
1.1132008132177829,0.99995553,0.000382224
1.113411887231507,1.0000844,0.00038216513
1.1135684453397516,0.99904644,0.0003821631
1.1145896311642445,0.9997946,0.00038220355
1.1148006935355284,1.0004157,0.0003823138
1.1149572874946898,0.9992902,0.00038214112
1.1159784495759146,1.0003123,0.00038231723
1.1161894998395496,1.0005027,0.00038223437
1.1163461296500827,0.99994993,0.00038223335
1.1173672679875821,0.999453,0.0003821423
1.117578306144479,1.0006694,0.00038227945
1.1177349718054757,1.0001837,0.00038227747
1.1187560863997077,0.99969655,0.00038220634
1.1189671124489557,1.0000427,0.0003821391
1.1191238139595043,0.99929136,0.00038216152
1.120144904346172,0.99955636,0.00038218623
1.1203559187543433,1.0011114,0.0003823259
1.1205126561139878,1.0005184,0.0003823716
1.1215337227578395,0.99932534,0.0003821313
1.121744725059728,1.0008695,0.00038231956
1.121901498268926,0.9990864,0.00038209776
1.122922541169965,0.9996233,0.00038217293
1.1231335313642021,1.000524,0.00038234013
1.1232903404243189,0.9999797,0.0003822855
1.124311359116882,0.9994011,0.00038213455
1.1245223376691342,1.0001796,0.00038224575
1.124679182579257,1.0002975,0.00038233763
1.1257001775290076,0.99896324,0.0003820972
1.1259111439731555,1.0002376,0.00038222544
1.1260680247341952,0.9998937,0.0003822815
1.127088995474561,0.9992277,0.00038208888
1.1272999502771768,1.0003603,0.0003822236
1.1274568668895881,0.9998719,0.00038225175
1.1284778138862286,0.9991866,0.00038209304
1.1286887565821089,1.0004067,0.00038221705
1.128845709044981,0.9996496,0.00038227052
1.1298666318322375,0.99887884,0.00038207628
1.1300775628870383,1.0008467,0.00038228524
1.1302345511990097,1.0002927,0.00038225565
1.1312554502443604,0.99944025,0.0003820368
1.131466369191515,1.0006241,0.00038221592
1.1316233933534932,0.99925315,0.00038219124
1.1326442681908246,0.99974024,0.00038215617
1.1328551750312386,1.0006263,0.00038232177
1.1330122355084313,1.0004951,0.00038237116
1.1340330866024948,1.0006328,0.00038232858
1.1342439813366234,1.0004108,0.00038220407
1.134401077198163,1.0001155,0.0003822222
1.1354219045485037,0.9990345,0.00038209453
1.1356327876411,1.000146,0.00038224913
1.1357899193535559,0.99998784,0.00038229235
1.1368107229615347,1.0000213,0.00038225914
1.1370215939451214,1.0006602,0.00038226883
1.137178761508494,1.0006399,0.00038234697
1.1381995409075436,0.9997037,0.0003821064
1.1384104002491426,1.0002918,0.00038219363
1.1385676036634322,1.0010116,0.0003824839
1.1395883593187583,0.999215,0.00038215044
1.139799206554072,0.99992496,0.00038222075
1.1399564458170062,0.9995537,0.00038216417
1.1409771772652226,0.99957734,0.00038210183
1.1411880128590042,1.0005676,0.00038224433
1.1413452875053736,0.9992897,0.00038211196
1.1423659952112315,0.99975777,0.00038222855
1.1425768191634809,1.0004901,0.00038226234
1.1427341296603117,1.0001217,0.0003822782
1.1437548136233544,0.9998384,0.00038230946
1.1439656254688657,1.0004684,0.0003822151
1.1441229718157047,0.9989974,0.0003821744
1.145143631569816,0.9997156,0.00038221976
1.1453544313090447,1.0000364,0.00038216362
1.1455118139706428,1.0004028,0.0003823234
1.146532449515825,0.99997115,0.0003821016
1.146743237613066,0.999545,0.00038210303
1.1469006556599197,0.99982387,0.0003822211
1.1479212679284059,0.9999833,0.00038214613
1.1481320439170872,0.99999356,0.00038223757
1.1482894978153126,1.0004059,0.0003822438
1.1493100858748675,1.0001317,0.00038222168
1.149520850221564,1.0007541,0.00038229013
1.149678339969796,1.0004164,0.00038228737
1.150698903820421,0.9991616,0.0003821508
1.1509096565260406,0.9997445,0.0003821104
1.1510671816586182,0.9995233,0.00038223327
1.152087722232091,0.99957156,0.00038219936
1.15229846283097,1.0005455,0.00038223306
1.1524560238135564,1.0004225,0.00038241316
1.1534765401780973,0.99919266,0.00038205687
1.1536872686702382,0.99994814,0.00038221758
1.1538448659684946,0.99982154,0.00038227017
1.1548653581245616,0.9999091,0.00038222194
1.1550760749751703,0.9996992,0.00038208417
1.1552337076582262,1.0007379,0.00038246159
1.1562541760710259,1.00003,0.00038222992
1.1564648812810105,1.000634,0.00038231007
1.1566225498136191,1.0003136,0.00038227387
1.1576429940174875,1.0001774,0.00038225407
1.1578536875850318,1.0006193,0.00038228015
1.1580113919681025,1.0000674,0.0003823059
1.159031811963949,0.99983466,0.00038225323
1.159242493889053,1.000951,0.00038229642
1.1594002336569247,0.99961585,0.00038214965
1.1604206303769855,0.99973917,0.00038215195
1.1606313001939825,1.0006167,0.0003822594
1.160789075811408,0.9998087,0.00038220623
1.161809448322539,0.9997502,0.0003821917
1.162020106032798,1.0005829,0.00038224793
1.1621779175011397,1.000114,0.00038234476
1.1631982662680924,0.99973845,0.0003821745
1.1634089123372746,1.000231,0.00038218783
1.1635667596565327,1.0004778,0.0003823431
1.1645870842140986,1.0003383,0.00038228233
1.1647977186422067,0.9993366,0.0003820995
1.1649556013453548,0.9998784,0.00038229104
1.1659759021601075,1.0002795,0.00038227168
1.1661865249475916,1.0001585,0.00038218996
1.1663444435007477,1.0002503,0.00038237052
1.167364720106569,0.9997405,0.0003821955
1.1675753307873151,0.99929327,0.00038204688
1.1677332851904794,1.0005141,0.00038233073
1.1687535380530334,1.0003467,0.00038230434
1.1689641370913364,1.0005318,0.0003822329
1.1691221273449628,0.9998306,0.00038223335
1.1701423559994977,1.0005747,0.00038235256
1.1703529433953577,0.99982154,0.00038208393
1.170510969033785,0.9996509,0.00038222055
1.1715311739468675,0.9997024,0.0003821458
1.1717417497002898,1.0000715,0.00038220282
1.1718998111882684,1.0004032,0.00038232998
1.1729199918928763,1.0000107,0.00038224526
1.1731305555391025,1.0006801,0.0003821934
1.1732886528770905,1.0001913,0.00038231956
1.1743088098388852,0.999985,0.00038219662
1.1745193618435792,1.0005997,0.00038225626
1.174677495031574,0.9996912,0.0003821834
1.1756976277844386,0.99914473,0.00038213492
1.1759081681485086,0.99993885,0.0003821585
1.1760663367213056,1.0011514,0.00038248723
1.1770864452647862,1.000002,0.0003822498
1.1772969744534407,1.0007254,0.00038230827
1.1774551784110372,0.9994587,0.00038214278
1.178475263210795,0.9994831,0.0003821835
1.1786857802927115,0.9999725,0.00038213955
1.1788440205655206,0.99964315,0.00038218687
1.1798640811572567,1.0002172,0.00038220274
1.1800745865971856,1.0004143,0.00038218498
1.1802328622543428,1.0007871,0.0003823813
1.1812528991037183,1.0001246,0.00038220873
1.1814633929016622,1.0006855,0.00038225125
1.181621703943165,0.99967533,0.0003822055
1.1826417170501826,1.0001982,0.00038221502
1.1828521992065917,1.000579,0.00038221906
1.1830105460985578,1.000284,0.00038231502
1.184030534997555,0.99916863,0.00038208027
1.1842410050458625,1.0012978,0.0003823889
1.1843993877882895,0.99998033,0.00038231214
1.1854193524779026,0.9995479,0.00038214453
1.1856298113503392,1.0003114,0.00038219182
1.1857882294771116,0.999452,0.00038213943
1.186808170423456,0.9991976,0.0003821244
1.1870186176548159,1.0000888,0.000382204
1.1871770716325045,1.0002927,0.0003823053
1.1881969883690096,0.9993882,0.00038208597
1.188407423494084,1.0003694,0.00038225265
1.1885659133222362,1.0004758,0.00038242392
1.1895858063150158,0.9999189,0.0003822546
1.1897962297990134,0.99987215,0.00038217116
1.1899547550110583,1.0000114,0.00038229578
1.1909746237958188,0.99980116,0.00038211848
1.1911850361034901,1.0001153,0.00038218533
1.1913435966998804,1.0000725,0.00038232683
1.192363441742283,0.99968153,0.00038216915
1.1925738419423055,1.0004232,0.00038227678
1.1927324388543639,0.9998704,0.00038226476
1.1937522596892,0.99930155,0.00038210393
1.1939626482472376,0.99969923,0.00038208303
1.1941212805440955,0.99990857,0.00038225236
1.1951410771704558,0.9997483,0.00038219994
1.195351454552167,1.000284,0.00038218885
1.1955101222338271,0.9995008,0.000382235
1.1955454732583122,1.00138,0.00038234133
1.19652989511692,0.9994495,0.00038218067
1.1967402603914352,1.0001137,0.00038215664
1.196898963923104,1.0001218,0.00038233452
1.1969342749125411,1.0002861,0.00038218708
1.197918712597265,1.0002568,0.00038230195
1.198129066695912,0.99948645,0.00038210145
1.198287805612381,1.0003539,0.0003823889
1.1983230765667727,0.99954855,0.00038204656
1.1993075305428185,0.9999197,0.0003821995
1.1995178730003886,1.0003188,0.0003822241
1.1996766477668643,1.000291,0.0003823174
1.199711878221457,0.99990714,0.0003820621
1.200696348488372,0.9991235,0.00038212244
1.2009066788396594,0.9996375,0.00038216822
1.2010654894556865,1.0005027,0.0003823295
1.2011006798752306,0.9998959,0.00038210672
1.2020851659687195,0.99958307,0.0003822017
1.2022954851445888,1.0000365,0.00038219322
1.202454331145418,1.0001093,0.00038224054
1.2024894815308258,1.0004789,0.00038214502
1.2034739839151811,0.999882,0.00038225032
1.2036842914490655,0.9999452,0.00038224875
1.203843172834695,1.0000039,0.00038231464
1.2038782836502606,0.999302,0.0003820539
1.2048628013964395,0.9993278,0.00038206673
1.2050730972878783,1.0000979,0.00038217162
1.2052320145239719,1.0004144,0.00038239197
1.205267085304945,1.0004597,0.00038216775
1.2062516193433566,0.9998195,0.000382232
1.2064619035928104,0.9992342,0.00038201132
1.206620856212794,0.9992804,0.00038223132
1.2066558869596293,0.99965,0.0003820906
1.207640436824157,0.9991787,0.0003820846
1.2078507094320812,0.9999404,0.00038214953
1.2080096979016162,1.0000769,0.00038229977
1.208044688614769,1.0001407,0.0003822164
1.2090292547706212,0.9995264,0.00038217785
1.2092395157365552,0.999544,0.0003821071
1.2093985395904383,1.0006237,0.0003823716
1.209433490268998,0.9999256,0.0003821901
1.2104180722509688,0.9994891,0.00038215326
1.2106283220405765,1.0006967,0.00038223132
1.2107873812792604,0.99958,0.00038226804
1.2108222919227716,1.0002757,0.00038212672
1.211806889730861,0.9996102,0.00038220992
1.2120171278793919,1.000847,0.0003823164
1.212176222968992,1.0003752,0.00038241007
1.212211093577456,1.0000778,0.00038210847
1.2131957076764144,0.99991477,0.00038220297
1.2134059341852321,1.0003121,0.00038223036
1.2135650646578142,0.99905556,0.0003821447
1.2135998952321403,0.9995649,0.00038207683
1.214584525156762,0.9997327,0.00038217753
1.214794740024503,1.0005794,0.0003823263
1.2149539063475459,0.9995592,0.0003821619
1.2149886968868246,1.0003661,0.00038210923
1.2159733426384705,1.0000384,0.0003822869
1.216183546328977,1.000821,0.00038232657
1.2163427480372775,0.9999519,0.00038228987
1.2163774985424198,0.9996251,0.00038213772
1.2173621605849347,0.9994275,0.00038212564
1.2175723526334536,1.000178,0.00038224165
1.2177315897265544,0.9995241,0.00038224756
1.2177663001961934,0.99958515,0.00038207555
1.2187509780657377,0.9996263,0.00038216682
1.2189611584727218,1.0005237,0.0003822425
1.2191204314153765,0.9998638,0.00038232884
1.2191551018499696,1.0000362,0.0003821484
1.220139795546538,0.9995141,0.00038209042
1.220349964777654,0.99965066,0.00038212776
1.220509273103744,0.99965936,0.00038222075
1.220543903504654,0.99931955,0.000382039
1.221528613492547,0.9996889,0.00038218193
1.2217387706160139,0.99999815,0.0003821905
1.2218981147934755,1.0000583,0.00038229176
1.2219327051593383,0.99981457,0.00038212133
1.222917430972439,0.9998,0.00038221964
1.2231275769200352,1.0003417,0.00038218847
1.2232869564832072,1.0010145,0.00038249601
1.2233215068140226,1.000263,0.00038220093
1.2243062484523313,0.9995028,0.00038222564
1.224516382759306,1.0000957,0.00038217194
1.224675798172484,1.0003892,0.00038233647
1.224710308468707,1.0001922,0.0003821215
1.2256950659331316,0.9996128,0.00038216932
1.2259051890651436,1.0006443,0.00038229633
1.226064639861761,1.0003786,0.00038229657
1.2260991101233913,0.9993046,0.00038207122
1.2270838838791405,0.99978715,0.0003821934
1.227293994903959,1.0002569,0.00038222343
1.2274534815514926,1.0001197,0.00038236848
1.2274879117780757,1.0007479,0.00038231493
1.2284727013608516,0.9995833,0.0003821508
1.228682801208891,0.9997289,0.00038216694
1.2288423232407695,0.999983,0.0003822686
1.2288767134323046,1.0000372,0.00038216024
1.229861518841652,0.99969345,0.0003821403
1.2300716075133677,0.99971133,0.0003822335
1.2302311644639303,1.0009607,0.0003824262
1.2302655150865363,0.9993342,0.00038198833
1.231250336322455,0.9997771,0.0003821499
1.231460413352636,1.000148,0.000382216
1.2316200061527525,0.99943,0.0003821761
1.2316543167416734,0.9993592,0.0003819752
1.232639153803258,0.99974185,0.00038215925
1.2328492196566572,1.0006163,0.00038224843
1.2330088478420294,1.0003706,0.00038236205
1.233043118395905,0.9993805,0.00038207122
1.2340279712836029,0.9997859,0.000382161
1.2342380254950172,1.0003036,0.00038217654
1.234397689531761,1.0000914,0.000382329
1.2344319200505893,0.99998766,0.00038214392
1.235416788763495,0.9994727,0.00038207404
1.235626831800402,1.0004438,0.00038220966
1.2357865312210379,1.0008739,0.0003823953
1.2358207217052737,0.99932545,0.00038205952
1.2368056062433872,0.9991917,0.00038213344
1.2370156376401282,0.9995967,0.00038211455
1.2371753724446535,0.9995937,0.00038221493
1.2372095233595026,1.0003707,0.00038219293
1.2381944237237348,1.0001884,0.000382257
1.2384044439450577,1.0002737,0.0003821742
1.2385642141334756,0.9995982,0.00038229732
1.2385983250137316,0.9996689,0.0003820195
1.239583241205446,0.99961793,0.00038216723
1.239793249783873,1.0000309,0.00038215943
1.239953055821843,1.0004491,0.00038230326
1.239987126668416,0.99908316,0.00038206184
1.2409720586867017,0.9994439,0.00038207285
1.241182056088347,0.9996393,0.00038211854
1.2413418975102104,0.99999607,0.00038231388
1.2413759283226449,1.000067,0.00038215608
1.2423608761670493,0.9998314,0.00038226947
1.242570861926707,1.001123,0.000382311
1.2427307387342807,1.0000408,0.00038231877
1.2427647299777846,0.9996507,0.0003821524
1.2437496936478496,0.9988265,0.00038198257
1.2439596682307283,1.0006335,0.00038223926
1.2441195804240124,0.99987805,0.00038229083
1.244153531632469,1.000643,0.00038227357
1.2451385111286526,0.99996346,0.00038224176
1.2453484740699992,1.0004245,0.00038230096
1.2455084221132893,1.0000496,0.00038225006
1.2455423332876088,0.99985695,0.00038210966
1.2465273286090002,1.0007175,0.00038231877
1.2467372799101781,1.0001938,0.00038220437
1.2468972633369049,0.99982,0.00038225722
1.2469311349409269,0.999076,0.00038199537
1.2479161460888923,0.999685,0.0003821846
1.2481260862151076,1.0002728,0.00038221557
1.2482861050266365,0.99993867,0.00038220602
1.2483199361290418,0.9995442,0.0003821206
1.2493049635687845,0.9997574,0.00038220274
1.2495148920543784,0.9998449,0.000382136
1.2496749467154586,0.99964935,0.0003822877
1.2497087377841816,0.99897844,0.00038201746
1.2506937810500403,0.9993245,0.00038210905
1.2509036983593105,1.0008186,0.0003822785
1.2510637879386195,1.0005951,0.00038246825
1.2510975394393187,0.9994147,0.00038206793
1.252082598531296,0.9996087,0.00038213638
1.2522925041981232,0.9996785,0.00038210864
1.2524526296278964,1.0003421,0.00038236653
1.252486341094003,1.0005968,0.00038226423
1.2534714160116436,0.99939835,0.0003821313
1.2536813105021445,1.0002707,0.00038222657
1.2538414713171733,0.9996348,0.00038221022
1.2538751427486874,0.9998329,0.0003821191
1.2548602330267853,0.9994477,0.0003821503
1.2550701163405045,0.99991745,0.0003821314
1.2552303125412436,1.0003251,0.00038234785
1.2552639444029192,0.9989184,0.00038199787
1.2562490505075856,1.0007697,0.00038230873
1.2564589221793199,1.000314,0.0003822661
1.2566191542305205,0.99964654,0.00038218993
1.256652746057148,0.9996812,0.00038218303
1.2576378679879334,0.9993146,0.00038205826
1.2578477284851601,0.9997293,0.00038221668
1.258007995454136,0.9996088,0.0003822161
1.2580415477118323,0.99981344,0.0003820629
1.2590266854687335,0.9997358,0.00038217948
1.259236534324431,0.9998324,0.00038223946
1.2593968371429582,1.000439,0.00038236158
1.2594303493665167,0.99948984,0.00038204846
1.2604155029486257,0.99987805,0.00038215617
1.2606253406293604,0.99977255,0.00038206778
1.260785678366119,1.0004314,0.00038236863
1.2608191510207456,0.99965394,0.00038209202
1.261804319963312,0.9998031,0.00038213114
1.2620141464686285,0.9997196,0.00038218067
1.2621745200558507,1.0001941,0.00038232343
1.2622079526749772,0.9996638,0.0003820508
1.2631931374450232,0.99947,0.00038219529
1.2634029527735606,1.0003799,0.00038223047
1.2635633612794663,1.0003278,0.00038224773
1.2635967543301143,1.0000093,0.0003822123
1.264581954925371,1.0000391,0.00038229153
1.2647917586119206,1.0002837,0.00038224546
1.2649522029687432,1.0001478,0.00038236205
1.264985555985254,0.99970907,0.00038216464
1.2659707719400544,0.99960375,0.00038219118
1.2661805644502806,1.0003315,0.0003822338
1.2663410441928136,1.000417,0.00038239316
1.266374357639483,0.99939424,0.00038210247
1.2673595894208574,0.9997083,0.0003821729
1.2675693707547575,0.99995357,0.00038214767
1.2677298858825452,1.0000973,0.0003823597
1.2677631588275982,0.99940044,0.00038203786
1.2687484069016604,1.0000899,0.00038219345
1.2689581765935727,1.0002704,0.0003822889
1.2691187271052513,1.0005792,0.00038230632
1.2691519604818269,0.99981284,0.00038217468
1.270137223916344,1.0000573,0.00038226193
1.270346982433749,0.99990773,0.00038217264
1.2705075687940734,0.9998661,0.0003823827
1.2705407621365112,1.0001088,0.00038213874
1.2715260413962362,0.99977326,0.00038224907
1.271735788738681,1.0002999,0.00038225
1.2718964100172343,1.0004678,0.0003823962
1.2719295637921064,0.9991264,0.00038212986
1.272914858410467,1.0002089,0.0003822346
1.273124594577952,0.99942875,0.00038218938
1.2732852517056017,0.99974483,0.00038223696
1.2733183654467908,0.99989486,0.0003821626
1.2743036758917228,0.9990967,0.0003821213
1.274513400416312,1.0007759,0.00038228117
1.274674092929672,1.0006684,0.00038243987
1.2747071671014751,0.99985534,0.0003821927
1.2756924929077753,1.0000634,0.00038219697
1.2759022067203332,0.999818,0.00038216426
1.2760629341537424,1.0005784,0.00038238504
1.2760959687552487,0.99977124,0.00038212983
1.2770813103881202,0.99931973,0.00038207357
1.2772910125596013,1.000167,0.00038222122
1.2774517758430193,1.000323,0.0003823333
1.2774847704090222,1.000052,0.0003821945
1.2784701274028065,0.9997852,0.00038216246
1.2786798188640782,1.000406,0.00038227558
1.2788406170661801,1.0000664,0.00038234572
1.2788735720637066,0.9996301,0.00038217072
1.2798589448836069,1.0002943,0.0003822311
1.2800686247033461,1.0003102,0.000382272
1.2802294582888862,1.0004982,0.0003823333
1.2802623737193017,0.9994147,0.00038202383
1.2812477618987486,0.9999309,0.0003821822
1.2814574305430724,1.0005087,0.00038222288
1.2816182999786179,1.0002352,0.00038228335
1.2816511749083248,0.99981374,0.0003821436
1.2826365793790964,0.99910516,0.00038211013
1.2828462363827962,1.0001439,0.0003822005
1.2830071412026882,1.0002337,0.00038227698
1.2830399765630092,0.9991282,0.00038209127
1.2840253963933272,0.9999184,0.0003821967
1.28423504268727,1.0003661,0.00038223667
1.2843959824263038,1.0008203,0.00038235757
1.2844287782163302,0.9995661,0.00038217986
1.2854142138736746,0.9996122,0.00038212677
1.28562384852563,1.000572,0.00038223673
1.2857848241155807,1.0003929,0.00038235003
1.285817579870559,0.99928725,0.00038204656
1.2868030308897218,1.0000266,0.0003822408
1.28701265436399,0.9999343,0.00038210783
1.287173665339651,0.99985546,0.00038225157
1.2872063815256989,0.99959666,0.00038215242
1.288191847904408,1.0001475,0.00038226598
1.288401460668922,1.0000969,0.00038228327
1.2885625065637214,0.9999793,0.00038226266
1.2885951831808358,0.9996026,0.0003820665
1.2895806653847557,1.0001898,0.00038225867
1.2897902665081928,1.0004654,0.0003822986
1.2899513477864275,0.9978917,0.0003819589
1.2899839848350676,0.9994266,0.00038201312
1.2909694823998974,0.99946356,0.00038208754
1.2911790723470056,0.9998426,0.00038221732
1.2913401894752496,1.0001315,0.0003822041
1.2913727864892963,0.99978685,0.00038214057
1.2923582994150364,0.99988705,0.0003822016
1.2925678786523904,1.0006301,0.0003823296
1.2927290306988652,1.0004835,0.000382321
1.2927615876783194,0.9998026,0.00038217753
1.2937471168958368,1.0000616,0.00038217675
1.2939566844921169,1.0005485,0.00038228792
1.2941178719229356,1.0001291,0.00038225652
1.2941503893330037,0.99948794,0.0003820647
1.295135933910523,0.99977833,0.00038215908
1.2953454903313848,0.99994427,0.00038215145
1.2955067131465512,0.9999464,0.00038230603
1.295539190987688,0.99920976,0.00038206298
1.2965247509252094,0.9995382,0.00038214342
1.2967342961697448,1.0003467,0.00038220946
1.2968955543701668,1.001181,0.00038239392
1.2969279926414643,0.9994133,0.00038207896
1.297913567940351,0.9996376,0.0003820627
1.298123102473766,1.0003103,0.000382214
1.2982843960598984,1.0006049,0.0003823298
1.2983167942961487,1.0005014,0.00038225896
1.29930238495549,1.0000111,0.00038229235
1.2995119083125815,1.0000184,0.00038213085
1.2996732372830593,1.0003523,0.00038236447
1.299705595950833,0.99900913,0.00038199968
1.300691202435838,1.0000194,0.0003821857
1.3009007141518496,0.9998883,0.00038225396
1.3010620785062201,1.0003906,0.0003823498
1.3010943971403088,0.99967206,0.00038216222
1.3020800194505213,1.0000151,0.0003821297
1.3022895199911204,1.0003498,0.0003821743
1.3024509197298357,0.99993026,0.00038230492
1.3024831987954486,0.99995494,0.00038207436
1.303468836465663,0.99952096,0.00038208978
1.3036783262960525,1.0002047,0.00038219235
1.3038397609529966,1.0003893,0.00038238298
1.3038720004492248,0.9996003,0.0003820725
1.3048576534808047,0.9992794,0.0003821261
1.3050671321362288,0.9999258,0.0003821188
1.3052286021761574,1.0000545,0.00038224444
1.305260802102543,0.99974316,0.00038220643
1.3062464704954884,0.9993199,0.00038203204
1.3064559379745888,0.99956965,0.0003821497
1.306617443399773,0.9998364,0.0003822312
1.3066496037576827,0.99932754,0.0003821006
1.3076352875110828,0.999753,0.00038223795
1.3078447438129488,0.99962056,0.00038212613
1.3080062846238434,1.0005019,0.00038237945
1.308038405412367,0.99990296,0.00038217247
1.3090241045262245,1.0006328,0.00038231036
1.3092335496517642,1.0004282,0.00038222445
1.3093951258470042,0.9996507,0.0003821802
1.309427206602301,0.99960786,0.00038217942
1.3104129215404554,1.0001718,0.00038221732
1.3106223559562409,0.9999828,0.00038212296
1.310783967070165,0.9997026,0.0003822164
1.3108160082560745,0.9995804,0.00038211062
1.3118017390212584,0.9994649,0.00038210207
1.3120111617955117,1.0005025,0.0003823166
1.3121728082937807,1.0001587,0.00038234275
1.3122048099107588,0.9986776,0.00038200174
1.313190556035942,1.0003438,0.00038224363
1.3133999676347798,1.0001853,0.0003821906
1.3135616495173963,1.0000612,0.00038235448
1.3135936115649878,0.9987981,0.00038195265
1.3145793730506283,0.99979144,0.000382189
1.3147887734745034,1.0003477,0.0003822532
1.3149504907414666,1.0005287,0.00038236097
1.3149824132192167,0.9992139,0.00038204112
1.3159681900657674,0.9995467,0.00038214363
1.3161775793142296,0.9998466,0.00038224118
1.3163393319650822,0.999456,0.0003822645
1.3163712144082398,0.999344,0.00038204898
1.317357007080909,0.9994905,0.0003820547
1.317566385618251,1.0007108,0.00038230934
1.3177281731886978,1.000772,0.00038236755
1.317760016063835,0.9996914,0.00038216045
1.3187458236299343,1.0001775,0.00038221807
1.3189551914566109,1.0002346,0.00038229724
1.3191170144118587,1.0004033,0.00038223437
1.3191488177176085,0.9993318,0.0003820832
1.3201346406455285,1.0001788,0.0003822264
1.320343997295879,1.0003465,0.00038221214
1.3205058556350195,0.99998766,0.0003822833
1.3205376193722929,0.99912405,0.00038204482
1.3215234576606676,1.0003016,0.000382223
1.3217328031346947,1.0001583,0.0003822353
1.32189469685909,1.0005074,0.00038235413
1.3219264210265247,0.999526,0.00038213568
1.3229122746748985,1.0003024,0.00038219322
1.3231216089735072,1.0002224,0.00038224415
1.3232835380827055,0.9999765,0.00038227753
1.3233152222150921,0.9997479,0.00038215163
1.3243010916895848,0.999881,0.00038219558
1.3245104152784393,0.99972874,0.00038217966
1.324672379306321,1.0000468,0.0003822979
1.3247040238702321,0.999734,0.00038215722
1.3256899087047267,0.9998965,0.00038222427
1.32589922111771,0.99994946,0.00038216737
1.3260612205303914,0.9995973,0.00038221455
1.3260928255244608,1.0001625,0.00038221787
1.3270787257194128,1.0004781,0.00038236
1.3272880269569782,1.0000682,0.00038218097
1.3274500617544618,1.0003662,0.00038234564
1.3274816271791452,0.9997595,0.0003822149
1.3284675427345518,0.9995185,0.0003821672
1.3286768327962464,1.0001154,0.00038219173
1.328838902977168,1.0004342,0.00038230314
1.3288704288338296,0.9997867,0.00038226004
1.3298563592840296,1.0001903,0.0003822267
1.3300656386346064,0.9996182,0.00038206397
1.3302277442003287,0.99992704,0.0003822286
1.3302592300228526,1.0005398,0.00038227456
1.3312451762991713,0.9997129,0.0003820699
1.3314544444738772,1.0001578,0.00038220792
1.331616584958283,1.0000594,0.00038220626
1.331648031677537,0.99874425,0.0003820353
1.332633993314313,1.0006078,0.00038237977
1.332843250313148,1.0002729,0.00038215608
1.3330054261823534,1.001002,0.00038241746
1.3330368333313132,0.999567,0.0003821601
1.3340228103285439,0.9993463,0.00038211237
1.3342320561519607,0.9997824,0.00038217107
1.3343942674064238,0.99991274,0.00038219485
1.3344256349850867,0.99926054,0.00038212579
1.3354116268780216,0.99982685,0.00038211548
1.3356208624564374,1.0003455,0.00038221577
1.3357831086295846,1.0007281,0.00038237087
1.3358144361750206,0.9992538,0.000382163
1.3368004438927081,1.0001086,0.00038224822
1.3370096682957056,1.0010706,0.0003823213
1.3371719498527455,1.0000715,0.00038230667
1.337203237829705,1.0000821,0.00038224563
1.3381892609073915,1.0004845,0.00038226423
1.3383984741349764,1.0000901,0.00038222707
1.338560790610245,1.0001965,0.00038235483
1.338592039484842,0.999606,0.00038211615
1.339578077456872,0.99995285,0.00038219386
1.339787279973792,1.0004128,0.00038222148
1.3399496318334059,1.0001347,0.0003822943
1.3399808411390737,0.999646,0.00038218652
1.3409668944720137,0.99981356,0.00038215972
1.3411760858126072,1.0005956,0.00038225757
1.3413384730565667,1.0002066,0.00038231738
1.3413696427928472,1.0000151,0.00038218114
1.3423557114871527,0.99952394,0.0003821301
1.3425648916518753,1.0000153,0.000382141
1.342727314280637,0.9997386,0.0003821756
1.3427584439814149,0.99932164,0.00038207433
1.3437445280375413,0.9993224,0.00038213318
1.3439536974911435,1.0007828,0.0003822334
1.3441161550385914,0.99977154,0.00038228725
1.3441472456365546,0.9990951,0.00038208143
1.3451333450517722,1.0000836,0.00038217052
1.3453425033299589,1.0001448,0.0003821969
1.345504996262207,0.99935067,0.0003822094
1.345536047291239,0.99925274,0.0003820976
1.3465221616003418,1.0000647,0.00038218228
1.3467313091687743,0.99935085,0.00038207654
1.3468938374862773,0.9997644,0.00038224002
1.346924848480262,1.0001094,0.00038221254
1.3479109786154835,1.0002522,0.00038223952
1.348120115008045,1.0003923,0.00038227803
1.3482826782446864,1.0001404,0.00038231112
1.3483136501340356,0.99936485,0.00038210698
1.349299795630167,0.99971473,0.0003821571
1.3495089208473132,1.0010753,0.0003823491
1.3496715194673925,1.0011982,0.0003825086
1.3497024517896308,1.0002072,0.00038221458
1.3506886121791921,1.0000863,0.00038220448
1.3508977266865814,1.000382,0.00038219604
1.3510603606905534,1.0004687,0.0003823579
1.3510912534438597,0.9999091,0.00038216007
1.3520774291943312,1.0001825,0.0003822821
1.352286532991058,1.0000802,0.0003821682
1.3524492014485077,1.0003511,0.00038240608
1.3524800546324274,1.0001899,0.00038224627
1.3534662457442672,0.9996548,0.00038213222
1.3536753388298735,1.0000765,0.0003821489
1.353838042672578,1.000523,0.00038239016
1.3538688562871117,1.000006,0.00038217913
1.3548550622942002,0.9998912,0.00038215163
1.3550641446691443,1.0002445,0.00038219918
1.355226883430987,0.9995751,0.00038225434
1.355257657941796,0.9991255,0.00038214787
1.3562438793093392,0.99951786,0.0003820775
1.3564529505084124,1.0000364,0.00038216083
1.356615724654148,0.999711,0.00038228102
1.356646459596028,1.0002244,0.00038222186
1.3576326958579088,0.99972326,0.00038218836
1.357841756347228,1.0004317,0.00038229456
1.3580045658782183,1.0001259,0.00038230972
1.3580352607855035,0.9994614,0.00038216042
1.3590215128721397,0.9995101,0.00038211056
1.359230562185588,0.9994547,0.00038208393
1.3593934066357178,0.99972,0.00038223367
1.3594240624401879,0.9992072,0.00038212343
1.3604103294211647,0.99988467,0.00038219467
1.3606193680244005,1.000067,0.00038224334
1.3607822478588787,1.0002127,0.00038230693
1.3608128640948722,0.99921936,0.00038211152
1.3617991464363066,0.99953794,0.000382082
1.3620081738645822,1.0002486,0.00038226365
1.3621710886172878,1.0000877,0.00038226027
1.3622016652825317,1.0000448,0.0003822818
1.3631879629853314,0.9999885,0.00038220538
1.363396979703395,1.0001655,0.00038220908
1.3635599298404486,0.9996322,0.0003822186
1.3635904669367633,0.99904174,0.00038207436
1.3645767795357173,0.99940544,0.0003820364
1.364785785542666,1.000579,0.0003822588
1.3649487705988577,0.9995923,0.0003822334
1.3649792685923559,0.9994423,0.00038210975
1.365965596550859,0.9996442,0.00038217026
1.3661745913814785,1.0004252,0.0003822447
1.366337611822928,1.0004879,0.00038233062
1.3663680702470402,0.99953514,0.00038218996
1.3673544131003394,0.9992347,0.00038204482
1.3675633972207493,1.0000298,0.00038214712
1.3677264525808823,0.99955565,0.0003822462
1.3677568714360633,0.9990335,0.00038208457
1.3687432296498172,0.9999002,0.0003822058
1.36895220306002,1.0006235,0.00038223798
1.3691152938035884,1.0006664,0.0003824284
1.3691456730898395,0.9995711,0.00038218914
1.3701320461983868,0.99923515,0.00038210247
1.37034100889838,1.0003842,0.00038219622
1.3705041345601785,0.9999417,0.0003822684
1.370534474743613,0.99898434,0.00038209115
1.3715208632126177,0.99936485,0.0003821067
1.37172981473674,0.99966145,0.0003821091
1.371892975783794,1.0002028,0.00038228524
1.371923275932636,1.0,0.0003822123
1.372909679761643,1.0002997,0.0003822593
1.3731186205760082,1.000087,0.0003821398
1.3732818165417484,1.0006397,0.00038240242
1.3733120775882313,1.0006125,0.00038237992
1.374298496310665,0.9998998,0.00038218818
1.3745074264161872,0.9996039,0.00038208943
1.3746706577658188,0.9995026,0.00038226022
1.3747008792429156,0.9989843,0.00038204613
1.3756873128601455,1.0004159,0.00038225495
1.3758962322550028,0.9998391,0.00038216996
1.3760594985242278,0.99997485,0.00038230175
1.3760896804314835,0.99976885,0.00038220437
1.377076129410534,0.99982154,0.0003821766
1.377285038093818,0.99953586,0.0003821236
1.3774483392817274,1.0001942,0.00038231502
1.3774784820857122,0.99928224,0.00038215515
1.378464946425673,0.99934405,0.00038211633
1.3786738434674248,0.99971056,0.0003820993
1.3788371805048882,1.0000199,0.00038224173
1.3788672837403966,0.9998354,0.00038222288
1.3798537629751535,1.0001172,0.0003822117
1.380062649306693,1.0000783,0.0003821808
1.3802260212623878,1.0000839,0.00038229921
1.3802560849285088,0.99994886,0.0003822581
1.381242579523723,0.99995565,0.0003822123
1.381451455145053,0.9997395,0.00038215626
1.3816148624864582,1.0004704,0.00038235058
1.381644886584104,0.999169,0.0003820998
1.3826313960722927,1.0001236,0.00038223673
1.382840260983413,1.0001869,0.0003822015
1.3830037032448672,0.99910307,0.00038209496
1.383033688238333,0.999974,0.0003822519
1.384020212621773,0.9999411,0.00038215102
1.3842290668231394,0.9997282,0.0003821784
1.3843925440023668,1.0000196,0.0003823468
1.3844224894269006,0.9995007,0.00038219514
1.3854090291707954,1.0001148,0.0003822336
1.3856178726628627,0.9998871,0.00038223944
1.3857813852264371,1.0004231,0.0003823194
1.385811291081585,0.999473,0.00038222197
1.3867978457198205,0.9993511,0.0003820956
1.3870066785021309,1.0000814,0.00038216953
1.3871702259848462,1.0000008,0.00038224453
1.3872000927371801,0.99926907,0.00038208292
1.388186662270209,1.0001168,0.0003823002
1.3883954843409463,1.0002809,0.00038228105
1.3885590667423457,1.0004135,0.00038236973
1.3885888939252924,0.9997809,0.00038222206
1.3895754788196895,0.9994433,0.00038214016
1.3897842901797617,1.0003083,0.00038222878
1.3899479074998453,0.99945277,0.00038226377
1.3899776955790686,1.0001576,0.000382231
1.3909642953691672,0.99953616,0.00038212465
1.3911730960181217,1.0004174,0.00038225757
1.3913367487230062,0.9996969,0.00038226688
1.391366497233753,1.0000546,0.00038225352
1.392353111918645,0.99908525,0.0003820562
1.3925619018564817,1.0004917,0.00038222558
1.3927255894814152,0.9999692,0.0003822745
1.392755298422776,0.9998009,0.000382257
1.3937419284672146,0.99917245,0.00038204846
1.3939507076957525,0.9995244,0.00038208702
1.3941144302398243,1.0004755,0.0003824291
1.3941441000774604,0.9985963,0.0003820612
1.3951307450157842,0.99917674,0.00038206362
1.395339513069815,1.0001498,0.0003821828
1.3955032709977786,1.0000015,0.0003823527
1.3955329017330529,1.0001255,0.00038229095
1.3965195615652646,0.9996014,0.0003821948
1.3967283189095383,1.0001951,0.00038220224
1.3968921122213942,1.0001047,0.00038227686
1.396921702922076,1.0007141,0.00038239337
1.3979083781142898,0.99981064,0.00038220972
1.3981171247488091,1.0001704,0.0003822061
1.3982809529798033,0.99990827,0.00038232884
1.3983105045758522,0.99958915,0.0003821469
1.3992971946642228,0.9994287,0.00038220224
1.3995059305876218,0.999719,0.00038211158
1.3996697937373028,1.0002084,0.00038227253
1.3996993062296283,0.9994814,0.00038216027
1.4006860107484946,0.9996067,0.00038209683
1.4008947364268929,1.0004673,0.00038215786
1.401058634493893,1.0002683,0.00038235728
1.4010881074186514,0.99969584,0.0003822464
1.4020748272975196,0.999782,0.00038218545
1.4022835422652529,1.0000775,0.00038221086
1.4024474752513925,1.0002458,0.00038233452
1.4024769090737885,0.9990174,0.00038218763
1.403463643847,0.9995632,0.00038214965
1.4036723481036129,0.9995139,0.00038214462
1.4038363160098015,1.0003655,0.00038240352
1.403865710263267,0.9997148,0.00038230233
1.4048524603964778,0.99941486,0.00038214668
1.405061153476764,1.000136,0.00038221333
1.4052251572329624,0.9998888,0.0003822803
1.405254511917496,0.9996007,0.0003822127
1.4062412769450474,1.0001082,0.00038225256
1.4064499593169457,1.0007168,0.00038227605
1.4066139979913714,1.0000368,0.00038228778
1.4066433135708167,0.99919605,0.0003821268
1.4076300930279557,0.9995248,0.00038209814
1.4078387651562139,1.0004494,0.0003822259
1.40800283874978,1.0006623,0.00038242654
1.4080321147598398,1.0000532,0.00038228548
1.409018909576981,0.99986005,0.00038220713
1.409227570995482,1.0002928,0.00038219598
1.4093916795072796,1.0007263,0.0003823552
1.4094209164145242,0.99929005,0.00038215524
1.410407726126914,1.0004114,0.00038230178
1.4106163768347528,1.0006707,0.00038227197
1.4107805202647792,1.00016,0.0003822461
1.4108097180701193,1.0001342,0.00038232305
1.4117965426773025,1.0002644,0.00038229863
1.4120051826735684,0.99971926,0.00038212273
1.4121693610222787,1.0005167,0.00038234922
1.4121985192582316,1.0000342,0.00038231444
1.4131853587606664,1.0004687,0.00038231438
1.4133939880462671,1.0001209,0.0003821187
1.4135582017806878,1.00052,0.00038228347
1.413587320912916,1.0004791,0.00038236048
1.4145741753096885,0.99977624,0.00038217555
1.4147827938846271,0.9999867,0.00038210992
1.4149470425390969,1.0005943,0.0003823763
1.414976122101939,0.99901307,0.0003821145
1.415962991859169,0.9999834,0.00038226217
1.4161715997234423,0.99961853,0.00038207168
1.416335883297052,0.9995937,0.00038224933
1.4163649237566234,0.9997729,0.0003823765
1.417351807942988,0.99965036,0.00038212244
1.4175604055627105,1.0009793,0.00038232395
1.4177247240550055,1.000006,0.0003822771
1.417753725410397,0.9994318,0.00038228015
1.4187406244915577,0.9988631,0.0003820586
1.4189492114028894,1.00019,0.0003821963
1.419113564812505,0.9995707,0.00038222832
1.41914252659942,1.000214,0.00038234118
1.4201294410401273,1.0005498,0.00038228612
1.420338016776499,1.000202,0.00038222058
1.4205024055700046,0.9999087,0.00038222084
1.4205313282536518,0.99947566,0.00038218682
1.4215182571234883,0.9998573,0.0003822095
1.421726822615767,0.9997168,0.00038211854
1.4218912463284137,1.0000364,0.00038226054
1.4219201294431274,0.9997631,0.0003822594
1.4229070736734215,0.9999489,0.0003822218
1.423115628454127,1.0012137,0.00038234628
1.4232800870863689,1.0005207,0.00038233952
1.4233089310978118,0.9994891,0.00038218588
1.4242958897576963,0.99935174,0.0003821376
1.424504434292487,1.0001221,0.000382146
1.4246689278443223,1.0002446,0.0003823198
1.4246977322877457,0.999902,0.0003822979
1.425684706306721,0.9997002,0.00038215469
1.4258932401317552,1.0005478,0.0003822376
1.4260577686027314,1.0004208,0.00038239363
1.4260865339410667,0.9995133,0.00038220134
1.4270735223905375,0.99936044,0.00038206682
1.4272820455049093,0.9996479,0.0003820995
1.4274466093606866,0.9996889,0.0003822597
1.4274753355943872,1.0002549,0.0003823589
1.4284623389400153,0.99949837,0.0003821988
1.4286708513437247,0.99995834,0.0003821336
1.4288354501181861,0.99976605,0.0003822758
1.4288641367843185,0.9990364,0.00038215268
1.4298511550229236,1.000066,0.0003822131
1.4300596571839037,0.999705,0.00038217905
1.4302242908756857,1.0009952,0.00038244523
1.4302529384390028,0.9997824,0.00038231956
1.4312399715714932,0.99996436,0.00038215923
1.4314484630231719,1.0002941,0.0003822248
1.4316131316336391,1.0006819,0.0003824465
1.4316417396280259,0.99961853,0.00038223277
1.4326287876553123,0.99981546,0.0003822167
1.4328372683967814,0.99950516,0.00038210876
1.4330019723911387,0.9998706,0.0003822436
1.4330305412827102,1.0003275,0.00038236807
1.4340176042047927,0.99945027,0.00038216755
1.4342260742351414,0.99933136,0.00038203574
1.434390812682977,0.99971527,0.00038225338
1.434419342471278,0.9993575,0.00038218903
1.4354064202895174,0.999677,0.00038210923
1.4356148800735014,1.0002184,0.00038223757
1.435779653441386,1.0011201,0.00038245117
1.4358081441255095,0.9996094,0.00038229278
1.436795236372881,0.99913174,0.0003821253
1.4370036859127722,0.99992764,0.00038213207
1.4371684941993412,1.0003431,0.00038240178
1.4371969457801939,0.9997676,0.00038229418
1.438184052921906,0.9991234,0.00038204732
1.438392491286379,0.9996081,0.00038209624
1.4385573349568408,0.9997462,0.0003822895
1.438585746969217,0.9995442,0.00038226772
1.4395728690057252,0.9998577,0.00038220538
1.4397812971251946,1.0005744,0.00038227945
1.4399461757138847,0.9995087,0.0003822624
1.439974548624354,0.99969083,0.0003822569
1.4409616850895417,0.9997286,0.00038217756
1.441170102964918,1.0002475,0.00038216505
1.4413350164722938,1.0005057,0.000382347
1.4413633498129244,0.9993247,0.0003823096
1.4423505016381113,0.99891853,0.00038202576
1.4425589083389803,0.9995909,0.0003821206
1.4427238567650416,1.0003197,0.00038236007
1.4427521514676087,0.9997361,0.00038235058
1.4437393177210196,0.99959934,0.00038216775
1.4439477141773402,0.9992804,0.00038204427
1.4441126975225411,0.9993518,0.0003821843
1.444140952655721,0.9999776,0.00038242625
1.445128133804836,0.99959743,0.00038212797
1.4453365200157002,1.0004404,0.00038224316
1.4455015382809502,1.0005704,0.00038239796
1.4455297543104053,1.0003816,0.0003823992
1.4465169503552273,0.99963075,0.00038213973
1.4467253258545156,0.9995869,0.00038214747
1.4468903790393592,1.0005383,0.0003824224
1.4469185554994284,1.0000075,0.0003823662
1.4479057664390438,1.0002259,0.0003822103
1.4481141312281225,1.0000677,0.00038221243
1.4482792193316532,1.0011083,0.00038245216
1.4483073571541127,0.99935687,0.00038222325
1.4492945825224077,0.99999624,0.0003822672
1.4495029370673933,1.0000386,0.00038220503
1.4496680600891527,1.0001637,0.00038234546
1.449696158342225,0.9999123,0.00038234412
1.4506833986057686,1.000059,0.0003823111
1.450891742906209,1.000246,0.00038226738
1.4510569008461967,0.9998053,0.00038225052
1.4510849599978202,1.0000495,0.00038234412
1.4520722146895877,0.99997723,0.0003821561
1.452280548280271,0.99983716,0.0003821182
1.4524457416046057,0.99969316,0.00038225605
1.4524737611868432,0.99980795,0.00038225323
1.4534610312390681,0.999632,0.00038223315
1.45366935412045,0.999781,0.00038212407
1.4538345818973535,1.0002065,0.00038233656
1.4538625628415276,0.99954873,0.0003822123
1.4548498473219764,0.999481,0.000382181
1.45505815995881,1.0000314,0.00038215128
1.4552234226553087,1.0005704,0.0003823756
1.4552513640291873,0.9994373,0.00038223926
1.4562386634053375,0.99990374,0.00038222797
1.4564469653315086,1.0000985,0.0003822405
1.456612263413262,1.0001292,0.0003822531
1.456640165683416,0.9997007,0.00038230495
1.4576274794896094,0.9995499,0.0003821377
1.4578357711703243,0.9999638,0.00038218114
1.4580011037060099,1.0002985,0.00038236976
1.458028967338556,0.99939096,0.0003822168
1.4590162955734285,0.9994054,0.00038212648
1.4592245765434781,0.99933916,0.00038206408
1.4593899444635094,1.0011293,0.00038244118
1.4594177685280316,0.99963987,0.00038235958
1.4604051116567924,1.0002488,0.0003822545
1.4606133823827463,1.000118,0.000382178
1.4607787847553477,1.00122,0.0003824244
1.460806570182716,0.99962896,0.00038222806
1.4617939277406087,0.9988994,0.00038200268
1.4620021882220144,1.000288,0.00038226554
1.462167625513303,0.9995562,0.000382172
1.462195371371739,0.99908394,0.00038222165
1.4631827438239724,1.0003134,0.00038232823
1.4633909935951686,0.99920857,0.00038206307
1.4635564662712564,0.999929,0.00038227535
1.4635841730250598,0.99940217,0.00038222692
1.4645715599077889,0.99931294,0.00038204453
1.464779799433984,0.99953896,0.00038214313
1.4649453065630946,0.9994291,0.00038216356
1.4649729742136302,0.999785,0.00038233245
1.4659603759906972,0.99954194,0.00038213935
1.4661686052732548,1.0000008,0.00038216184
1.4663341473205942,0.9995801,0.00038219808
1.4663617758692227,0.9993903,0.00038227992
1.4673491920736055,0.9998806,0.0003822315
1.4675574106468616,0.999211,0.00038210695
1.467722987613342,1.0004691,0.0003823559
1.4677505770582457,0.99999607,0.0003823743
1.4687380081578802,1.0001521,0.000382277
1.4689462164856772,1.0006437,0.00038230434
1.4691118283708415,1.0001022,0.00038237753
1.4691393787124747,0.99962896,0.00038228364
1.470126824242152,0.99976075,0.00038226217
1.4703350218592839,0.9998702,0.0003821447
1.470500669128341,1.0007435,0.00038235367
1.470528179901045,0.9999026,0.00038233417
1.4715156403259684,0.99977595,0.00038221694
1.4717238276980993,0.9998172,0.00038214016
1.4718895094201794,0.9996476,0.0003822446
1.4719169810905208,0.99945486,0.00038237253
1.472904456409332,1.0000008,0.00038219977
1.47311263353737,0.9997314,0.0003820753
1.4732783501785884,1.000104,0.00038236676
1.4733057827447524,0.99906504,0.0003822568
1.4742932724926958,0.9992866,0.0003821452
1.474501438910977,0.9999988,0.00038221013
1.4746671904713362,1.0003359,0.0003823242
1.4746945839337755,0.99910307,0.00038217203
1.475682088576515,0.9993548,0.00038208388
1.4758902447497926,1.0004568,0.0003822929
1.4760560312292914,0.9996067,0.00038219252
1.476083385587549,0.99994755,0.00038238068
1.4770709046603314,0.9991802,0.00038210303
1.4772790501229438,1.000155,0.0003822202
1.4774448715215835,1.0002306,0.00038230084
1.477472186776572,0.99983007,0.00038239485
1.4784597207432397,1.0004668,0.00038229936
1.4786678559622146,1.0003812,0.00038233228
1.4788337118134218,0.9999793,0.00038225128
1.4788609884312565,0.9994103,0.00038233795
1.479848536361395,0.9999301,0.00038220672
1.4800566618014854,0.9997104,0.00038216144
1.4802225525709214,1.0001276,0.0003823077
1.4802497896211904,0.99939257,0.00038232963
1.481237352445214,0.99957895,0.0003822203
1.4814454671746369,1.0000246,0.00038219697
1.4816113928636692,1.0003467,0.00038234895
1.481638591274964,0.9990593,0.0003822555
1.4826261685290332,1.0002333,0.00038219057
1.4828342730134523,1.0000061,0.0003822287
1.4830002336216244,1.0006402,0.00038231077
1.483027392463987,0.99906576,0.00038220373
1.4840149846128496,0.9999131,0.000382182
1.4842230783870591,1.0001045,0.00038216083
1.4843890739139165,1.0001992,0.00038233396
1.484416194118216,1.0003644,0.00038243496
1.4854038006962136,1.0003585,0.00038226886
1.48561188422633,0.9999009,0.00038219945
1.4857779146723256,1.0003208,0.00038232506
1.4858049953067836,0.9997176,0.00038230678
1.4867926163139131,0.9991487,0.0003821349
1.4870006895999395,0.9993199,0.00038206563
1.4871667549646195,1.0006346,0.00038244008
1.487193796961468,0.9999479,0.00038236676
1.4881814323977323,0.9993166,0.0003820844
1.4883894954387522,0.9999519,0.00038226636
1.4885555952564578,1.0002097,0.00038233958
1.4885825981514018,0.9997127,0.00038238353
1.4895702484815514,0.99936014,0.0003820711
1.4897783008119063,0.9999618,0.00038213123
1.4899444360139573,0.99998945,0.0003823245
1.4899713998060862,0.9991866,0.00038228463
1.4909590645649125,0.999957,0.00038223443
1.4911671066511745,1.0001279,0.00038221158
1.4913332763062495,1.0000728,0.00038234895
1.4913602009941984,0.9998465,0.00038236487
1.4923478801826149,0.9998505,0.0003821944
1.492555912024784,0.9998587,0.00038217596
1.4927221165989972,1.0000442,0.00038234302
1.4927490021823133,0.99925524,0.0003822781
1.4937366962664314,0.99943686,0.0003821165
1.4939447178635996,0.9999367,0.00038220067
1.4941109573569524,1.0000082,0.0003822735
1.4941378038369977,0.9995361,0.00038228478
1.4951255118845892,1.0000795,0.0003822888
1.4953335232367535,1.0002825,0.00038224828
1.4954997976492446,1.00024,0.00038229456
1.4955266050264764,0.99924237,0.00038228644
1.4965143279684083,1.0000558,0.00038223635
1.4967223290751135,0.999728,0.00038208754
1.4968886379410828,1.0001684,0.00038239997
1.4969154066816133,0.99988174,0.0003823841
1.4979031440517694,1.0005269,0.00038233158
1.4981111344487203,0.99966776,0.00038207552
1.4982774786985824,1.0001839,0.00038226994
1.4983042078701838,0.99941355,0.0003823392
1.4992919596694718,0.99982,0.00038215556
1.499499940288444,0.9999608,0.00038215186
1.4996663189904207,1.000267,0.00038233277
1.4996930095244125,0.99974716,0.00038235984
1.5006807757532883,1.0002292,0.00038222715
1.500888745661598,0.999757,0.00038215154
1.501055159282259,0.9996882,0.00038219837
1.5010818107129802,0.9995267,0.00038227072
1.5020695913714461,1.0004458,0.000382322
1.5022775515008688,1.0001748,0.00038223853
1.5024439995750067,0.99968106,0.0003823002
1.5024706119015505,0.99991477,0.00038238522
1.50345840745481,0.999784,0.0003821694
1.5036663568744757,0.9999422,0.0003822314
1.503832840332962,1.0000359,0.00038229616
1.5038594135566876,0.99947834,0.00038232747
1.5048472230725123,0.99949616,0.00038216167
1.5050551627137438,0.9996388,0.0003821338
1.505221680625254,1.0004659,0.00038240658
1.505248214745258,0.9999513,0.00038242756
1.5062360391563288,1.0002854,0.00038224767
1.506443968086898,1.0001073,0.0003822007
1.5066105209180018,0.99981683,0.00038222788
1.5066370163999423,1.0000117,0.0003824506
1.507624854774484,0.99975526,0.00038216283
1.507832773925258,0.99980664,0.00038209505
1.5079993612102958,0.99995184,0.00038232582
1.5080258175889654,0.999785,0.00038239156
1.5090136708578477,0.99961966,0.00038215265
1.5092215792979566,0.9999145,0.0003821526
1.5093882019677953,0.9996554,0.00038228676
1.5094146187784412,0.9993398,0.00038227515
1.51040248647555,0.99936223,0.00038212666
1.5106103851376829,0.999733,0.00038224607
1.5107770422596336,0.9996997,0.00038212058
1.5108034204326728,0.99953175,0.0003823322
1.5117913025593692,0.9996756,0.00038219875
1.5119991905117454,1.0001922,0.00038223053
1.5121658825519257,0.99939424,0.0003822062
1.512192221620785,0.99931973,0.0003822692
1.5131801181775244,0.999706,0.00038217337
1.5133879963505579,0.9996055,0.0003821564
1.5135547228446735,0.99989885,0.00038232302
1.513581023275014,0.9993243,0.00038234392
1.5145689342613409,1.0003577,0.00038233201
1.5147768017241674,0.9998833,0.00038209942
1.5149435631369674,1.0002313,0.00038244828
1.5149698244644925,0.9997536,0.0003823679
1.5159577498790433,0.9996548,0.00038214066
1.516165607097777,0.99969125,0.0003821191
1.5163324034292596,1.0000249,0.00038224887
1.5163586256535155,1.000264,0.00038237302
1.5173465654967457,1.0002546,0.00038221804
1.517554412936137,0.99941486,0.0003820652
1.5177212437220073,1.0006758,0.00038240556
1.5177474273086555,0.99904716,0.00038223248
1.5187353815805649,1.0004349,0.00038229953
1.5189432183088356,1.0003664,0.0003822188
1.5191100840138456,1.0002694,0.00038233024
1.519136228497223,1.000252,0.00038249537
1.52012419719872,0.99974585,0.00038214863
1.5203320241476483,0.99994993,0.00038215437
1.5204989247713452,1.0011091,0.00038252087
1.5205250301509965,0.99947774,0.00038234497
1.5215130128164227,0.99950916,0.00038220486
1.5217208295217106,1.0000336,0.00038223728
1.521887765063639,0.9998598,0.0003822926
1.5219138313400196,0.99950296,0.00038236624
1.5229018288997835,0.99981076,0.0003821291
1.5231096353618923,1.0007929,0.0003822706
1.5232766053559312,1.0001675,0.00038232154
1.5233026325290426,0.99982685,0.00038237718
1.5242906445179414,0.9997973,0.00038224063
1.5244984407350437,0.9993173,0.00038203603
1.524665445648679,1.0007405,0.00038238033
1.524691434183727,1.0001445,0.00038246714
1.525679460136552,0.999223,0.0003820898
1.5258872461081978,0.9994294,0.00038211094
1.5260542859414268,1.0010505,0.00038246677
1.5260802353736609,0.99942297,0.0003823395
1.5270682757542544,0.9992213,0.00038204703
1.527276051947466,0.99951833,0.0003820626
1.527443126233265,0.9996418,0.00038229494
1.5274690370274344,0.99894184,0.00038227308
1.5284570918376184,1.0003042,0.00038217934
1.5286648573201647,1.0002477,0.00038221662
1.5288319665246495,1.0000137,0.0003823631
1.5288578382155493,0.999883,0.00038242323
1.529845907455318,0.9998269,0.00038220602
1.5300536631585246,1.0001382,0.0003821451
1.5302208068160321,0.9999456,0.00038230073
1.5302466394045724,0.9991936,0.00038229983
1.5312347230734757,0.9992889,0.00038210332
1.5314424685321342,1.0009179,0.00038234532
1.531609647108326,0.9997816,0.00038228382
1.5316354410592568,0.99972653,0.00038242564
1.5326235386916336,1.0004447,0.0003822658
1.5328312739057437,0.9995386,0.00038210192
1.5329984874006182,1.0003066,0.00038234022
1.5330242422482798,0.9997041,0.00038234546
1.5340123543093334,0.99971384,0.00038215006
1.53422007974592,0.9995944,0.00038207803
1.534387327693366,1.000164,0.00038232238
1.534413043437303,0.9997409,0.00038230763
1.5354011699270358,0.99988365,0.00038212666
1.5356088851190741,0.99999785,0.00038218743
1.5357761679856599,0.9996526,0.0003822544
1.5358018450919872,0.99942964,0.0003824003
1.5367899855461018,1.000635,0.0003823318
1.5369976904926839,1.000235,0.00038225765
1.537165008277952,0.9994497,0.00038226673
1.5371906462810103,1.0000415,0.0003824814
1.538178801629921,0.9997271,0.00038222573
1.5383864963310439,0.99986404,0.00038212226
1.5385538485697903,1.0000825,0.00038232564
1.538579447469578,0.9999799,0.00038246936
1.539567617247168,1.0000746,0.00038222072
1.5397753017037425,0.9995569,0.00038214604
1.5399426888616286,0.99982417,0.00038224008
1.5399682491238096,0.9995933,0.00038237163
1.540956432864415,0.9999972,0.00038221807
1.5411641070768964,1.000184,0.00038219738
1.5413315291543763,1.0003468,0.0003823727
1.5413570503128327,0.998882,0.0003823228
1.5423452484825702,0.99915004,0.00038203393
1.5425529129161646,0.9998671,0.0003821945
1.542720368981009,0.9998178,0.0003823257
1.542745851500945,0.99905056,0.0003822814
1.5437340641007253,1.000146,0.00038222517
1.5439417182902269,0.9998651,0.00038214575
1.544109209273301,0.9995831,0.0003822625
1.54413465315654,1.0000951,0.00038246252
1.5451228797184278,1.0004089,0.00038227753
1.5453305236642918,1.0000128,0.00038217116
1.5454980495660489,1.0006955,0.0003824581
1.5455234543455632,0.9999958,0.00038248757
1.5465116953365858,0.9999089,0.00038222337
1.54671932950356,0.99984634,0.00038214822
1.5468868898587966,0.9998699,0.00038229013
1.546912255534131,0.9994437,0.00038240914
1.5479005109551962,0.9992397,0.00038205937
1.5481081348767143,1.0001128,0.00038214386
1.548275730150181,1.0001056,0.00038235905
1.5483010571879043,0.99892557,0.00038235082
1.5492893265738068,0.99971175,0.00038210608
1.549496940249413,0.9999915,0.00038215585
1.5496645704420193,0.9999293,0.00038227384
1.549689858376472,0.9997803,0.00038242785
1.5506781421910538,1.0000099,0.00038218236
1.550885746087773,0.9991904,0.00038205454
1.5510534107343115,0.9996675,0.00038230966
1.5510786595659505,1.0000026,0.00038248688
1.5520669578083008,1.0002849,0.0003822401
1.5522745514609242,0.99966353,0.00038222998
1.552442250561398,1.0000523,0.00038237483
1.5524674612210903,0.9995143,0.000382398
1.5534557734260033,1.000038,0.00038214165
1.5536633568345337,0.9997115,0.00038212916
1.5538310908541457,1.001072,0.0003824894
1.5538562624101133,1.0000246,0.00038245844
1.5548445885784998,1.0003597,0.00038224657
1.5550521626738045,1.0005543,0.0003822617
1.555219931145984,0.99969923,0.000382316
1.5552450635991364,1.0000213,0.00038254855
1.556233404196655,1.0006528,0.00038227605
1.556440968047867,1.0001394,0.0003822076
1.5566087714387318,1.0005697,0.00038243347
1.5566338652524574,0.9994079,0.0003823259
1.5576222198143577,0.9997771,0.0003821418
1.557829773421929,0.9997814,0.00038222244
1.5579976112658183,1.0001553,0.00038234625
1.5580226664410248,0.9990536,0.00038233201
1.5590110354320572,0.9999667,0.00038222564
1.5592185787955386,0.99952775,0.00038213548
1.559386451556747,0.9996702,0.00038227858
1.5594114676305035,0.99937636,0.00038238324
1.5603998510511259,0.99932903,0.00038211062
1.5606073846338986,0.99967533,0.0003821512
1.5607752918476758,0.9999184,0.00038237937
1.5608002692856404,0.99965096,0.00038245632
1.5617886666697367,0.99990535,0.0003822277
1.5619961900065973,1.000118,0.00038212584
1.5621641321404236,0.9999446,0.00038229983
1.5621890704746635,0.9996636,0.00038243216
1.5631774818213224,0.9996628,0.00038211409
1.5633849953797487,0.9996443,0.00038215265
1.5635529719670562,0.99937505,0.00038224403
1.5635778716636866,1.0000979,0.0003824937
1.5645662974385695,0.99986917,0.00038218725
1.5647738007529028,1.0002105,0.00038222966
1.5649418122593484,1.0003134,0.0003823253
1.564966672852257,1.000466,0.0003825798
1.565955113056269,0.9995368,0.00038215442
1.566162606592171,0.99932104,0.00038204086
1.5663306525520961,1.0005099,0.0003824222
1.5663554745064858,1.0000314,0.00038247925
1.5673439286744268,0.99943686,0.00038211088
1.5675514119662362,1.0004953,0.00038228743
1.567719492844844,0.9993421,0.00038218743
1.567744275695509,0.9989298,0.0003823676
1.5687327438269234,1.0000844,0.00038218664
1.5689402173402982,0.99960643,0.00038212133
1.569108332670567,0.9992152,0.0003821878
1.569133076884532,1.0000093,0.0003825932
1.5701215594446232,0.99995226,0.00038219395
1.570329022712997,0.9999373,0.00038216801
1.5704971729624053,0.9995621,0.00038233647
1.570521878538761,0.9998219,0.00038249453
1.5715103750632338,0.99933594,0.0003820632
1.5717178285513569,0.9999451,0.00038225195
1.5718860127890362,0.9999847,0.00038231563
1.5719106797273312,0.9997016,0.000382451
1.572899190216186,0.9999127,0.0003821729
1.5731066339249637,1.0005352,0.0003823508
1.573274853081784,0.9991421,0.00038221874
1.573299480916807,1.0002291,0.0003825592
1.5742880058338882,0.9999435,0.00038220992
1.5744954392985733,1.0000259,0.00038224418
1.5746636933745317,0.9998884,0.00038234837
1.5746882821062855,0.9993599,0.00038240798
1.5756768214511352,1.0000459,0.0003821884
1.5758842446717276,0.999888,0.00038218097
1.5760525332007087,0.9999159,0.00038234534
1.5760770837605145,0.99981064,0.00038250978
1.577065636602721,1.0006015,0.00038223978
1.5772730500448815,1.0003378,0.0003822186
1.5774413734934565,1.0000081,0.00038229604
1.5774658849486296,0.9994891,0.00038238836
1.578454452220876,0.99925977,0.0003820934
1.5786618558850578,0.99998945,0.00038216574
1.5788302137852948,0.9993226,0.00038220576
1.578854686137197,0.9991391,0.00038244872
1.57984326737337,0.9997462,0.00038214243
1.5800506612586673,0.999903,0.00038219529
1.5802190536114717,0.9993358,0.00038222072
1.5802434877918814,0.9998822,0.0003825643
1.5812320829915278,0.9996225,0.0003820945
1.581439466631366,1.000103,0.00038222733
1.5816078939042195,0.9997661,0.00038228344
1.5816322889818153,0.99941766,0.00038243027
1.5826208986096857,0.99884266,0.00038207904
1.5828282720040647,0.9994522,0.00038214787
1.5829967337303965,1.0002116,0.00038241464
1.5830210901708384,0.9998499,0.0003824825
1.5840097137630877,0.9995751,0.000382103
1.5842170773776743,0.99961525,0.00038208708
1.5843855740231443,1.0000759,0.00038231906
1.5844098913589506,0.9990737,0.00038245853
1.5853985293807902,0.99922776,0.00038205818
1.5856058832169424,0.999911,0.00038219662
1.5857744138502308,0.999851,0.00038226185
1.5857986930127241,1.0000544,0.00038247465
1.586787344532376,0.9997081,0.00038214546
1.5869946885900967,0.9995632,0.00038213222
1.5871632541425247,0.99899644,0.00038218533
1.5871874942017472,0.99957776,0.00038245373
1.588176160149623,0.9996776,0.0003821844
1.5883834939637034,0.9996804,0.00038212052
1.5885520939687017,0.99937224,0.0003821906
1.5885762953907703,0.9995683,0.00038243274
1.589564975301664,0.9992596,0.0003820724
1.5897722993377683,0.9996068,0.00038214333
1.5899409342600843,1.0006675,0.0003824235
1.5899650965807042,0.99982965,0.00038248952
1.590953790919822,0.999828,0.00038215137
1.5911611047113752,0.9998036,0.00038222558
1.5913297740862613,0.9993991,0.00038226458
1.5913538982349331,0.9996735,0.00038249663
1.5923426060723158,0.99986064,0.0003822003
1.5925499100840739,0.9998189,0.00038215233
1.5927186143780996,1.0001577,0.00038233923
1.5927426994235008,0.99953645,0.0003824349
1.5937314212248097,1.0000292,0.00038217966
1.5939387159228895,0.9997362,0.0003820907
1.594107454205186,1.0003896,0.0003824322
1.5941315006120713,0.99928325,0.00038248647
1.5951202368438784,0.99958,0.00038211345
1.5953275212960407,0.9996628,0.0003821064
1.59549629449748,1.0002718,0.00038235006
1.5955203018006388,0.99955916,0.0003824089
1.5965090519959169,0.99989927,0.00038221208
1.5967163266696502,0.99951524,0.00038199988
1.5968851343241108,0.9998907,0.00038227043
1.5969091034557787,0.9995518,0.00038249537
1.597897867614075,0.99973077,0.000382134
1.5981051320432598,0.999954,0.00038210172
1.5982739746159491,1.0003147,0.00038238565
1.5982979046443462,0.99920475,0.00038242553
1.5992866827656607,0.99996275,0.00038219301
1.5994939374164112,1.0000299,0.0003821822
1.599662814442126,1.0001681,0.00038228626
1.5996867058333692,0.99985,0.0003825282
1.6006754979172464,0.99989086,0.00038222392
1.6008827427904735,1.0005133,0.00038223146
1.6010516542692126,1.0007126,0.00038246028
1.6010755070223923,0.99967396,0.00038253327
1.602064313534946,0.99971926,0.00038211807
1.602271548164083,0.999581,0.00038215175
1.6024404945615065,0.99968785,0.00038223108
1.6024643082114154,0.99956924,0.00038248618
1.6034531286874425,0.99976355,0.00038211502
1.6036603535367817,0.9998854,0.00038215914
1.6038293343881374,0.99969023,0.0003822851
1.6038531098660997,1.0000701,0.00038262253
1.604841943839939,1.000665,0.00038234572
1.6050491593755973,1.000089,0.00038221548
1.6052181742152238,0.99954134,0.0003822434
1.6052419110551228,0.99955916,0.00038255326
1.606230758992433,1.000007,0.0003822353
1.606437964749204,0.99978274,0.0003821067
1.6066070145079716,0.99981004,0.0003822593
1.6066307122432377,0.9999118,0.000382533
1.607619574611499,0.99990094,0.00038215742
1.607826770122358,1.0000213,0.00038215122
1.6079958543341486,0.99971354,0.00038227718
1.6080195134322608,1.0003988,0.00038263807
1.6090083897635403,0.99968505,0.00038212846
1.609215575495965,0.9996134,0.00038208032
1.6093846941603256,1.0000662,0.0003823203
1.6094083150869452,0.99951285,0.00038255556
1.610397204915126,0.99986136,0.0003821896
1.6106043808695745,0.998774,0.00038202605
1.6107735344521639,0.9998158,0.0003823224
1.610797116276421,1.0003655,0.00038260804
1.6117860200667118,0.9995275,0.00038214
1.6119931862422732,0.9996225,0.00038207296
1.6121623742792504,1.0003626,0.0003823918
1.6121859174649913,0.9997183,0.0003824612
1.6131748352187527,0.9996257,0.00038209485
1.6133819916154275,0.9996648,0.00038218856
1.6135512141063368,1.000339,0.00038236586
1.6135747186531035,1.0002805,0.0003825686
1.614563650836908,1.0006635,0.00038233073
1.6147707969894896,0.9999348,0.0003821351
1.6149400543981751,1.0003257,0.000382391
1.6149635198416712,0.99994224,0.0003824997
1.6159524659894018,0.9997401,0.00038214767
1.6161596023630964,1.0001127,0.00038220006
1.6163288942252616,0.9997129,0.0003822932
1.6163523210311497,0.9990859,0.00038241874
1.617341281142354,0.99930423,0.0003820824
1.6175484077362505,0.9995967,0.00038214592
1.617717734052348,1.0008578,0.00038235894
1.617741122685834,0.9997058,0.0003825167
1.618730096295303,0.9999778,0.00038220565
1.6189372131094046,1.0000968,0.0003821477
1.619106573878525,0.99947894,0.00038225352
1.619129923875768,0.9995582,0.00038251182
1.620118911447797,0.99995035,0.00038215506
1.6203260184830142,0.9993054,0.0003820336
1.6204954141703634,1.0005944,0.00038249805
1.6205187250638802,1.0000589,0.00038258868
1.621507726599838,1.0004045,0.00038231834
1.621714823856621,1.0002283,0.00038227974
1.6218842539960865,0.9994497,0.00038219654
1.6219075262519924,0.9999313,0.0003825687
1.6228965417514238,1.0005602,0.0003822686
1.6231036292293197,0.9997037,0.000382083
1.6232730938222635,1.0000572,0.0003822926
1.6232963274410155,0.9997871,0.00038259145
1.6242853569030096,0.9997386,0.00038214796
1.6244924350685879,0.99924225,0.00038200154
1.6246619336488943,0.9996753,0.00038229531
1.6246851290956998,0.9992252,0.00038245515
1.6256741720550507,0.99949694,0.00038211126
1.6258812404421974,1.0003613,0.0003822686
1.626050773941642,0.99988717,0.00038224214
1.626073930284723,1.0003365,0.00038265757
